total_aligned_bp,h37rv_coverage,cdc1551_coverage,num_blocks,mean_identity,median_identity,mean_block_size,max_block_size,min_block_size
4052530,91.86219209109217,92.02270656248176,144,99.72211091154314,99.7336995875962,28142.569444444445,100000,5000
