num_contigs,total_length,average_length,median_length,min_length,max_length,gc_content,n50,n75,l50,contig_names,contig_lengths,strain
1,4411532,4411532.0,4411532.0,4411532,4411532,0.6561466628826449,4411532,4411532,1,['NC_000962.3'],[4411532],H37Rv
1,4403837,4403837.0,4403837.0,4403837,4403837,0.6560956977956698,4403837,4403837,1,['NC_002755.2'],[4403837],CDC1551
