position,gc_content,gc_skew,at_skew
2500,60.14000000000001,0.03225806451612903,-0.03662819869543402
3500,60.78,0.07272128989799276,-0.02804691483936767
4500,61.08,0.10609037328094302,-0.012332990750256937
5500,61.78,0.089025574619618,0.03296703296703297
6500,62.36000000000001,0.05195638229634381,0.10095642933049948
7500,62.46000000000001,0.040666026256804357,0.12519978689397976
8500,63.36000000000001,0.03345959595959596,0.08078602620087336
9500,64.18,0.03022748519788096,0.05080960357342267
10500,64.48,0.018610421836228287,0.02252252252252252
11500,63.980000000000004,0.006564551422319475,0.017212659633536923
12500,63.72,-0.011299435028248588,0.002205071664829107
13500,63.3,-0.014218009478672985,0.0016348773841961854
14500,63.44,0.007566204287515763,-0.020787746170678335
15500,63.62,0.0292360892801006,-0.029136888400219902
16500,64.98,0.04155124653739612,-0.07481439177612793
17500,65.03999999999999,0.05842558425584256,-0.09382151029748284
18500,64.56,0.07187112763320942,-0.04288939051918736
19500,65.10000000000001,0.08018433179723503,-0.007449856733524355
20500,64.75999999999999,0.06856084002470661,0.0
21500,64.62,0.05230578768183225,0.018654607122668174
22500,65.75999999999999,0.041970802919708027,0.009345794392523364
23500,66.16,0.03204353083434099,-0.041371158392434985
24500,65.88000000000001,-0.0030358227079538553,-0.04689331770222743
25500,65.92,-0.00424757281553398,-0.04460093896713615
26500,66.84,0.022142429682824656,-0.05186972255729795
27500,65.82000000000001,0.019143117593436645,0.004095962551199532
28500,66.24,0.019927536231884056,0.031990521327014215
29500,65.86,0.011843303978135438,0.05799648506151142
30500,66.10000000000001,0.01059001512859304,0.0607669616519174
31500,64.7,0.014528593508500772,0.06288951841359773
32500,63.739999999999995,0.019767806714778787,0.0126861555432984
33500,62.480000000000004,0.023047375160051217,0.010660980810234541
34500,62.96000000000001,0.027318932655654382,-0.02267818574514039
35500,62.480000000000004,0.0012804097311139564,-0.01279317697228145
36500,62.8,-0.022929936305732482,0.001075268817204301
37500,64.22,-0.033322952351292436,0.041922861934041364
38500,66.0,-0.0503030303030303,0.08588235294117647
39500,65.98,-0.03910275841163989,0.09700176366843033
40500,66.72,-0.014388489208633094,0.0889423076923077
41500,67.46,-0.0026682478505781204,0.07928703134603565
42500,66.62,0.014710297208045632,0.06530856800479329
43500,65.08,0.03687768899815612,0.002290950744558992
44500,64.84,0.04256631708821715,-0.013651877133105802
45500,63.72,0.0514752040175769,-0.023153252480705624
46500,63.06,0.05550269584522677,-0.03410936654033568
47500,63.78,0.034807149576669805,-0.03147432357813363
48500,64.4,0.030434782608695653,-0.04157303370786517
49500,63.980000000000004,0.02031884964051266,-0.05719044975013881
50500,65.03999999999999,0.015990159901599015,-0.05263157894736842
51500,65.52,0.005494505494505495,-0.03480278422273782
52500,64.82,0.018821351434742364,-0.025582717453098352
53500,65.10000000000001,0.0064516129032258064,-0.010888252148997135
54500,65.14,0.01750076757752533,-0.039586919104991396
55500,65.16,0.017188459177409455,-0.05281285878300804
56500,64.68,0.029684601113172542,-0.039637599093997736
57500,64.52,0.026038437693738377,-0.02593010146561443
58500,64.14,0.04646086685375741,-0.027328499721137756
59500,64.2,0.05046728971962617,0.026815642458100558
60500,62.82,0.05125756128621458,0.055406132329209254
61500,62.18,0.039562560308780956,0.046007403490216814
62500,61.9,0.031987075928917606,0.03937007874015748
63500,62.019999999999996,0.015156401160915834,0.04265402843601896
64500,63.239999999999995,0.0031625553447185324,0.028291621327529923
65500,64.74,-0.009576768612913192,0.01871809415768576
66500,65.34,0.0021426385062748698,-0.02827466820542412
67500,65.22,0.0015332720024532351,-0.07303047728579644
68500,64.96,-0.007389162561576354,-0.06164383561643835
69500,64.56,-0.011771995043370507,-0.03502824858757062
70500,63.22,-0.015501423600126542,-0.06695699510070767
71500,62.7,-0.02456140350877193,-0.05636070853462158
72500,63.32,-0.017687934301958308,-0.06986899563318777
73500,63.739999999999995,-0.01725760903671164,-0.0623964660408614
74500,63.7,-0.011616954474097331,-0.09311294765840221
75500,64.64,0.019801980198019802,-0.07239819004524888
76500,65.25999999999999,0.04076003677597303,-0.06505469199769717
77500,65.22,0.04998466727997547,-0.04312823461759632
78500,65.0,0.04492307692307692,-0.03428571428571429
79500,63.800000000000004,0.05768025078369906,-0.04861878453038674
80500,63.3,0.06666666666666667,-0.05722070844686648
81500,63.75999999999999,0.060225846925972396,-0.04415011037527594
82500,63.92,0.05694618272841051,-0.050997782705099776
83500,64.03999999999999,0.08557151780137415,-0.07675194660734148
84500,65.0,0.08553846153846154,-0.03314285714285714
85500,64.84,0.04626773596545342,-0.010238907849829351
86500,64.8,0.030864197530864196,-0.011363636363636364
87500,65.36,0.033047735618115054,-0.004618937644341801
88500,66.46,0.0514595245260307,-0.0626118067978533
89500,67.82000000000001,0.044529637275140074,-0.12367930391547545
90500,69.08,0.05385060799073538,-0.1461836998706339
91500,69.46,0.06075439101641232,-0.2036673215455141
92500,69.78,0.058182860418458014,-0.23229649238914626
93500,69.32000000000001,0.025966532025389497,-0.2046936114732725
94500,68.24,-0.004689331770222743,-0.14105793450881612
95500,67.04,0.0065632458233890216,-0.11529126213592233
96500,66.46,0.01534757749021968,-0.07215265354800239
97500,65.88000000000001,0.008500303582270795,-0.04689331770222743
98500,65.48,0.0177153329260843,-0.028968713789107765
99500,65.60000000000001,0.04878048780487805,-0.047674418604651166
100500,66.44,0.03371462974111981,-0.05601907032181168
101500,66.75999999999999,0.037747153984421807,-0.06257521058965103
102500,67.36,0.07125890736342043,-0.09558823529411764
103500,66.46,0.054468853445681614,-0.07096004770423375
104500,65.46,0.022303696914146045,-0.03647944412275622
105500,64.1,0.007176287051482059,-0.015041782729805013
106500,62.839999999999996,-0.011457670273711012,-0.002152852529601722
107500,61.88,-0.0394311570782159,0.025183630640083946
108500,62.28,-0.016698779704560053,0.019088016967126194
109500,62.480000000000004,0.009603072983354673,-0.005330490405117271
110500,63.339999999999996,0.031259867382380804,-0.031096563011456628
111500,64.28,0.04169259489732421,-0.051511758118701005
112500,64.75999999999999,0.03953057442865967,-0.0510783200908059
113500,65.32,0.06858542559706063,-0.09342560553633218
114500,65.8,0.07051671732522796,-0.09707602339181287
115500,65.98,0.07972112761442861,-0.10640799529688419
116500,65.96,0.07883565797453002,-0.13748531139835488
117500,65.02,0.0704398646570286,-0.14122355631789593
118500,65.02,0.02060904337127038,-0.08404802744425385
119500,65.32,0.00612369871402327,-0.07151095732410612
120500,64.92,-0.017868145409735057,-0.07069555302166476
121500,64.2,-0.024299065420560748,-0.053631284916201116
122500,65.08,-0.012292562999385371,-0.043528064146620846
123500,64.82,0.0009256402344955261,-0.06651506537805571
124500,65.0,0.0043076923076923075,-0.06971428571428571
125500,66.5,0.012330827067669173,-0.0591044776119403
126500,67.66,0.006798699379249187,-0.012987012987012988
127500,68.4,-0.011111111111111112,-0.010126582278481013
128500,68.42,-0.020169541069862615,0.013299556681443952
129500,67.97999999999999,0.0014710208884966167,0.01561524047470331
130500,68.56,0.049591598599766626,0.005089058524173028
131500,67.9,0.07098674521354933,-0.04548286604361371
132500,67.32000000000001,0.0915032679738562,-0.09179926560587515
133500,67.14,0.1051534107834376,-0.10894704808277542
134500,65.36,0.09975520195838433,-0.12124711316397228
135500,61.72,0.057031756318859365,-0.09090909090909091
136500,61.519999999999996,0.055916775032509754,-0.07276507276507277
137500,60.31999999999999,0.04774535809018567,-0.04133064516129032
138500,60.58,0.05315285572796302,-0.037037037037037035
139500,61.919999999999995,0.05167958656330749,-0.04096638655462185
140500,63.78,0.04985888993414864,-0.07233572611816676
141500,64.52,0.03967761934283943,-0.048478015783540024
142500,66.24,0.01932367149758454,-0.030805687203791468
143500,66.56,0.01201923076923077,-0.025119617224880382
144500,66.74,-0.0068924183398261915,-0.01503307276007216
145500,66.82000000000001,-0.009278659084106555,-0.015069318866787222
146500,66.25999999999999,-0.008753395713854513,-0.012448132780082987
147500,66.16,0.02599758162031439,-0.027186761229314422
148500,68.82000000000001,0.07468759081662307,-0.03465982028241335
149500,69.69999999999999,0.09612625538020086,-0.036988110964332896
150500,69.66,0.09273614699971289,-0.01978891820580475
151500,69.17999999999999,0.07025151777970512,-0.025974025974025976
152500,68.2,0.04868035190615836,-0.004405286343612335
153500,65.44,0.012224938875305624,-0.017361111111111112
154500,64.25999999999999,0.015250544662309368,-0.045327364297705654
155500,63.980000000000004,0.017192872772741483,-0.03164908384230983
156500,64.62,0.0337356855462705,-0.03335217637083098
157500,64.82,0.042270904041962355,-0.05059693007390563
158500,65.16,0.030693677102516883,-0.045924225028702644
159500,65.88000000000001,0.024286581663630843,-0.023446658851113716
160500,66.5,0.04721804511278196,-0.05313432835820896
161500,66.25999999999999,0.041352248717174765,-0.04564315352697095
162500,66.62,0.038126688682077456,-0.037747153984421807
163500,65.62,0.04114599207558671,-0.04130308318789994
164500,65.7,0.04048706240487063,-0.037900874635568516
165500,64.64,0.023514851485148515,-0.020361990950226245
166500,66.14,0.03658905352283036,-0.05493207324276432
167500,66.38,0.02681530581500452,-0.019631171921475312
168500,66.94,0.00985957573946818,0.011494252873563218
169500,66.24,0.006642512077294686,0.001184834123222749
170500,67.16,-0.001786777843954735,0.02679658952496955
171500,65.56,0.0,0.06852497096399536
172500,64.82,0.007713668620796051,0.03240477544059125
173500,64.3,0.030793157076205287,0.017366946778711485
174500,64.48,0.04404466501240695,0.016891891891891893
175500,63.92,0.06821026282853566,0.017738359201773836
176500,63.42,0.0848312835067802,-0.004920721705850191
177500,63.62,0.1009116629990569,-0.012644310060472787
178500,63.3,0.10458135860979463,-0.020163487738419618
179500,63.839999999999996,0.08583959899749373,-0.015486725663716814
180500,64.86,0.07431390687634906,-0.05748434832100171
181500,65.38000000000001,0.05414499847048027,-0.06643558636626228
182500,65.62,0.046632124352331605,-0.051222351571594875
183500,66.16,0.03506650544135429,-0.0833826138379657
184500,65.34,0.03581267217630854,-0.050808314087759814
185500,64.34,0.03885607709045695,-0.007856341189674524
186500,64.14,0.042719052073589024,0.002232142857142857
187500,63.260000000000005,0.055327220992728424,0.001633097441480675
188500,63.800000000000004,0.052664576802507836,0.026519337016574586
189500,64.52,0.0638561686298822,-0.013528748590755355
190500,65.3,0.051761102603369066,-0.012103746397694525
191500,65.53999999999999,0.03936527311565456,-0.009866511897852582
192500,66.03999999999999,0.01756511205330103,-0.008244994110718492
193500,65.32,0.018983466013472138,0.0034602076124567475
194500,64.1,0.024024960998439936,0.03732590529247911
195500,63.519999999999996,0.028967254408060455,-0.027412280701754384
196500,63.239999999999995,0.03984819734345351,-0.06637649619151251
197500,63.019999999999996,0.03332275468105363,-0.061114115738236885
198500,62.239999999999995,0.032776349614395885,-0.05402542372881356
199500,62.44,0.0064061499039077515,-0.04898828541001065
200500,63.04,-0.007614213197969543,-0.012987012987012988
201500,62.88,-0.02544529262086514,0.03556034482758621
202500,63.2,-0.02341772151898734,0.030434782608695653
203500,63.519999999999996,-0.03400503778337532,0.019736842105263157
204500,63.839999999999996,-0.02568922305764411,0.012168141592920354
205500,63.339999999999996,0.0034733185980423114,-0.013638843426077468
206500,63.519999999999996,0.017632241813602016,-0.003289473684210526
207500,63.44,0.02080706179066835,0.02188183807439825
208500,63.800000000000004,0.03197492163009404,0.004419889502762431
209500,63.800000000000004,0.030094043887147336,0.009944751381215469
210500,63.519999999999996,0.01700251889168766,0.03070175438596491
211500,64.18,0.015892801495793082,0.02512562814070352
212500,64.53999999999999,0.023241400681747754,-0.011844331641285956
213500,65.74,0.010039549741405538,0.018096906012842966
214500,66.28,0.022933011466505733,0.0035587188612099642
215500,66.74,0.03146538807311957,0.007817197835237523
216500,66.58,0.030339441273655753,-0.006582884500299222
217500,65.98,0.04213397999393756,-0.026455026455026454
218500,65.22,0.05427782888684453,-0.029327199539965498
219500,65.02,0.03968009843125192,-0.02801600914808462
220500,65.46,0.02780323861900397,-0.04111175448755067
221500,65.92,0.03155339805825243,-0.07042253521126761
222500,66.12,0.003629764065335753,-0.025974025974025976
223500,65.58,0.007014333638304361,-0.04125508425334108
224500,64.36,0.02175264139216905,-0.05723905723905724
225500,64.05999999999999,0.02965969403684046,-0.06844741235392321
226500,64.38000000000001,0.017707362534948742,-0.06344750140370578
227500,64.60000000000001,0.04148606811145511,-0.11073446327683616
228500,64.8,0.037037037037037035,-0.09886363636363636
229500,65.72,0.02799756542909312,-0.08634772462077013
230500,65.60000000000001,0.026829268292682926,-0.04883720930232558
231500,65.12,0.029484029484029485,-0.034403669724770644
232500,65.22,0.010732904017172647,0.006904487917146145
233500,65.06,0.010144482016600061,-0.013745704467353952
234500,65.36,0.009791921664626682,-0.020219526285384173
235500,65.32,0.015309246785058175,-0.04327755337564916
236500,65.42,0.01498012840110058,-0.04513888888888889
237500,65.4,0.009174311926605505,-0.015028901734104046
238500,65.94,0.00818926296633303,0.02524955960070464
239500,66.2,0.00906344410876133,0.0378698224852071
240500,66.52,-0.004209260372820205,0.08363201911589008
241500,66.36,-0.0006027727546714888,0.07728894173602854
242500,66.82000000000001,0.03262496258605208,-0.02471368294153104
243500,66.67999999999999,0.03059388122375525,-0.03303303303303303
244500,66.16,0.02418379685610641,-0.02069781194559432
245500,65.36,0.022643818849449205,-0.05257076834199884
246500,65.03999999999999,0.01968019680196802,-0.034917000572409845
247500,65.28,0.0012254901960784314,0.004034582132564841
248500,66.14,0.019050498941638946,-0.032486709982279975
249500,66.64,0.03721488595438175,-0.0539568345323741
250500,66.52,0.04149128081779916,-0.02986857825567503
251500,66.67999999999999,0.04859028194361128,-0.014405762304921969
252500,65.75999999999999,0.03953771289537713,0.008177570093457943
253500,64.34,0.030152315822194593,0.038698822209758836
254500,63.82,0.01598245064243184,0.04588170259812051
255500,63.72,0.006277463904582548,0.03528114663726571
256500,63.6,-0.016981132075471698,-0.001098901098901099
257500,63.94,-0.004066312167657179,-0.018302828618968387
258500,64.86,-0.0027752081406105457,-0.026750142287990893
259500,65.14,0.011360147374884864,-0.08204245553643144
260500,66.32000000000001,0.021712907117008445,-0.11163895486935867
261500,66.42,0.0358325805480277,-0.1125670041691483
262500,65.88000000000001,0.02671523982999393,-0.09613130128956623
263500,65.12,0.033169533169533166,-0.10091743119266056
264500,64.82,0.028077753779697623,-0.05969300739056282
265500,64.1,0.015288611544461778,-0.04289693593314763
266500,64.44,0.01675977653631285,-0.01124859392575928
267500,64.92,0.038817005545286505,-0.039908779931584946
268500,66.34,0.012963521254145313,0.0005941770647653001
269500,67.62,-0.010943507837917775,0.056207535515750466
270500,67.42,0.014535746069415604,0.019030079803560467
271500,67.80000000000001,0.021238938053097345,-0.03975155279503106
272500,67.72,0.01004134672179563,-0.040892193308550186
273500,66.74,0.0332634102487264,-0.0968129885748647
274500,65.25999999999999,0.0364695065890285,-0.12377662636729994
275500,65.25999999999999,0.010113392583512106,-0.08578008059873345
276500,64.78,-0.00216116085211485,-0.043725156161272004
277500,64.46,-0.02016754576481539,-0.007315700619020821
278500,65.2,-0.02883435582822086,0.0
279500,65.25999999999999,-0.0009193993257738277,-0.010938399539435808
280500,65.2,-0.00245398773006135,0.0367816091954023
281500,66.08000000000001,-0.0036319612590799033,0.054245283018867926
282500,67.72,0.02008269344359126,0.04460966542750929
283500,68.62,0.02185951617604197,0.0758444869343531
284500,70.16,-0.009122006841505131,0.13270777479892762
285500,71.28,0.007295173961840628,0.06963788300835655
286500,69.94,0.02201887331998856,0.05123087159015303
287500,68.32000000000001,0.014637002341920375,0.04419191919191919
288500,67.08,0.023255813953488372,0.012150668286755772
289500,66.67999999999999,0.03719256148770246,-0.04921968787515006
290500,65.96,0.030321406913280776,-0.0199764982373678
291500,66.16,0.032648125755743655,-0.02364066193853428
292500,66.14,0.025703054127608104,-0.025398700531600708
293500,65.2,0.009202453987730062,-0.017241379310344827
294500,63.54,0.02675480012590494,-0.0038398244651673065
295500,62.68,0.03063178047223995,-0.07395498392282958
296500,61.36000000000001,0.01694915254237288,-0.10766045548654245
297500,61.31999999999999,0.018917155903457272,-0.11995863495346432
298500,61.419999999999995,0.004233148811462064,-0.1321928460342146
299500,61.019999999999996,0.0029498525073746312,-0.12057465366854797
300500,61.5,0.000975609756097561,-0.08987012987012986
301500,63.480000000000004,0.017013232514177693,-0.060240963855421686
302500,63.44,0.02711223203026482,-0.045951859956236324
303500,63.660000000000004,0.04932453660069117,-0.029168959823885527
304500,65.8,0.03221884498480243,-0.017543859649122806
305500,66.9,0.013452914798206279,0.017522658610271902
306500,66.53999999999999,0.02374511571986775,0.02092050209205021
307500,67.16,0.0273972602739726,0.0048721071863581
308500,67.2,0.029166666666666667,0.0024390243902439024
309500,66.46,0.033403551008125185,-0.005366726296958855
310500,65.68,0.04689403166869671,-0.009324009324009324
311500,64.98,0.019390581717451522,0.03597944031981725
312500,64.72,0.001854140914709518,0.06462585034013606
313500,65.62,-0.003962206644315757,0.06108202443280977
314500,65.66,0.0003045994517209869,0.041351193942923706
315500,66.62,-0.005103572500750525,0.02456560814859197
316500,67.32000000000001,0.012477718360071301,-0.042839657282741736
317500,67.82000000000001,0.016219404305514596,-0.06028589185829708
318500,67.84,0.01179245283018868,-0.03855721393034826
319500,68.22,-0.00732922896511287,-0.05852737570799245
320500,67.10000000000001,0.009239940387481372,-0.10151975683890578
321500,66.7,-0.0074962518740629685,-0.08108108108108109
322500,66.52,-0.021046301864101023,-0.04420549581839905
323500,65.75999999999999,-0.015815085158150853,-0.05023364485981308
324500,65.06,0.002151859821703043,-0.028048082427017746
325500,65.84,-0.009720534629404616,0.01053864168618267
326500,66.10000000000001,-0.0033282904689863843,0.012389380530973451
327500,65.12,0.014127764127764128,-0.01261467889908257
328500,64.75999999999999,0.01605929586164299,-0.028376844494892167
329500,65.24,0.023298589822194973,-0.03222094361334868
330500,64.8,0.03827160493827161,-0.03295454545454545
331500,65.25999999999999,0.03279190928593319,-0.03857225100748417
332500,68.10000000000001,-0.0038179148311306903,-0.04326018808777429
333500,71.78,-0.0470883254388409,-0.03047484053862509
334500,72.36,-0.06799336650082918,-0.03473227206946455
335500,74.76,-0.09737827715355805,-0.04120443740095087
336500,76.98,-0.12392829306313329,-0.02519548218940052
337500,75.1,-0.09720372836218376,-0.016867469879518072
338500,72.46000000000001,-0.05437482749102953,-0.03413217138707335
339500,72.11999999999999,-0.036605657237936774,-0.03443328550932568
340500,69.34,-0.007210845111047015,-0.03979125896934116
341500,66.06,0.023917650620647896,-0.01473187978786093
342500,66.3,0.026847662141779787,-0.02314540059347181
343500,65.98,0.028190360715368293,-0.029982363315696647
344500,66.16,0.020556227327690448,-0.027186761229314422
345500,65.92,0.014563106796116505,0.007042253521126761
346500,66.64,0.009603841536614645,-0.02158273381294964
347500,66.47999999999999,0.01022864019253911,-0.01909307875894988
348500,66.10000000000001,0.012405446293494705,-0.038348082595870206
349500,66.14,0.03779860901118839,-0.03603071470761961
350500,66.75999999999999,0.04973037747153984,-0.06016847172081829
351500,66.64,0.0702280912364946,-0.09472422062350119
352500,67.12,0.08104886769964244,-0.1435523114355231
353500,68.24,0.06799531066822978,-0.10327455919395466
354500,68.17999999999999,0.036080962158990905,-0.10370835952231301
355500,67.56,0.03078744819419775,-0.06847624922887106
356500,67.38,0.029385574354407838,-0.04049079754601227
357500,66.66,0.0159015901590159,0.0024009603841536613
358500,65.32,0.03490508266993264,-0.009809578765147143
359500,65.82000000000001,0.059252506836827715,-0.00585480093676815
360500,68.82000000000001,0.0868933449578611,-0.021167415009621552
361500,68.94,0.08093994778067885,-0.004507405022537025
362500,68.56,0.0822637106184364,0.022900763358778626
363500,69.26,0.05919722783713543,0.01756668835393624
364500,67.9,0.05036818851251841,-0.0006230529595015577
365500,64.53999999999999,0.03191819026960025,-0.007332205301748449
366500,63.85999999999999,0.04415909802693392,-0.045932484781405644
367500,62.92,0.06547997457088366,-0.08198489751887811
368500,61.44,0.09440104166666667,-0.07987551867219916
369500,60.78,0.1148404080289569,-0.0790413054563998
370500,60.74,0.10372077708264735,-0.09322465613856343
371500,59.88,0.09953239812959253,-0.08773678963110668
372500,60.34,0.09048723897911833,-0.08724155320221887
373500,61.53999999999999,0.05622359441013974,-0.06708268330733229
374500,62.739999999999995,0.02964615875039847,-0.05421363392377885
375500,62.6,0.02875399361022364,-0.07165775401069518
376500,63.56,0.024543738200125866,-0.06147091108671789
377500,63.85999999999999,0.005324146570623238,-0.04703929164360819
378500,63.46000000000001,0.0173337535455405,-0.060755336617405585
379500,63.04,0.02601522842639594,-0.07683982683982683
380500,64.48,0.008064516129032258,-0.03490990990990991
381500,65.3,0.006431852986217458,-0.02132564841498559
382500,65.98,0.012428008487420431,-0.029982363315696647
383500,66.5,0.004511278195488722,-0.02447761194029851
384500,66.64,-0.02100840336134454,0.014388489208633094
385500,65.82000000000001,-0.00881191127316925,0.00994733762434172
386500,65.22,-0.02177246243483594,-0.0017251293847038527
387500,64.53999999999999,-0.028819336845367215,-0.003948110547095319
388500,64.60000000000001,-0.006191950464396285,-0.010169491525423728
389500,64.56,0.024783147459727387,-0.023702031602708805
390500,64.86,0.0440949737897009,-0.040409789413773475
391500,64.22,0.07131734662099035,-0.03521520402459474
392500,64.32,0.07960199004975124,-0.017937219730941704
393500,64.5,0.07348837209302325,-0.003943661971830986
394500,64.2,0.06230529595015576,-0.013407821229050279
395500,64.92,0.033271719038817,0.0034207525655644243
396500,65.60000000000001,0.012195121951219513,0.02558139534883721
397500,65.56,0.025015253203172667,0.008130081300813009
398500,65.66,0.050868108437404816,-0.027373325567850902
399500,66.34,0.03225806451612903,-0.0243612596553773
400500,65.46,0.04796822487014971,-0.039953676896352056
401500,66.47999999999999,0.06377858002406739,-0.10501193317422435
402500,66.4,0.04036144578313253,-0.1
403500,64.94,0.013858946720049276,-0.04620650313747861
404500,64.98,0.032317636195752536,-0.047401484865790974
405500,65.8,0.031610942249240125,-0.050292397660818715
406500,65.5,0.022900763358778626,-0.007536231884057971
407500,66.08000000000001,0.04297820823244552,-0.018867924528301886
408500,68.06,0.0526006464883926,-0.05764411027568922
409500,67.42,0.05784633639869475,-0.05036855036855037
410500,66.44,0.05177603853100542,-0.026833631484794274
411500,66.36,0.047619047619047616,-0.03152885187388459
412500,66.42,0.04667268894911172,-0.01907032181168057
413500,65.25999999999999,0.04872816426601287,-0.017846862406447898
414500,64.86,0.041628122109158186,0.01195219123505976
415500,64.86,0.04964539007092199,-0.008537279453614115
416500,63.580000000000005,0.03302925448254168,0.03459637561779242
417500,62.8,0.0070063694267515925,0.05806451612903226
418500,62.419999999999995,-0.008651073373918615,0.08519701810436635
419500,62.82,0.0073225087551735115,0.10333692142088267
420500,63.3,0.01990521327014218,0.1395856052344602
421500,64.4,0.043478260869565216,0.11410905002810567
422500,64.68,0.09090909090909091,0.10821529745042494
423500,64.5,0.10635658914728682,0.04
424500,64.66,0.1265078874110733,-0.04357668364459536
425500,63.959999999999994,0.13070669168230145,-0.097669256381798
426500,62.739999999999995,0.14950589735416003,-0.1282877079978529
427500,61.94,0.13593800452050372,-0.14345769837099318
428500,61.82,0.14526043351666126,-0.11891042430591933
429500,60.940000000000005,0.1309484739087627,-0.11623143881208398
430500,60.06,0.12753912753912755,-0.11767651477215824
431500,59.84,0.11296791443850267,-0.10557768924302789
432500,61.419999999999995,0.06935851514164768,-0.09175738724727839
433500,62.56,0.028132992327365727,-0.06303418803418803
434500,63.260000000000005,0.006006955422067657,-0.045182362547632006
435500,65.84,-0.001215066828675577,-0.04800936768149883
436500,67.4,-0.009495548961424332,-0.04171779141104295
437500,66.5,-0.008721804511278195,-0.02208955223880597
438500,66.25999999999999,-0.006338665861756716,-0.029045643153526972
439500,66.42,-0.0057211683227943394,-0.0631704410011919
440500,64.60000000000001,-0.0086687306501548,-0.059355568117580554
441500,64.68,-0.02350030921459493,-0.06062322946175638
442500,65.68,0.0018270401948842874,-0.10087463556851312
443500,66.36,0.006630500301386378,-0.08387864366448543
444500,67.12,0.006555423122765197,-0.037712895377128956
445500,67.58,-0.0056229653743711154,-0.01418877236273905
446500,67.80000000000001,-0.007669616519174041,0.008695652173913044
447500,67.75999999999999,-0.02715466351829988,0.031017369727047148
448500,67.04,-0.03400954653937947,-0.006067961165048544
449500,66.44,-0.03672486453943408,-0.027413587604290822
450500,67.56,-0.03907637655417407,-0.01972872996300863
451500,67.38,-0.03769664588898783,-0.015328019619865114
452500,67.58,-0.046463450725066587,-0.0351634793337446
453500,67.96,-0.020600353148911125,-0.03495630461922597
454500,68.24,-0.017584994138335287,-0.007556675062972292
455500,68.08,-0.01762632197414806,0.018796992481203006
456500,68.64,-0.006993006993006993,0.0012755102040816326
457500,68.0,-0.0017647058823529412,0.02
458500,68.17999999999999,-0.03725432678204752,0.0012578616352201257
459500,68.46,-0.03067484662576687,-0.03807106598984772
460500,68.02,-0.028521023228462217,-0.08635794743429287
461500,67.34,-0.02168102168102168,-0.09191176470588236
462500,67.30000000000001,0.013967310549777118,-0.13953488372093023
463500,67.30000000000001,0.045468053491827636,-0.11926605504587157
464500,67.28,0.04934601664684899,-0.08312958435207823
465500,68.02,0.0567480152896207,-0.058161350844277676
466500,67.56,0.06808762581409118,-0.0468557336621455
467500,67.7,0.06115214180206795,-0.022910216718266253
468500,67.2,0.07083333333333333,-0.03414634146341464
469500,66.32000000000001,0.0548854041013269,-0.057007125890736345
470500,65.38000000000001,0.04741511165494035,-0.0803004043905257
471500,66.62,0.04293005103572501,-0.09526662672258837
472500,66.78,0.03324348607367475,-0.09211318482841661
473500,66.18,0.028105167724388033,-0.08367952522255193
474500,66.58,0.02493241213577651,-0.06426426426426426
475500,66.97999999999999,0.036727381307853094,-0.04072948328267477
476500,65.56,0.03172666259914582,-0.029137529137529136
477500,66.24,0.025966183574879228,-0.02497027348394768
478500,66.58,0.022529288074496844,-0.011370436864153202
479500,65.10000000000001,0.07096774193548387,-0.05329512893982808
480500,64.03999999999999,0.07932542161149282,-0.04004449388209121
481500,63.519999999999996,0.08060453400503778,-0.04276315789473684
482500,62.239999999999995,0.07904884318766067,-0.048728813559322036
483500,60.46,0.06781343036718492,-0.035912999494183105
484500,59.5,0.0373109243697479,0.0044444444444444444
485500,57.18,0.040923399790136414,-0.017281644091546006
486500,56.98,0.0852930852930853,-0.040446304044630406
487500,57.36,0.12831241283124128,-0.07786116322701689
488500,58.14,0.1283109735122119,-0.10750119445771619
489500,59.62,0.11841663871184166,-0.10351659237246162
490500,62.62,0.09932928776748642,-0.09042268592830391
491500,63.36000000000001,0.05808080808080808,-0.05349344978165939
492500,62.78,0.0136986301369863,-0.0016120365394948952
493500,63.959999999999994,0.014383989993746092,0.008879023307436182
494500,64.68,0.026592455163883734,-0.01698754246885617
495500,64.74,0.027494593759654,-0.03119682359614294
496500,65.14,0.023641387780165796,-0.05220883534136546
497500,65.94,0.038519866545344256,-0.05695830886670581
498500,66.02,0.0463495910330203,-0.05709240729841083
499500,66.8,0.0407185628742515,-0.043373493975903614
500500,67.7,0.04874446085672083,-0.04767801857585139
501500,67.60000000000001,0.059763313609467454,-0.04814814814814815
502500,67.16,0.06908874329958309,-0.06211936662606577
503500,66.8,0.06826347305389222,-0.03855421686746988
504500,66.08000000000001,0.05508474576271186,-0.049528301886792456
505500,65.06,0.04703350753150937,-0.03033772180881511
506500,65.03999999999999,0.026445264452644526,0.004576659038901602
507500,65.52,0.010378510378510378,0.03596287703016241
508500,65.48,0.002443494196701283,0.008111239860950173
509500,65.75999999999999,0.010948905109489052,-0.014018691588785047
510500,66.18,0.013599274705349048,-0.03725606150206978
511500,66.92,0.010759115361625823,-0.06408706166868199
512500,67.12,0.0,-0.07420924574209246
513500,68.17999999999999,-0.006160164271047228,-0.04336895034569453
514500,68.46,-0.007303534910896874,-0.029803424223208624
515500,68.0,-0.03235294117647059,-0.0175
516500,67.58,-0.021012133767386802,-0.0006169031462060457
517500,67.54,0.00207284572105419,0.0030807147258163892
518500,66.75999999999999,0.014979029358897543,-0.013237063778580024
519500,66.34,0.0009044317154054868,0.013666072489601902
520500,66.14,0.025703054127608104,0.006497341996455995
521500,66.16,0.02962515114873035,-0.01773049645390071
522500,66.25999999999999,0.017204950196196802,-0.006520450503852994
523500,67.06,0.008052490307187594,0.0018214936247723133
524500,67.08,0.011926058437686345,0.007290400972053463
525500,68.12,0.011743981209630064,0.02132998745294856
526500,68.30000000000001,0.005563689604685213,0.02965299684542587
527500,67.62,0.028689736764270925,0.008029647930821495
528500,66.56,0.038461538461538464,0.02751196172248804
529500,66.94,0.06543172990737975,0.034482758620689655
530500,66.53999999999999,0.06762849413886383,0.012552301255230125
531500,65.72,0.054169202678027994,0.005834305717619603
532500,66.14,0.03537949803447233,0.006497341996455995
533500,66.38,0.025007532389273876,-0.029149315883402735
534500,65.84,-0.007290400972053463,-0.00936768149882904
535500,65.66,-0.017362168748096252,0.008736167734420501
536500,65.92,0.012742718446601941,0.02699530516431925
537500,65.84,0.013365735115431349,0.0468384074941452
538500,64.78,0.02686014201914171,0.06871095968199886
539500,63.4,0.04100946372239748,0.023510114816839803
540500,61.82,0.03914590747330961,0.019916142557651992
541500,60.68,0.025708635464733027,0.002544529262086514
542500,60.660000000000004,0.03198153643257501,-0.027466937945066123
543500,61.96,0.004519044544867657,-0.042609153077327724
544500,62.82,0.013689907672715695,-0.046799354491662185
545500,63.75999999999999,0.023212045169385194,-0.06070640176600441
546500,64.42,0.020180068301769636,-0.054525014052838675
547500,63.660000000000004,0.012252591894439209,-0.053384700055035775
548500,63.42,0.026805424156417533,-0.06287588846364134
549500,64.2,0.01557632398753894,-0.04692737430167598
550500,64.74,0.0182267531665122,-0.03119682359614294
551500,65.18,0.033445842282908866,-0.06375646180356118
552500,64.56,0.03407682775712516,-0.024830699774266364
553500,64.46,0.0499534595097735,-0.038829487900956666
554500,64.14,0.06641721234798878,-0.0384829894032348
555500,63.9,0.07104851330203443,-0.0481994459833795
556500,63.080000000000005,0.06911857958148383,-0.02275189599133261
557500,64.48,0.05831265508684864,-0.021396396396396396
558500,64.4,0.0453416149068323,0.0
559500,62.339999999999996,0.04972730189284569,-0.0015932023366967605
560500,61.6,0.04155844155844156,-0.0020833333333333333
561500,62.3,0.024719101123595506,0.027055702917771884
562500,61.660000000000004,0.02367823548491729,-0.0041753653444676405
563500,61.9,0.04361873990306947,-0.018907563025210083
564500,63.5,0.03496062992125984,-0.009868421052631578
565500,63.839999999999996,0.040100250626566414,0.036011080332409975
566500,64.28,0.04604853764779091,-0.0061693774537296695
567500,64.24,0.0722291407222914,-0.022396416573348264
568500,64.56,0.057001239157372985,-0.012429378531073447
569500,65.56,0.043319097010372176,-0.02441860465116279
570500,66.46,0.04664459825458923,-0.08050089445438283
571500,66.28,0.049487024743512374,-0.07236061684460261
572500,66.75999999999999,0.023367285799880167,-0.032490974729241874
573500,66.67999999999999,0.00599880023995201,-0.04081632653061224
574500,67.12,0.01966626936829559,-0.06569343065693431
575500,67.58,0.01982835158330867,-0.06971005552128316
576500,67.38,0.034728406055209264,-0.04598405885959534
577500,66.46,0.058080048149262715,-0.10196779964221825
578500,65.94,0.08340915984228087,-0.11215502055196712
579500,65.03999999999999,0.08179581795817958,-0.07551487414187644
580500,64.32,0.0945273631840796,-0.05493273542600897
581500,65.78,0.06415323806628155,-0.04850964348334307
582500,67.66,0.040496600650310376,0.024752475247524754
583500,68.64,0.023892773892773892,0.052967453733248245
584500,69.12,0.015046296296296295,0.025275437459494492
585500,69.28,-0.010392609699769052,0.012377850162866449
586500,68.30000000000001,0.009663250366032211,0.01893939393939394
587500,67.72,0.024217365623154165,-0.0161090458488228
588500,67.5,0.03585185185185185,-0.02646153846153846
589500,67.5,0.05659259259259259,-0.04
590500,66.88,0.0729665071770335,-0.033816425120772944
591500,66.2,0.07190332326283988,-0.05562130177514793
592500,65.25999999999999,0.0695678823168863,-0.06505469199769717
593500,63.980000000000004,0.05658018130665833,-0.07717934480843976
594500,63.38,0.037551278005680026,-0.07591480065537957
595500,63.88,0.033813400125234816,-0.07862679955703211
596500,63.3,0.023696682464454975,-0.08119891008174387
597500,62.580000000000005,0.016299137104506232,-0.07642971672902191
598500,61.0,0.036721311475409836,-0.05435897435897436
599500,60.480000000000004,0.05555555555555555,-0.06882591093117409
600500,60.9,0.06272577996715928,-0.0792838874680307
601500,62.03999999999999,0.0735009671179884,-0.07586933614330875
602500,64.25999999999999,0.07687519452225335,-0.0710688304420817
603500,67.22,0.06515917881582863,-0.0677242220866382
604500,68.26,0.06182244359800762,-0.037177063642092
605500,68.04,0.06349206349206349,-0.052565707133917394
606500,68.44,0.07890122735242548,-0.07984790874524715
607500,67.0,0.05552238805970149,-0.05818181818181818
608500,66.22,0.06191482935668982,-0.11190053285968028
609500,65.62,0.06065224017067967,-0.12041884816753927
610500,65.03999999999999,0.041820418204182044,-0.07665903890160183
611500,64.60000000000001,0.010526315789473684,-0.04745762711864407
612500,64.5,0.04062015503875969,-0.09295774647887324
613500,64.4,0.03291925465838509,-0.08651685393258426
614500,65.22,0.005826433609322294,-0.056929269695227144
615500,66.3,0.005128205128205128,-0.07957244655581948
616500,66.62,0.019513659561693184,-0.11630695443645084
617500,67.94,0.026788342655284073,-0.14232209737827714
618500,69.16,0.00578368999421631,-0.09409474367293964
619500,69.34,0.028554946639746177,-0.15796344647519583
620500,69.16,0.031810294968189705,-0.14211550940947437
621500,69.14,0.024009256580850447,-0.12062256809338522
622500,70.08,0.06164383561643835,-0.09832775919732442
623500,71.5,0.13342657342657344,-0.15730337078651685
624500,70.86,0.12221281399943551,-0.12087912087912088
625500,70.86,0.09060118543607112,-0.0720658888126287
626500,71.16,0.08431703204047218,-0.08599167822468794
627500,70.1,0.04251069900142653,-0.056856187290969896
628500,68.06,-0.01968851013811343,0.036944270507201005
629500,68.17999999999999,-0.0032267527134056907,0.049654305468258955
630500,68.86,0.0020331106593087424,0.01991008349389852
631500,69.26,0.010684377707190298,0.039687703318152245
632500,68.84,-0.0005810575246949448,0.057766367137355584
633500,69.34,-0.02047880011537352,0.0684931506849315
634500,69.86,-0.04093902089894074,0.09223623092236231
635500,68.84,-0.0168506682161534,0.09370988446726572
636500,67.56,-0.036708111308466546,0.12700369913686807
637500,67.46,-0.03646605395790098,0.11985248924400738
638500,66.5,-0.011127819548872181,0.04835820895522388
639500,65.96,-0.008489993935718617,0.02937720329024677
640500,65.53999999999999,-0.0320415013732072,0.019152640742890307
641500,65.48,-0.018937080024434942,-0.012746234067207415
642500,65.48,-0.021991447770311544,-0.03244495944380069
643500,65.92,-0.021237864077669904,-0.02464788732394366
644500,66.72,-0.006594724220623501,-0.04447115384615385
645500,66.97999999999999,0.0074649148999701405,-0.06238643246517262
646500,68.32000000000001,0.0,-0.06691919191919192
647500,67.5,0.005629629629629629,-0.056
648500,67.32000000000001,0.008912655971479501,-0.06119951040391677
649500,66.66,0.010501050105010502,-0.041391721655668866
650500,66.32000000000001,0.014475271411338963,-0.040380047505938245
651500,65.62,0.008229198415117342,-0.011052937754508435
652500,66.66,0.018301830183018303,0.0005998800239952009
653500,66.60000000000001,0.018018018018018018,0.0
654500,66.52,0.003006614552014432,-0.0035842293906810036
655500,66.52,0.014431749849669273,-0.015531660692951015
656500,65.22,0.04017172646427476,-0.050028752156411734
657500,64.44,0.032898820608317815,-0.09336332958380203
658500,63.660000000000004,0.03864278982092366,-0.08420473307649973
659500,64.0,0.043125,-0.07222222222222222
660500,64.66,0.05351067120321683,-0.05602716468590832
661500,65.78,0.04895104895104895,-0.061367621274108705
662500,66.36,0.045207956600361664,-0.020214030915576695
663500,67.36,0.02553444180522565,-0.013480392156862746
664500,66.36,0.022905364677516575,-0.034482758620689655
665500,65.98,0.007578053955744165,-0.059376837154614934
666500,65.36,-0.0018359853121175031,-0.03464203233256351
667500,65.18,-0.012580546179809757,-0.022400919012062034
668500,65.28,0.006740196078431373,-0.024193548387096774
669500,65.98,0.001515610791148833,-0.017048794826572605
670500,66.02,0.0021205695243865495,0.007651559741024131
671500,67.82000000000001,-0.01091123562370982,0.0018645121193287756
672500,70.48,-0.03745743473325766,-0.06910569105691057
673500,72.8,-0.07912087912087912,-0.1
674500,75.26,-0.11985118256710071,-0.11398544866612773
675500,74.94,-0.12997064318121163,-0.11731843575418995
676500,73.61999999999999,-0.1165444172779136,-0.11751326762699014
677500,70.82000000000001,-0.08387461169161253,-0.06374228923920494
678500,67.82000000000001,-0.03214391035092893,-0.06028589185829708
679500,64.82,0.016970070965751313,-0.04036384309266629
680500,65.0,0.012307692307692308,-0.04
681500,64.60000000000001,0.002476780185758514,-0.013559322033898305
682500,64.4,0.003105590062111801,-0.006741573033707865
683500,64.52,-0.026658400495970243,0.048478015783540024
684500,64.36,-0.02113113735239279,0.03367003367003367
685500,64.2,-0.001869158878504673,0.00558659217877095
686500,63.28,0.02781289506953224,-0.049019607843137254
687500,63.06,0.01871233745639074,-0.040606388738494856
688500,62.38,0.027893555626803464,-0.050505050505050504
689500,63.2,0.013291139240506329,-0.02391304347826087
690500,62.72,-0.002551020408163265,0.017167381974248927
691500,63.839999999999996,-0.03007518796992481,0.046460176991150445
692500,63.62,-0.03175102169129205,0.05332600329851567
693500,64.56,-0.03903345724907063,0.050790067720090294
694500,63.739999999999995,-0.024788202070913083,0.028130170987313845
695500,64.74,-0.008958912573370404,0.028927963698241632
696500,64.86,0.0070921985815602835,0.035856573705179286
697500,66.06,0.04268846503178928,0.00648202710665881
698500,66.62,0.08315821074752326,-0.02816057519472738
699500,68.17999999999999,0.07656204165444412,-0.0006285355122564425
700500,68.52000000000001,0.05896088733216579,-0.011435832274459974
701500,68.22,0.06772207563764292,-0.015733165512901194
702500,67.72,0.05138806851742469,0.01858736059479554
703500,66.64,0.03241296518607443,0.017985611510791366
704500,66.24,0.035628019323671496,-0.0035545023696682463
705500,65.9,0.04157814871016692,0.004105571847507331
706500,67.4,0.028486646884272996,-0.013496932515337423
707500,68.82000000000001,-0.0014530659691950015,-0.013470173187940988
708500,70.02000000000001,-0.01970865467009426,-0.00600400266844563
709500,69.58,-0.018108651911468814,-0.007232084155161078
710500,69.26,-0.015304649148137454,-0.0071567989590110605
711500,68.47999999999999,-0.02570093457943925,-0.013959390862944163
712500,68.24,-0.0035169988276670576,-0.04030226700251889
713500,68.32000000000001,0.012295081967213115,-0.04924242424242424
714500,68.56,0.023920653442240373,-0.058524173027989825
715500,68.14,0.03845024948635163,-0.07846829880728186
716500,67.80000000000001,0.035398230088495575,-0.03975155279503106
717500,67.47999999999999,0.026674570243034972,-0.015990159901599015
718500,67.80000000000001,0.005309734513274336,0.009937888198757764
719500,68.34,-0.0196078431372549,0.032217308907138344
720500,69.67999999999999,-0.05625717566016074,0.07255936675461741
721500,70.26,-0.07031027611727868,0.10558170813718896
722500,70.48,-0.07321225879682179,0.1043360433604336
723500,70.38,-0.061665245808468314,0.09520594193112762
724500,70.3,-0.05490753911806543,0.07205387205387205
725500,70.7,-0.02574257425742574,0.04573378839590444
726500,70.82000000000001,0.0002824060999717594,-0.004797806716929404
727500,70.76,0.020915771622385528,0.012311901504787962
728500,69.3,0.014141414141414142,-0.011074918566775244
729500,68.17999999999999,0.015547081255500146,0.01571338780641106
730500,66.12,0.02117362371445856,0.009445100354191263
731500,64.14,0.03149360773308388,0.04071388733965421
732500,62.4,0.03076923076923077,0.010638297872340425
733500,62.239999999999995,0.055912596401028275,0.06991525423728813
734500,62.019999999999996,0.06417284746855853,0.08688783570300158
735500,62.46000000000001,0.05923791226384886,0.09962706446457112
736500,62.419999999999995,0.053508490868311435,0.04630122405534859
737500,62.18,0.04020585397233837,0.02908514013749339
738500,62.06,0.03319368353206574,-0.02161307327358988
739500,61.88,0.02197802197802198,-0.06190975865687303
740500,62.32,0.024390243902439025,-0.07218683651804671
741500,63.800000000000004,0.011912225705329153,-0.05082872928176796
742500,65.25999999999999,0.01256512411890898,-0.03166378814047208
743500,66.9,0.00029895366218236175,-0.025981873111782478
744500,68.84,0.019755955839628123,-0.024390243902439025
745500,70.42,0.007668276057938086,-0.03382949932341001
746500,72.11999999999999,0.009983361064891847,-0.04522613065326633
747500,73.42,0.029147371288477254,-0.09036144578313253
748500,72.84,0.02471169686985173,-0.04937361827560796
749500,71.48,0.01510912143256855,-0.0343859649122807
750500,69.94,0.011152416356877323,-0.021956087824351298
751500,67.64,0.013010053222945003,-0.006180469715698393
752500,65.8,-0.009726443768996961,0.04678362573099415
753500,65.03999999999999,-0.016605166051660517,0.04805491990846682
754500,65.10000000000001,-0.021812596006144394,0.06475644699140401
755500,65.66,0.0009137983551629607,0.06231799650553291
756500,65.82000000000001,-0.0027347310847766638,0.07197191339964892
757500,65.24,0.004904966278356836,0.08630609896432681
758500,65.74,0.02829327654396106,0.060128429655575015
759500,64.84,0.04380012338062924,0.02161547212741752
760500,63.38,0.03818239192174187,0.047515019115237575
761500,63.75999999999999,0.04454203262233375,0.04746136865342163
762500,64.48,0.052109181141439205,0.03265765765765766
763500,63.78,0.05863907180934462,0.05687465488680287
764500,64.2,0.04984423676012461,0.09162011173184358
765500,64.8,0.043827160493827164,0.08522727272727272
766500,64.88000000000001,0.047472256473489516,0.08086560364464693
767500,64.9,0.030508474576271188,0.06894586894586895
768500,65.46,0.020470516345860067,0.04342790966994789
769500,65.38000000000001,0.013153869684918936,0.027151935297515885
770500,65.64,0.01340645947592931,0.01979045401629802
771500,64.96,-0.008004926108374385,0.019406392694063926
772500,65.38000000000001,-0.0021413276231263384,0.02368573079145003
773500,65.9,0.0009104704097116844,0.02873900293255132
774500,66.58,0.016521477921297687,0.017354877318970677
775500,66.96,0.02867383512544803,0.020581113801452784
776500,66.24,0.04770531400966183,-0.01066350710900474
777500,65.88000000000001,0.04735883424408015,0.0035169988276670576
778500,64.8,0.04691358024691358,-0.00909090909090909
779500,64.38000000000001,0.06244175209692451,-0.017405951712521055
780500,63.78,0.051113201630605204,-0.030369961347321922
781500,64.4,0.05714285714285714,0.0044943820224719105
782500,63.4,0.06056782334384858,0.018579234972677595
783500,63.44,0.0605296343001261,0.06892778993435449
784500,62.7,0.03987240829346093,0.13136729222520108
785500,62.660000000000004,0.03862112990743696,0.15372254954472417
786500,62.32,0.031450577663671375,0.15711252653927812
787500,62.72,0.04846938775510204,0.12446351931330472
788500,63.239999999999995,0.06514864010120178,0.06855277475516866
789500,64.56,0.06567534076827757,0.007900677200902935
790500,65.02,0.0704398646570286,-0.015437392795883362
791500,64.8,0.0691358024691358,-0.042045454545454546
792500,65.08,0.04240934234787953,-0.041237113402061855
793500,65.4,0.022629969418960245,-0.017341040462427744
794500,64.52,0.024798512089274645,-0.004509582863585118
795500,65.02,0.024300215318363582,-0.01429388221841052
796500,65.88000000000001,0.037037037037037035,-0.05158264947245018
797500,65.84,0.06014580801944107,-0.07259953161592506
798500,65.18,0.061061675360540045,-0.08213670304422746
799500,65.66,0.06670727992689614,-0.0844496214327315
800500,64.38000000000001,0.06554830692761728,-0.03986524424480629
801500,64.88000000000001,0.059802712700369916,0.03416856492027335
802500,64.62,0.05478180129990715,0.10797060486150367
803500,64.58,0.05667389284608238,0.14059853190287974
804500,64.96,0.04433497536945813,0.18949771689497716
805500,65.25999999999999,0.048115231382163656,0.1848013816925734
806500,64.36,0.032318210068365445,0.18360471645143178
807500,64.05999999999999,0.010302841086481423,0.16481069042316257
808500,64.24,-0.0024906600249066002,0.12143256855064354
809500,64.12,-0.006862133499688085,0.08310094813162298
810500,63.62,-0.021062558943728386,0.0539053905390539
811500,63.4,-0.0006309148264984228,0.022950819672131147
812500,63.800000000000004,0.020689655172413793,0.0077348066298342545
813500,63.519999999999996,0.041561712846347604,0.04276315789473684
814500,63.580000000000005,0.058823529411764705,0.060955518945634266
815500,64.2,0.07538940809968847,0.0782122905027933
816500,65.34,0.06336088154269973,0.06982111944604731
817500,65.68,0.06394640682095006,0.04079254079254079
818500,65.82000000000001,0.05742935278030994,-0.0017554125219426564
819500,65.02,0.04767763764995386,-0.03487707261292167
820500,65.58,0.04666056724611162,-0.04357931435212086
821500,66.12,0.03871748336358137,-0.01770956316410862
822500,67.10000000000001,0.04858420268256334,-0.02492401215805471
823500,67.47999999999999,0.04860699466508595,-0.0012300123001230013
824500,68.24,0.043962485345838215,0.0
825500,66.52,0.03187011425135298,-0.03106332138590203
826500,65.38000000000001,0.04252064851636586,-0.042172154823801274
827500,64.72,0.03337453646477132,-0.034013605442176874
828500,65.06,0.036581616968951736,-0.05094447624499141
829500,64.86,0.04286154794942954,-0.056346044393853156
830500,66.9,0.04514200298953662,-0.03564954682779456
831500,66.72,0.03597122302158273,-0.021634615384615384
832500,66.03999999999999,0.03210175651120533,-0.008244994110718492
833500,66.84,0.036505086774386596,-0.0024125452352231603
834500,66.5,0.018947368421052633,0.016119402985074627
835500,66.0,0.028484848484848484,0.0
836500,68.97999999999999,0.08727167294868078,-0.05609284332688588
837500,72.34,0.12247719104230025,-0.06724511930585683
838500,72.54,0.13261648745519714,-0.07793153678077203
839500,75.62,0.17217667283787358,-0.08210180623973727
840500,78.24,0.19171779141104295,-0.08739650413983441
841500,75.46000000000001,0.1301351709514975,-0.024469820554649267
842500,72.56,0.08985667034178611,-0.03574033552151714
843500,71.74000000000001,0.054362977418455534,-0.0084985835694051
844500,68.89999999999999,0.013062409288824383,-0.01607717041800643
845500,66.53999999999999,-0.0351668169522092,-0.0017931858936043037
846500,67.16,0.01012507444907683,-0.026203534430225474
847500,67.47999999999999,0.01007705986959099,-0.02276923076923077
848500,65.25999999999999,0.01685565430585351,-0.03456221198156682
849500,64.24,-0.00311332503113325,-0.05428091773922775
850500,62.94,-0.02001906577693041,-0.02591792656587473
851500,62.4,-0.046794871794871795,-0.019148936170212766
852500,61.63999999999999,-0.04737183646982479,-0.011470281543274244
853500,63.800000000000004,-0.021316614420062698,-0.017679558011049725
854500,63.800000000000004,0.005015673981191223,-0.015469613259668509
855500,64.38000000000001,0.0195712954333644,-0.04211117349803481
856500,63.92,0.0018773466833541927,-0.04434589800443459
857500,63.959999999999994,0.0075046904315197,-0.058823529411764705
858500,63.800000000000004,-0.016300940438871474,-0.05303867403314917
859500,64.52,-0.011779293242405457,-0.03494926719278467
860500,64.64,0.011757425742574257,-0.03733031674208145
861500,65.2,0.027607361963190184,-0.017241379310344827
862500,65.08,0.03196066379840197,-0.004581901489117984
863500,64.60000000000001,0.047058823529411764,0.014689265536723164
864500,64.84,0.048118445404071564,0.010238907849829351
865500,65.08,0.05162876459741856,0.0
866500,64.8,0.04197530864197531,-0.011363636363636364
867500,65.60000000000001,0.04024390243902439,0.012790697674418604
868500,66.28,0.03922751961375981,-0.0071174377224199285
869500,66.88,0.03349282296650718,-0.00966183574879227
870500,66.67999999999999,0.03959208158368326,-0.008403361344537815
871500,66.94,0.06184642963848222,-0.028433151845130067
872500,66.56,0.06009615384615385,-0.061004784688995214
873500,66.42,0.06233062330623306,-0.054198927933293624
874500,64.72,0.049443757725587144,-0.017006802721088437
875500,64.32,0.03855721393034826,-0.010089686098654708
876500,64.25999999999999,0.037037037037037035,0.02294348069390039
877500,63.7,0.029827315541601257,0.05454545454545454
878500,63.46000000000001,0.016073116924046643,0.07717569786535304
879500,64.86,0.05272895467160037,0.016505406943653957
880500,64.62,0.05725781491798205,0.017524024872809497
881500,64.52,0.05765654060756355,-0.006764374295377677
882500,65.78,0.06658558832471875,-0.03915838690824079
883500,65.52,0.09157509157509157,-0.0765661252900232
884500,64.96,0.08374384236453201,-0.04908675799086758
885500,65.46,0.07241063244729606,-0.04111175448755067
886500,65.78,0.05868044998479781,-0.025131502045587374
887500,65.66,0.03624733475479744,-0.0203843913803145
888500,65.64,0.016453382084095063,-0.0034924330616996507
889500,65.66,-0.011270179713676515,0.0180547466511357
890500,65.03999999999999,-0.00984009840098401,0.003432494279176201
891500,65.46,-0.0009165902841429881,0.0052113491603937466
892500,65.25999999999999,0.011339258351210543,0.01669545192861255
893500,65.24,-0.0018393623543838135,0.024165707710011506
894500,66.0,0.016363636363636365,0.00823529411764706
895500,67.24,0.02676977989292088,-0.007326007326007326
896500,67.30000000000001,0.04011887072808321,-0.054434250764525995
897500,66.28,0.04707302353651177,-0.0711743772241993
898500,65.5,0.061374045801526715,-0.07478260869565218
899500,64.68,0.06988249845392702,-0.08267270668176671
900500,64.58,0.049241251161350266,-0.06154714850367024
901500,64.0,0.028125,-0.013333333333333334
902500,64.52,0.02417854928704278,-0.007891770011273957
903500,65.88000000000001,-0.0012143290831815423,-0.0011723329425556857
904500,66.62,-0.0021014710297208045,-0.004194128220491312
905500,66.28,-0.009656004828002414,0.010676156583629894
906500,66.08000000000001,-0.010290556900726392,-0.02122641509433962
907500,65.78,-0.010641532380662816,-0.008766803039158387
908500,65.44,0.014669926650366748,-0.03009259259259259
909500,65.72,0.01704199634814364,-0.010501750291715286
910500,65.48,0.03176542455711668,-0.03476245654692932
911500,65.06,0.024285275130648633,-0.006296508299942759
912500,64.8,0.037654320987654324,-0.042045454545454546
913500,65.03999999999999,0.041820418204182044,-0.04919908466819222
914500,65.0,0.03446153846153846,-0.04914285714285714
915500,64.84,0.027760641579272053,-0.06143344709897611
916500,64.66,0.04670584596350139,-0.10192525481313704
917500,65.10000000000001,0.034715821812596005,-0.08256880733944955
918500,65.0,0.02276923076923077,-0.07833047455688966
919500,63.9,0.023474178403755867,-0.06762749445676275
920500,63.38,0.03502682234143263,-0.053551912568306013
921500,63.4,0.027129337539432176,-0.020765027322404372
922500,63.5,0.030551181102362206,-0.021369863013698632
923500,66.0,0.08969696969696969,-0.047058823529411764
924500,69.66,0.13063451047947172,-0.08371786420566908
925500,72.5,0.1277241379310345,-0.08945454545454545
926500,75.98,0.08449591997894183,-0.08409658617818484
927500,79.0,0.028860759493670885,-0.03619047619047619
928500,76.28,-0.02779234399580493,0.04215851602023609
929500,72.16,-0.07372505543237251,0.05603448275862069
930500,70.22,-0.06294502990600968,0.049026192075218265
931500,67.08,-0.017889087656529516,0.030376670716889428
932500,64.53999999999999,0.04803222807561203,-0.015228426395939087
933500,64.32,0.06343283582089553,-0.04035874439461883
934500,64.84,0.06045650832819247,-0.040955631399317405
935500,64.62,0.0386877127824203,-0.031091011871113624
936500,65.34,0.062136516681971225,-0.08251586843623773
937500,64.98,0.06925207756232687,-0.09994288977727013
938500,65.62,0.05333739713501981,-0.08202443280977312
939500,65.64,0.06703229737964655,-0.13038416763678695
940500,65.3,0.0787136294027565,-0.15734870317002883
941500,65.02,0.059366348815749,-0.12407089765580331
942500,65.18,0.023626879410862226,-0.09247558874210224
943500,64.84,0.033312769895126465,-0.09101251422070535
944500,64.94,0.018170619032953497,-0.0975470621791215
945500,65.10000000000001,0.00030721966205837174,-0.05902578796561605
946500,64.53999999999999,-0.02386117136659436,-0.044557247602932885
947500,64.74,0.0015446400988569664,-0.04821327283040272
948500,64.58,0.00774233508826262,-0.06154714850367024
949500,64.62,0.013927576601671309,0.006218202374222725
950500,64.53999999999999,0.028819336845367215,-0.0028200789622109417
951500,64.74,0.05097312326227989,0.01191151446398185
952500,64.66,0.046087225487163624,0.017543859649122806
953500,65.24,0.039852851011649294,0.04027617951668585
954500,65.58,0.04239097285757853,0.04706565950029053
955500,65.82000000000001,0.03980553023397144,0.06260971328262141
956500,66.2,0.021148036253776436,0.045023696682464455
957500,65.9,0.017905918057663128,0.029947152084556665
958500,65.7,0.015525114155251141,-0.005253940455341506
959500,66.28,0.008449004224502113,-0.02494061757719715
960500,66.7,0.0074962518740629685,-0.027059530968129887
961500,66.74,0.020077914294276297,-0.02465423932651834
962500,68.30000000000001,0.06822840409956075,-0.0473186119873817
963500,68.08,0.08108108108108109,-0.046365914786967416
964500,68.10000000000001,0.07958883994126285,-0.0445141065830721
965500,67.75999999999999,0.07615112160566706,-0.033498759305210915
966500,69.38,0.04641106947247045,-0.03069888961463096
967500,69.84,-0.041237113402061855,-0.010610079575596816
968500,69.22,-0.049407685639988444,-0.000649772579597141
969500,68.22,-0.03605980650835532,0.009439899307740718
970500,68.62,-0.03701544739143107,-0.01338432122370937
971500,67.80000000000001,-0.020058997050147492,0.009937888198757764
972500,65.9,0.009408194233687404,0.04750733137829912
973500,66.44,0.014449127031908489,0.06912991656734208
974500,66.8,0.01437125748502994,0.03614457831325301
975500,66.12,0.004839685420447671,0.012987012987012988
976500,65.64,-0.0018281535648994515,0.005820721769499418
977500,65.78,0.020370933414411676,-0.03682057276446522
978500,66.67999999999999,0.03179364127174565,-0.07627627627627627
979500,66.67999999999999,0.015596880623875225,-0.07267267267267268
980500,66.92,0.032277346084877465,-0.038112522686025406
981500,66.02,0.04453196001211754,-0.05653710247349823
982500,66.24,0.036231884057971016,-0.043272080616478956
983500,65.62,0.02529716549832368,-0.02152414194299011
984500,64.42,0.0046569388388699165,0.01517706576728499
985500,64.0,-0.01875,0.0077777777777777776
986500,63.94,-0.03409446355958711,0.03161397670549085
987500,64.22,-0.047025848645281844,0.03856903297931805
988500,63.9,-0.05978090766823161,0.033795013850415515
989500,64.98,-0.04339796860572484,0.011993146773272416
990500,64.92,-0.02895871842267406,0.02508551881413911
991500,64.28,-0.008089607965152458,0.004479283314669653
992500,62.32,0.008985879332477536,-0.022292993630573247
993500,61.31999999999999,0.014350945857795172,-0.0031023784901758012
994500,60.0,0.016666666666666666,-0.026
995500,60.08,0.03794940079893475,-0.05110220440881764
996500,61.760000000000005,0.04015544041450777,-0.05753138075313807
997500,62.82,0.014326647564469915,-0.019903173749327596
998500,63.480000000000004,0.00630119722747322,-0.02628696604600219
999500,65.12,0.010442260442260442,-0.0011467889908256881
1000500,66.10000000000001,-0.008169440242057489,0.005309734513274336
1001500,64.68,-0.022263450834879406,0.01812004530011325
1002500,65.58,0.007014333638304361,0.027309703660662404
1003500,66.38,0.01898162097017174,0.013682331945270671
1004500,66.4,0.020481927710843374,0.007142857142857143
1005500,66.84,0.01376421304608019,0.025331724969843185
1006500,67.88,0.010017678255745434,0.0361145703611457
1007500,67.74,-0.002657218777679362,-0.006819590824550527
1008500,66.94,-0.00268897520167314,0.0018148820326678765
1009500,66.32000000000001,-0.012062726176115802,0.014251781472684086
1010500,65.34,0.006427915518824609,0.004039238315060588
1011500,64.68,0.025974025974025976,-0.04869762174405436
1012500,63.5,0.04692913385826772,-0.019178082191780823
1013500,63.519999999999996,0.045969773299748114,-0.02850877192982456
1014500,63.72,0.061519146264908973,-0.07276736493936053
1015500,62.96000000000001,0.044472681067344345,-0.08315334773218143
1016500,62.580000000000005,0.031639501438159155,-0.06680919294494922
1017500,63.75999999999999,0.02258469259723965,-0.09050772626931568
1018500,64.86,0.022510021584952206,-0.10301650540694365
1019500,64.62,-0.0009285051067780873,-0.059355568117580554
1020500,64.78,0.023772769373263353,-0.10391822827938671
1021500,64.78,0.029330040135844396,-0.12208972174900624
1022500,64.46,0.031337263419174685,-0.12099043331457512
1023500,62.53999999999999,0.029740965781899584,-0.11051788574479444
1024500,62.86000000000001,0.032134902958956414,-0.13193322563274099
1025500,63.739999999999995,0.05993096956385315,-0.11748483177054606
1026500,64.98,0.05447830101569714,-0.0633923472301542
1027500,65.10000000000001,0.0445468509984639,-0.022349570200573064
1028500,66.53999999999999,0.04658851818455065,0.017334130304841603
1029500,66.8,0.053293413173652694,0.05903614457831325
1030500,66.3,0.01478129713423831,0.07418397626112759
1031500,65.58,0.009454101860323269,0.06565950029052876
1032500,65.2,0.017791411042944787,0.028735632183908046
1033500,64.38000000000001,0.02205653929791861,0.021897810218978103
1034500,63.75999999999999,0.039523212045169384,-0.04304635761589404
1035500,63.62,0.038667085822068535,-0.06652006597031336
1036500,64.28,0.049159925326695705,-0.09518477043673013
1037500,63.78,0.04107870805895265,-0.09552733296521258
1038500,63.580000000000005,0.03680402642340359,-0.13673805601317957
1039500,63.54,0.02675480012590494,-0.11025781678551838
1040500,63.800000000000004,0.016300940438871474,-0.05414364640883978
1041500,63.32,0.017687934301958308,-0.061068702290076333
1042500,63.78,0.04233301975540922,-0.097736057426836
1043500,63.739999999999995,0.02980859742704738,-0.10645339216767788
1044500,64.0,0.03125,-0.08333333333333333
1045500,63.959999999999994,0.032520325203252036,-0.07991120976692564
1046500,64.28,0.042314872433105166,-0.04591265397536394
1047500,64.9,0.012634822804314329,-0.0017094017094017094
1048500,65.74,0.028901734104046242,0.020431990659661413
1049500,65.28,0.03125,0.0034562211981566822
1050500,65.4,0.031804281345565746,-0.005780346820809248
1051500,65.82000000000001,0.02035855363111516,-0.01930953774136922
1052500,65.3,0.03644716692189893,-0.013256484149855908
1053500,65.03999999999999,0.03075030750307503,0.014874141876430207
1054500,65.62,0.03383114903992685,0.006399069226294357
1055500,65.14,0.025483573840957938,-0.008605851979345954
1056500,64.62,0.021974620860414733,0.008479366873940079
1057500,64.3,0.017107309486780714,0.017366946778711485
1058500,64.72,0.02657601977750309,-0.01473922902494331
1059500,64.34,0.022070251787379546,-0.008412787436904094
1060500,64.52,0.04091754494730316,0.02142051860202931
1061500,64.05999999999999,0.04027474242897284,0.02949360044518642
1062500,64.52,0.024798512089274645,0.011844331641285956
1063500,64.56,0.017967781908302356,0.013559322033898305
1064500,65.5,0.02534351145038168,-0.027278003482298318
1065500,66.22,0.015403201449713078,-0.08476585655008892
1066500,66.58,0.014118353860018024,-0.08328340323547034
1067500,66.75999999999999,0.025164769322947873,-0.06562311860325105
1068500,67.34,0.02168102168102168,-0.0385793018983466
1069500,67.47999999999999,0.023710729104919975,0.03075030750307503
1070500,68.04,0.030570252792475015,0.06382978723404255
1071500,68.04,0.0376249265138154,0.017521902377972465
1072500,67.0,0.06447761194029851,-0.05818181818181818
1073500,65.82000000000001,0.06897599513825585,-0.08484493856056173
1074500,65.3,0.049923430321592646,-0.11585014409221903
1075500,64.16,0.03054862842892768,-0.11160714285714286
1076500,64.3,0.04136858475894246,-0.09131652661064425
1077500,65.74,0.032552479464557346,-0.05896088733216579
1078500,66.86,0.04098115465151062,-0.038020519010259504
1079500,66.7,0.05667166416791604,-0.054654654654654654
1080500,67.66,0.06118829441324269,-0.05998763141620284
1081500,67.30000000000001,0.04071322436849926,-0.09113149847094801
1082500,66.92,0.02510460251046025,-0.06287787182587666
1083500,66.9,0.004484304932735426,-0.08157099697885196
1084500,66.92,-0.001195457262402869,-0.03990326481257558
1085500,66.44,0.007826610475617099,-0.05363528009535161
1086500,67.74,0.01210510776498376,-0.03781773093614383
1087500,68.5,0.015474452554744526,-0.05650793650793651
1088500,68.44,0.04266510812390415,-0.050697084917617236
1089500,71.52,0.09004474272930649,-0.05056179775280899
1090500,71.6,0.08044692737430167,-0.015492957746478873
1091500,71.74000000000001,0.07332032339001951,0.0021231422505307855
1092500,70.76,0.05257207461842849,0.019151846785225718
1093500,71.26,0.024417625596407522,0.020180932498260265
1094500,68.54,-0.04522906332068865,-0.004450095359186269
1095500,68.17999999999999,-0.03666764447051921,-0.02451288497800126
1096500,67.17999999999999,-0.01220601369455195,-0.03595368677635588
1097500,67.17999999999999,-0.006251860672819291,-0.03414634146341464
1098500,66.18,0.017225747960108794,-0.022485207100591716
1099500,64.62,0.039925719591457756,-0.006787330316742082
1100500,62.6,0.03258785942492013,-0.002675227394328518
1101500,59.81999999999999,0.02106318956870612,-0.029880478087649404
1102500,57.36,0.0502092050209205,-0.0647279549718574
1103500,54.92,0.06554989075018208,-0.09316770186335403
1104500,55.120000000000005,0.08200290275761973,-0.11140819964349376
1105500,57.099999999999994,0.087215411558669,-0.1076923076923077
1106500,60.040000000000006,0.0626249167221852,-0.06906906906906907
1107500,62.8,0.04713375796178344,-0.02795698924731183
1108500,65.66,0.04721291501675297,-0.0110658124635993
1109500,67.17999999999999,0.05269425424233403,-0.02010968921389397
1110500,67.24,0.07733491969066032,-0.031746031746031744
1111500,66.92,0.09742976688583384,-0.056831922611850064
1112500,66.36,0.11573236889692586,-0.07372175980975029
1113500,65.84,0.09720534629404617,-0.0702576112412178
1114500,65.7,0.0715372907153729,-0.037900874635568516
1115500,65.78,0.046518698692611736,-0.05669199298655757
1116500,65.56,0.03294691885295912,-0.019744483159117306
1117500,66.24,-0.0006038647342995169,0.030805687203791468
1118500,66.86,0.01645228836374514,0.02595051297525649
1119500,68.7,0.00611353711790393,0.06325878594249201
1120500,69.14,0.0008678044547295343,0.10304601425793908
1121500,69.74000000000001,0.0008603383997705764,0.07072042300066093
1122500,69.0,0.0034782608695652175,0.024516129032258065
1123500,68.60000000000001,-0.021574344023323616,0.045859872611464965
1124500,66.02,-0.009996970614965161,0.00529723366686286
1125500,65.92,-0.0024271844660194173,-0.015258215962441314
1126500,65.74,0.01673258290234256,-0.016929363689433742
1127500,66.06,0.036027853466545565,-0.037124337065409546
1128500,66.44,0.04876580373269115,-0.05601907032181168
1129500,67.12,0.04767580452920143,-0.049878345498783457
1130500,66.72,0.03537170263788969,-0.05048076923076923
1131500,66.88,0.0215311004784689,-0.057971014492753624
1132500,66.67999999999999,0.014397120575884824,-0.07803121248499399
1133500,65.60000000000001,0.012804878048780487,-0.06279069767441861
1134500,65.02,0.01937865272223931,-0.10577472841623785
1135500,65.5,0.046106870229007633,-0.10260869565217391
1136500,64.9,0.048998459167950696,-0.07122507122507123
1137500,65.72,0.05295191722458917,-0.051341890315052506
1138500,66.92,0.05738194859533772,-0.030229746070133012
1139500,67.62,0.05530908015380065,0.02038295243977764
1140500,67.64,0.04257835600236547,0.024721878862793572
1141500,67.4,0.05400593471810089,0.013496932515337423
1142500,66.86,0.05952737062518696,0.04284852142426071
1143500,66.34,0.05034669882423877,0.04931669637551991
1144500,66.44,0.029500301023479832,0.052443384982121574
1145500,66.78,0.04103024857741839,0.03552077062010837
1146500,66.74,0.020077914294276297,0.025856885147324114
1147500,67.06,-0.0026841634357291978,0.020036429872495445
1148500,67.47999999999999,-0.01956135151155898,0.01968019680196802
1149500,66.42,-0.006323396567299007,-0.017272185824895772
1150500,65.02,-0.01876345739772378,-0.02115494568324757
1151500,65.53999999999999,-0.01556301495270064,-0.0412071967498549
1152500,65.2,0.007361963190184049,-0.05172413793103448
1153500,64.12,0.023705552089831567,-0.07803790412486064
1154500,64.84,0.027143738433066007,-0.053469852104664393
1155500,65.34,0.0327517600244873,-0.03981534910559723
1156500,64.5,0.04372093023255814,-0.03211267605633803
1157500,65.18,0.019331083154341823,-0.05571510626076967
1158500,64.92,0.0024645717806531116,-0.037628278221208664
1159500,65.03999999999999,-0.0018450184501845018,-0.06292906178489703
1160500,65.96,-0.010309278350515464,-0.06580493537015276
1161500,66.25999999999999,-0.01056444310292786,-0.06816834617664493
1162500,65.08,0.017209588199139522,-0.045819014891179836
1163500,65.44,0.012836185819070905,-0.061342592592592594
1164500,64.98,0.01077254539858418,-0.04283266704740148
1165500,63.75999999999999,0.00439146800501882,-0.037527593818984545
1166500,63.92,0.0050062578222778474,-0.017738359201773836
1167500,63.9,-0.0034428794992175274,-0.016066481994459834
1168500,64.25999999999999,-0.014005602240896359,0.009513150531617236
1169500,64.1,-0.02215288611544462,0.010584958217270195
1170500,64.14,-0.0009354536950420954,0.026213050752928055
1171500,65.03999999999999,0.004305043050430504,-0.005720823798627002
1172500,65.4,0.004892966360856269,-0.024277456647398842
1173500,65.4,0.052599388379204894,-0.058959537572254334
1174500,65.06,0.07715954503535198,-0.06697195191757298
1175500,65.08,0.06515058389674247,-0.07101947308132875
1176500,64.32,0.04291044776119403,-0.05044843049327354
1177500,63.1,0.042155309033280505,-0.018970189701897018
1178500,63.28,0.022756005056890013,-0.0032679738562091504
1179500,63.480000000000004,0.008821676118462508,0.01095290251916758
1180500,63.28,0.022123893805309734,-0.007625272331154684
1181500,63.739999999999995,0.04675243175400063,-0.007170435741864313
1182500,64.5,0.03751937984496124,-0.012957746478873239
1183500,64.74,0.04417670682730924,-0.04367555303460011
1184500,65.94,0.038519866545344256,-0.05343511450381679
1185500,66.78,0.02006588799041629,-0.047561709813365445
1186500,68.7,0.003784570596797671,-0.07731629392971245
1187500,72.48,-0.0369757174392936,-0.10901162790697674
1188500,71.76,-0.05406911928651059,-0.1048158640226629
1189500,74.26,-0.08591435496902775,-0.14219114219114218
1190500,73.48,-0.09417528579205225,-0.14328808446455504
1191500,71.06,-0.09766394596115958,-0.07468879668049792
1192500,67.72,-0.05847607796810396,-0.04649721016738995
1193500,67.67999999999999,-0.04550827423167849,-0.030340557275541795
1194500,64.2,-0.006230529595015576,-0.022917831190609278
1195500,63.980000000000004,0.019693654266958426,-0.02666666666666667
1196500,63.94,0.013450109477635284,-0.05712701053799223
1197500,64.2,0.024299065420560748,-0.06815642458100558
1198500,64.08,0.031210986267166042,-0.061247216035634745
1199500,64.25999999999999,0.046996576408341116,-0.05316172355903749
1200500,65.14,0.042677310408351245,-0.04647160068846816
1201500,66.0,0.05696969696969697,-0.05647058823529412
1202500,65.42,0.0528890247630694,-0.05147484094852516
1203500,65.56,0.05308114704087859,-0.0859465737514518
1204500,65.74,0.0495892911469425,-0.08114419147694103
1205500,65.5,0.03572519083969466,-0.07710144927536232
1206500,65.5,0.035114503816793895,-0.058550724637681156
1207500,67.86,0.03743000294724433,-0.08525202240199128
1208500,68.26,0.026076765309112217,-0.021437578814627996
1209500,67.84,0.0294811320754717,-0.028002489110143122
1210500,70.39999999999999,0.0875,-0.06964164976335362
1211500,72.7,0.12242090784044017,-0.08651026392961877
1212500,69.78,0.13155631986242478,-0.06754966887417219
1213500,69.19999999999999,0.11213872832369942,-0.04935064935064935
1214500,69.39999999999999,0.12103746397694524,-0.05228758169934641
1215500,69.5,0.11827338129496402,-0.012459016393442624
1216500,68.22,0.10993843447669305,0.0018879798615481435
1217500,68.64,0.11013986013986014,0.01403061224489796
1218500,69.24,0.13518197573656845,-0.033810143042912875
1219500,69.3,0.1111111111111111,-0.012377850162866449
1220500,66.92,0.05499103407053198,-0.010882708585247884
1221500,65.84,0.035844471445929525,-0.03161592505854801
1222500,65.84,0.013973268529769137,-0.01405152224824356
1223500,65.74,0.020383328262853665,-0.01926444833625219
1224500,65.98,0.021521673234313428,-0.037037037037037035
1225500,65.68,0.0341047503045067,-0.07575757575757576
1226500,65.96,0.021831412977562158,-0.052878965922444184
1227500,65.75999999999999,0.031630170316301706,-0.030373831775700934
1228500,65.0,0.030153846153846153,-0.017142857142857144
1229500,64.86,0.02682701202590194,-0.01309049516220831
1230500,64.46,0.019547005895128762,0.024198086662915026
1231500,63.9,0.006572769953051643,0.009418282548476454
1232500,65.18,0.0046026388462718625,-0.013210798391728892
1233500,65.64,0.001218769043266301,-0.03608847497089639
1234500,65.84,0.022478736330498177,-0.0468384074941452
1235500,66.47999999999999,0.027677496991576414,-0.0441527446300716
1236500,66.25999999999999,0.057651675218834894,-0.01956135151155898
1237500,64.60000000000001,0.07925696594427245,-0.06666666666666667
1238500,64.44,0.06021104903786468,-0.020247469066366704
1239500,64.22,0.03955154157583307,-0.002794857462269424
1240500,64.32,0.02736318407960199,-0.013452914798206279
1241500,64.08,0.016853932584269662,-0.045657015590200446
1242500,64.84,0.004935225169648365,-0.0022753128555176336
1243500,65.46,0.021692636724717385,-0.029530978575564564
1244500,65.75999999999999,0.021897810218978103,-0.04439252336448598
1245500,65.84,0.03462940461725395,-0.06088992974238876
1246500,66.7,0.036281859070464766,-0.07387387387387387
1247500,67.14,0.012809055704498064,-0.09190505173463177
1248500,67.08,0.01073345259391771,-0.10328068043742406
1249500,66.67999999999999,0.022195560887822437,-0.12244897959183673
1250500,66.2,0.01933534743202417,-0.10650887573964497
1251500,65.64,0.021937842778793418,-0.07334109429569266
1252500,65.38000000000001,0.03579076170082594,-0.05719237435008666
1253500,65.10000000000001,0.03287250384024577,-0.033810888252149
1254500,65.28,0.023284313725490197,0.012672811059907835
1255500,64.75999999999999,0.028412600370599134,-0.03064699205448354
1256500,64.94,0.013858946720049276,-0.019965772960638905
1257500,65.7,0.006392694063926941,-0.022740524781341108
1258500,66.52,0.013830426939266387,-0.027479091995221028
1259500,66.9,0.017040358744394617,-0.0404833836858006
1260500,66.56,0.021634615384615384,-0.023923444976076555
1261500,66.96,0.01015531660692951,-0.035108958837772396
1262500,66.28,0.03138201569100785,-0.02609727164887307
1263500,65.94,0.013042159538974826,-0.0182031708749266
1264500,65.28,-0.012254901960784314,0.016129032258064516
1265500,66.08000000000001,-0.020581113801452784,0.012971698113207548
1266500,65.56,-0.009151921903599756,0.04065040650406504
1267500,65.46,-0.015582034830430797,0.039953676896352056
1268500,65.28,0.0012254901960784314,0.027649769585253458
1269500,65.0,0.025846153846153845,0.002285714285714286
1270500,64.9,0.029275808936825885,0.022222222222222223
1271500,64.7,0.04791344667697063,-0.04815864022662889
1272500,65.2,0.05460122699386503,-0.07126436781609195
1273500,64.03999999999999,0.07432854465958776,-0.11345939933259176
1274500,64.64,0.06683168316831684,-0.1414027149321267
1275500,64.58,0.05977082688138743,-0.1067193675889328
1276500,64.92,0.024029574861367836,-0.03876852907639681
1277500,64.34,0.012123096052222568,-0.01065619742007852
1278500,64.94,-0.010779180782260549,0.03137478608100399
1279500,64.84,-0.008019740900678593,0.05802047781569966
1280500,65.3,0.006431852986217458,0.05014409221902017
1281500,66.44,0.052378085490668275,0.028605482717520857
1282500,66.72,0.06235011990407674,-0.016826923076923076
1283500,66.60000000000001,0.06846846846846846,-0.07305389221556886
1284500,66.72,0.07733812949640288,-0.08173076923076923
1285500,66.4,0.06807228915662651,-0.09166666666666666
1286500,65.16,0.056476365868631064,-0.09070034443168772
1287500,64.64,0.04579207920792079,-0.058823529411764705
1288500,64.72,0.04573547589616811,0.022675736961451247
1289500,64.4,0.0546583850931677,0.02359550561797753
1290500,65.24,0.04966278356836297,0.023014959723820484
1291500,64.84,0.03763109191856878,-0.005688282138794084
1292500,65.5,0.03938931297709924,0.002898550724637681
1293500,66.34,0.02562556526982213,-0.027926322043969103
1294500,66.72,0.001199040767386091,-0.027644230769230768
1295500,66.22,-0.0033222591362126247,-0.013617525162818236
1296500,66.62,-0.007505253677574302,0.005392450569203115
1297500,65.16,-0.004297114794352364,-0.01722158438576349
1298500,64.92,0.0,-0.028506271379703536
1299500,64.78,0.026242667489966037,-0.05053946621237933
1300500,64.66,0.03433343643674606,-0.06395019807583475
1301500,65.2,0.04294478527607362,-0.04827586206896552
1302500,66.36,0.03676913803496082,-0.04518430439952437
1303500,65.92,0.04247572815533981,-0.03755868544600939
1304500,65.96,0.029108550636749546,-0.03172737955346651
1305500,65.75999999999999,0.035888077858880776,-0.037383177570093455
1306500,64.78,0.032417412781722756,-0.03236797274275979
1307500,65.34,0.04744413835322926,-0.052510098095787654
1308500,66.58,0.06218083508561129,-0.050928699820251645
1309500,66.96,0.06869772998805257,-0.03878787878787879
1310500,67.17999999999999,0.05328966954450729,-0.026235509456985967
1311500,66.78,0.06019766397124888,-0.06329113924050633
1312500,66.24,0.059782608695652176,-0.042704626334519574
1313500,65.48,0.04948075748320098,-0.05793742757821553
1314500,64.62,0.04921077065923862,-0.06613906161673262
1315500,64.94,0.0600554357868802,-0.07358813462635481
1316500,66.14,0.04566071968551557,-0.06556408741878322
1317500,65.42,0.03332314276979517,-0.0503181029496819
1318500,64.34,0.009636307118433322,-0.038698822209758836
1319500,64.03999999999999,0.0037476577139287947,-0.05116796440489433
1320500,62.760000000000005,-0.0038240917782026767,-0.0397422126745435
1321500,61.44,0.008463541666666666,-0.03734439834024896
1322500,61.739999999999995,0.03466148364107548,-0.05802404600104548
1323500,61.28,0.048302872062663184,-0.0640495867768595
1324500,60.980000000000004,0.05411610364053788,-0.036391594054331115
1325500,61.8,0.06601941747572816,-0.04293193717277487
1326500,63.42,0.03500473036896878,-0.008201202843083653
1327500,64.05999999999999,0.0034342803621604744,0.0005564830272676684
1328500,66.03999999999999,0.008479709267110842,0.016489988221436984
1329500,67.17999999999999,0.010419767788032152,-0.009140767824497258
1330500,67.42,-0.005636309700385643,-0.027624309392265192
1331500,67.56,0.0053285968028419185,-0.07644882860665844
1332500,67.24,0.007733491969066032,-0.09768009768009768
1333500,67.58,0.0056229653743711154,-0.10549043800123381
1334500,67.25999999999999,0.017543859649122806,-0.09590714722052535
1335500,67.04,0.024463007159904536,-0.08980582524271845
1336500,65.34,0.04744413835322926,-0.08482400461627236
1337500,66.28,0.0675920337960169,-0.066429418742586
1338500,64.5,0.09271317829457364,-0.056901408450704224
1339500,65.0,0.088,-0.05828571428571429
1340500,64.44,0.08193668528864059,-0.05736782902137233
1341500,65.02,0.059981544140264534,-0.062321326472269865
1342500,64.44,0.037243947858473,-0.03487064116985377
1343500,65.58,0.016163464470875268,-0.0505520046484602
1344500,66.03999999999999,-0.01756511205330103,-0.038869257950530034
1345500,67.7,-0.01447562776957164,-0.005572755417956657
1346500,67.36,0.0035629453681710215,0.015931372549019607
1347500,67.17999999999999,0.00922893718368562,-0.018890920170627667
1348500,66.74,0.0074917590650284685,0.0018039687312086591
1349500,66.44,0.0403371462974112,-0.007151370679380214
1350500,65.78,0.05199148677409547,-0.046171829339567504
1351500,66.02,0.049378976067858224,-0.034726309593878756
1352500,65.82000000000001,0.04345183834700699,-0.033352837916910474
1353500,65.4,0.03914373088685015,-0.027745664739884393
1354500,65.28,0.03125,-0.03110599078341014
1355500,65.66,0.0185805665549802,0.004076878276062901
1356500,66.36,-0.0012055455093429777,0.009512485136741973
1357500,66.06,-0.01059642749016046,0.06069534472598703
1358500,67.44,-0.018386714116251483,0.09705159705159705
1359500,67.06,-0.023560990158067403,0.0904675166970249
1360500,66.0,-0.023636363636363636,0.05411764705882353
1361500,66.02,-0.0251438957891548,0.04532077692760447
1362500,66.36,-0.017480409885473176,0.0
1363500,65.92,0.0012135922330097086,-0.04929577464788732
1364500,65.32,0.001837109614206981,-0.01730103806228374
1365500,66.12,0.0102843315184513,0.0011806375442739079
1366500,66.75999999999999,0.0005991611743559018,0.02888086642599278
1367500,67.74,-0.012695600826690287,0.06509609423434594
1368500,67.38,-0.0192935589195607,0.09993868792152054
1369500,68.22,-0.038991498094400466,0.1013215859030837
1370500,68.30000000000001,-0.024890190336749635,0.10157728706624605
1371500,67.47999999999999,-0.007705986959098993,0.06027060270602706
1372500,66.8,0.018562874251497007,0.03614457831325301
1373500,66.66,0.013501350135013501,0.01739652069586083
1374500,66.36,0.050030138637733576,-0.0047562425683709865
1375500,65.8,0.03525835866261398,0.004678362573099415
1376500,65.56,0.040268456375838924,-0.004645760743321719
1377500,64.44,0.040968342644320296,-0.0562429696287964
1378500,63.56,0.04908747640025173,-0.05159165751920966
1379500,62.519999999999996,0.030710172744721688,-0.051227321237993596
1380500,62.32,0.03273427471116817,-0.07749469214437367
1381500,62.46000000000001,0.0329811079090618,-0.049547149706979224
1382500,64.8,-0.011728395061728396,-0.01818181818181818
1383500,67.32000000000001,-0.050505050505050504,-0.05997552019583843
1384500,69.0,-0.06782608695652174,-0.06322580645161291
1385500,69.39999999999999,-0.07780979827089338,-0.048366013071895426
1386500,68.88,-0.08072009291521487,-0.07840616966580977
1387500,67.14,-0.04736371760500447,-0.07486305538648813
1388500,65.44,-0.018948655256723717,-0.06481481481481481
1389500,64.34,0.007149518184644078,-0.07795849691531127
1390500,64.18,0.01838578996572141,-0.08542713567839195
1391500,64.46,0.015823766677008997,-0.09060213843556555
1392500,64.74,0.028112449799196786,-0.13556437889960296
1393500,65.08,0.037492317148125384,-0.11683848797250859
1394500,66.0,0.03151515151515152,-0.10235294117647059
1395500,66.14,0.0341699425461143,-0.11163614884819846
1396500,66.66,0.0393039303930393,-0.08698260347930414
1397500,66.9,0.04394618834080718,-0.05256797583081571
1398500,66.36,0.04038577456298975,-0.026159334126040427
1399500,65.94,0.028207461328480437,-0.05108631826189078
1400500,65.7,0.024657534246575342,-0.044897959183673466
1401500,65.74,0.030727106784301794,-0.06129597197898424
1402500,65.52,0.006105006105006105,-0.03944315545243619
1403500,66.24,0.005434782608695652,-0.04739336492890995
1404500,66.62,0.0003002101471029721,0.018573996405032954
1405500,67.24,0.01189767995240928,0.02197802197802198
1406500,65.75999999999999,0.0030413625304136255,0.036214953271028034
1407500,65.94,0.023961176827418867,0.007633587786259542
1408500,66.02,0.03180854286579824,-0.011183048852266038
1409500,65.92,0.055825242718446605,-0.056338028169014086
1410500,65.48,0.04276114844227245,-0.056778679026651215
1411500,65.88000000000001,0.051001821493624776,-0.08206330597889801
1412500,66.94,0.07798028084852106,-0.08408953418027829
1413500,66.0,0.07272727272727272,-0.1
1414500,65.58,0.06983836535529125,-0.10284718187100524
1415500,65.10000000000001,0.08325652841781873,-0.12779369627507164
1416500,65.36,0.09424724602203183,-0.12933025404157045
1417500,63.78,0.07055503292568203,-0.11982330204307012
1418500,64.03999999999999,0.07058088694565896,-0.11012235817575083
1419500,63.88,0.061991233562930494,-0.09413067552602436
1420500,64.24,0.048567870485678705,-0.04697986577181208
1421500,64.48,0.04218362282878412,-0.02702702702702703
1422500,64.58,0.032517807370703006,0.00846979107848673
1423500,65.0,0.03753846153846154,-0.0034285714285714284
1424500,65.68,0.031668696711327646,-0.0011655011655011655
1425500,66.56,0.025841346153846152,0.01076555023923445
1426500,67.38,0.015731671119026416,0.017780502759043533
1427500,67.80000000000001,0.01415929203539823,0.012422360248447204
1428500,67.54,-0.0002961208172934557,0.027726432532347505
1429500,67.36,0.0172209026128266,-0.0024509803921568627
1430500,66.36,0.02591922845087402,-0.03804994054696789
1431500,65.78,0.0246275463666768,-0.032144944476914086
1432500,65.78,0.009425357251444208,-0.011104617182933957
1433500,65.14,0.01565858151673319,0.03155479059093517
1434500,64.78,-0.00216116085211485,0.08915388983532084
1435500,64.64,-0.009900990099009901,0.12104072398190045
1436500,64.28,-0.01804604853764779,0.1226890756302521
1437500,63.88,-0.020037570444583593,0.10470914127423822
1438500,64.4,-0.008074534161490683,0.07363687464867903
1439500,64.38000000000001,-0.013358185771978875,0.03146067415730337
1440500,64.22,-0.01339146683276238,0.003355704697986577
1441500,64.96,-0.0006157635467980296,-0.003424657534246575
1442500,64.44,0.024208566108007448,-0.015748031496062992
1443500,64.64,0.019801980198019802,-0.01809954751131222
1444500,64.52,0.013019218846869188,0.020293122886133032
1445500,64.64,0.005569306930693069,0.04411764705882353
1446500,64.1,0.00218408736349454,0.027298050139275765
1447500,64.98,-0.013850415512465374,0.026841804683038265
1448500,64.94,-0.01201108715737604,0.03822019395322305
1449500,65.72,0.033475349969567865,-0.011668611435239206
1450500,65.24,0.04414469650521153,-0.024165707710011506
1451500,65.58,0.03995120463555962,0.03776873910517141
1452500,64.8,0.04938271604938271,0.05227272727272727
1453500,64.72,0.057478368355995055,0.05442176870748299
1454500,64.05999999999999,0.02965969403684046,0.053978853644963826
1455500,65.06,0.036581616968951736,0.03377218088151116
1456500,64.56,0.03903345724907063,-0.08013544018058691
1457500,64.58,0.03561474140600805,-0.11914172783738002
1458500,63.2,0.020253164556962026,-0.15108695652173912
1459500,62.9,0.025119236883942766,-0.10619946091644204
1460500,62.239999999999995,0.02056555269922879,-0.0847457627118644
1461500,62.13999999999999,0.017701963308657868,-0.01954569466455362
1462500,62.0,0.01806451612903226,0.02736842105263158
1463500,63.13999999999999,0.032625910674691165,0.062398263700488336
1464500,63.080000000000005,0.027266962587190868,0.04008667388949079
1465500,63.5,0.05133858267716535,0.023561643835616437
1466500,64.32,0.03296019900497513,0.017937219730941704
1467500,64.36,0.0254816656308266,0.001122334455667789
1468500,64.66,0.028147231673368387,-0.019807583474816072
1469500,63.2,0.05949367088607595,-0.04673913043478261
1470500,61.760000000000005,0.06023316062176166,-0.015690376569037656
1471500,59.5,0.12067226890756302,-0.012345679012345678
1472500,59.040000000000006,0.16124661246612465,0.0087890625
1473500,56.84,0.1724137931034483,0.04541241890639481
1474500,57.620000000000005,0.1329399514057619,0.08164228409627183
1475500,59.3,0.11365935919055649,0.062407862407862405
1476500,61.38,0.06614532420984034,0.07819782496116003
1477500,62.739999999999995,0.02263308893847625,0.06816961889425657
1478500,65.0,0.01353846153846154,0.014857142857142857
1479500,66.08000000000001,0.007869249394673124,0.0330188679245283
1480500,65.78,0.0009121313469139556,0.02863822326125073
1481500,64.84,0.007402837754472548,0.01478953356086462
1482500,63.959999999999994,0.013133208255159476,0.01220865704772475
1483500,63.660000000000004,0.012252591894439209,0.04237754540451293
1484500,63.480000000000004,0.023314429741650915,0.008762322015334063
1485500,63.38,0.028084569264752286,0.03986892408519935
1486500,64.0,0.045625,0.03111111111111111
1487500,66.46,0.011736382786638579,0.00655933214072749
1488500,69.26,-0.033785734911926074,-0.001951854261548471
1489500,69.16,-0.03759398496240601,-0.0012970168612191958
1490500,68.97999999999999,-0.05537837054218614,-0.016118633139909737
1491500,68.26,-0.07178435394081453,-0.011972274732199117
1492500,66.32000000000001,-0.028347406513872134,-0.007125890736342043
1493500,63.94,0.0009383797309978105,-0.010537992235163616
1494500,64.2,0.004984423676012461,-0.024581005586592177
1495500,64.74,0.026876737720111215,-0.03460011344299489
1496500,66.18,0.026896343306134784,-0.01714961561206387
1497500,66.78,0.01287810721772986,-0.0006020469596628537
1498500,66.9,0.025411061285500747,-0.0030211480362537764
1499500,67.62,0.026915113871635612,0.010500308832612723
1500500,67.25999999999999,0.020517395182872437,0.006719609040928528
1501500,67.2,0.02976190476190476,-0.045121951219512194
1502500,66.58,0.030339441273655753,-0.043686415320167565
1503500,66.4,0.028313253012048192,-0.034523809523809526
1504500,65.86,0.03613726085636198,-0.06502636203866433
1505500,65.60000000000001,0.03475609756097561,-0.08837209302325581
1506500,64.9,0.032357473035439135,-0.05299145299145299
1507500,65.36,0.04957160342717258,-0.08083140877598152
1508500,65.24,0.05211526670754139,-0.08745684695051784
1509500,65.4,0.04954128440366973,-0.08554913294797688
1510500,65.78,0.056856187290969896,-0.06253652834599649
1511500,65.36,0.05936352509179926,-0.06697459584295612
1512500,65.12,0.052825552825552825,-0.058486238532110095
1513500,65.38000000000001,0.05720403793208932,-0.1022530329289428
1514500,65.5,0.04305343511450382,-0.0736231884057971
1515500,66.02,0.029990911844895485,-0.08652148322542672
1516500,66.18,0.026896343306134784,-0.08811354228267297
1517500,65.14,0.029782007982806263,-0.06597819850831899
1518500,64.58,0.02198823165066584,-0.023150762281197064
1519500,63.04,0.03426395939086294,-0.02813852813852814
1520500,62.08,0.04896907216494845,-0.010548523206751054
1521500,61.660000000000004,0.049626986701265,-0.015127803860198226
1522500,61.96,0.03357004519044545,-0.026288117770767613
1523500,61.040000000000006,0.022280471821756225,-0.017453798767967144
1524500,60.919999999999995,0.01772816808929744,-0.012282497441146366
1525500,60.699999999999996,0.008896210873146623,-0.009669211195928753
1526500,60.760000000000005,0.008558262014483212,-0.014271151885830785
1527500,60.78,0.020072392234287594,-0.012244897959183673
1528500,61.56,0.050032488628979854,-0.013014055179593961
1529500,62.339999999999996,0.0439525184472249,-0.007438894792773645
1530500,62.12,0.037990985189954925,-0.018489170628631802
1531500,63.22,0.024359379943055995,-0.00544069640914037
1532500,63.519999999999996,0.0,0.003289473684210526
1533500,62.94,-0.016205910390848427,-0.011332973556395036
1534500,63.019999999999996,-0.023801967629324024,-0.04056246619794483
1535500,64.14,-0.018397256002494543,-0.04071388733965421
1536500,63.2,-0.02911392405063291,-0.029347826086956522
1537500,63.6,-0.011320754716981131,-0.046153846153846156
1538500,64.14,0.0003118178983473651,-0.023982152816508645
1539500,64.68,0.0024737167594310453,0.006795016987542469
1540500,64.1,0.0028081123244929796,0.03955431754874652
1541500,63.9,0.00970266040688576,0.033795013850415515
1542500,63.339999999999996,0.02178718029681086,0.024549918166939442
1543500,62.92,0.018436109345200253,-0.002157497303128371
1544500,62.36000000000001,0.015394483643361129,-0.009564293304994687
1545500,61.760000000000005,0.014896373056994818,-0.02092050209205021
1546500,62.82,0.026424705507800062,-0.03066164604626143
1547500,63.7,0.023547880690737835,-0.03911845730027548
1548500,64.9,0.008320493066255779,-0.038176638176638175
1549500,66.18,0.024478694469628286,-0.04908338261383797
1550500,67.9,0.006185567010309278,-0.0616822429906542
1551500,68.10000000000001,0.0038179148311306903,-0.06206896551724138
1552500,68.58,-0.0008748906386701663,-0.031190324633991087
1553500,68.89999999999999,0.017706821480406386,-0.026366559485530548
1554500,68.7,0.00960698689956332,-0.0134185303514377
1555500,68.12,0.030534351145038167,0.0
1556500,67.88,0.030053034767236298,0.0224159402241594
1557500,67.42,0.027588252743992882,0.019030079803560467
1558500,68.0,0.03058823529411765,0.01125
1559500,67.44,0.042704626334519574,-0.0036855036855036856
1560500,67.4,0.02314540059347181,-0.0343558282208589
1561500,66.7,0.03568215892053973,-0.03663663663663664
1562500,66.47999999999999,0.0421179302045728,-0.03341288782816229
1563500,65.75999999999999,0.021289537712895375,-0.01985981308411215
1564500,65.25999999999999,0.022372050260496476,0.0051813471502590676
1565500,65.53999999999999,0.03326212999694843,0.03656413232733604
1566500,65.75999999999999,0.03527980535279805,0.018691588785046728
1567500,65.28,0.0392156862745098,0.0069124423963133645
1568500,64.44,0.05338299193047796,0.003374578177727784
1569500,64.53999999999999,0.04741245739076542,-0.03553299492385787
1570500,66.86,-0.003888722704157942,-0.08147254073627037
1571500,68.08,-0.041128084606345476,-0.08521303258145363
1572500,68.26,-0.04600058599472605,-0.07372400756143667
1573500,69.24,-0.04968226458694396,-0.053315994798439535
1574500,70.08,-0.04452054794520548,-0.03545150501672241
1575500,68.22,0.01905599530929346,-0.03904282115869018
1576500,68.96,0.058004640371229696,-0.06322580645161291
1577500,69.26,0.05573202425642507,-0.07752442996742671
1578500,68.4,0.05789473684210526,-0.08491761723700887
1579500,67.7,0.04815361890694239,-0.07063197026022305
1580500,67.82000000000001,0.029784724270126805,-0.036069651741293535
1581500,67.06,0.022368028631076647,-0.020036429872495445
1582500,67.5,0.023407407407407408,-0.020307692307692308
1583500,68.4,0.016374269005847954,-0.015189873417721518
1584500,68.86,0.009003775776938717,0.03018625561978163
1585500,67.58,0.011541876294761763,0.02652683528685996
1586500,66.60000000000001,0.021021021021021023,0.023952095808383235
1587500,66.5,0.010526315789473684,0.03345280764635603
1588500,65.48,0.01832620647525962,0.028405797101449276
1589500,65.32,0.04592774035517452,-0.01673398730525101
1590500,65.96,0.06064281382656155,-0.05702527924750147
1591500,65.60000000000001,0.04939024390243903,-0.05410122164048865
1592500,65.25999999999999,0.06466441924609255,-0.05238917674150835
1593500,65.42,0.06450626719657597,-0.04800462695199537
1594500,65.48,0.056811240073304826,-0.055619930475086905
1595500,65.66,0.05696009747182455,-0.022714036109493303
1596500,66.58,0.07059176930009012,-0.024536205864751647
1597500,66.08000000000001,0.06295399515738499,-0.01650943396226415
1598500,66.32000000000001,0.054282267792521106,-0.007125890736342043
1599500,66.7,0.046476761619190406,0.011411411411411412
1600500,66.08000000000001,0.03208232445520581,0.003537735849056604
1601500,65.7,0.017351598173515982,0.01574344023323615
1602500,65.64,0.028031687995124923,0.0034924330616996507
1603500,65.68,0.05237515225334957,-0.04895104895104895
1604500,65.32,0.043478260869565216,-0.06805074971164937
1605500,64.68,0.022263450834879406,-0.06342015855039637
1606500,63.739999999999995,0.010982114841543772,-0.09983452840595698
1607500,64.22,-0.0009342883836810962,-0.10005589714924538
1608500,65.12,-0.04238329238329238,-0.06995412844036697
1609500,64.64,-0.03094059405940594,-0.07126696832579185
1610500,65.4,-0.01529051987767584,-0.03930635838150289
1611500,65.78,-0.013681970203709334,0.03565166569257744
1612500,65.32,-0.004286589099816289,0.03806228373702422
1613500,63.980000000000004,0.02031884964051266,0.038312048861743477
1614500,64.22,0.018997197134848955,0.05645612073784237
1615500,63.82,0.0322782826700094,0.02377003869541183
1616500,66.56,0.002403846153846154,-0.034688995215311005
1617500,67.56,-0.019538188277087035,-0.03822441430332922
1618500,68.38,-0.027200935946183096,-0.05249841872232764
1619500,68.64,-0.03904428904428905,-0.042091836734693876
1620500,68.74,-0.04684317718940937,-0.036468330134357005
1621500,66.58,-0.019525382997897266,-0.012567324955116697
1622500,66.3,-0.011764705882352941,-0.02195845697329377
1623500,65.92,-0.010922330097087379,-0.03990610328638498
1624500,65.78,-0.0009121313469139556,-0.07071887784921099
1625500,65.75999999999999,0.0006082725060827251,-0.08644859813084112
1626500,66.25999999999999,0.001509206157561123,-0.07883817427385892
1627500,66.28,0.010259505129752565,-0.08422301304863583
1628500,67.30000000000001,0.00029717682020802375,-0.0654434250764526
1629500,70.0,-0.036,-0.102803738317757
1630500,72.74000000000001,-0.07286224910640637,-0.12711241734019105
1631500,75.0,-0.11626666666666667,-0.14903846153846154
1632500,75.78,-0.15756136183689629,-0.11960132890365449
1633500,74.78,-0.13880716769189622,-0.14354066985645933
1634500,74.03999999999999,-0.1312803889789303,-0.12761020881670534
1635500,74.88,-0.14957264957264957,-0.06474820143884892
1636500,71.58,-0.13774797429449567,-0.0423728813559322
1637500,70.5,-0.11716312056737589,-0.015593220338983051
1638500,70.6,-0.12181303116147309,-0.0013605442176870747
1639500,69.12,-0.0920138888888889,0.03823720025923526
1640500,66.32000000000001,-0.04463208685162847,0.0659536541889483
1641500,66.78,-0.0026954177897574125,0.07108433734939759
1642500,67.10000000000001,0.01818181818181818,0.038929440389294405
1643500,67.08,0.004770423375074538,0.08328267477203648
1644500,67.25999999999999,0.0014867677668748143,0.0946854001221747
1645500,65.9,0.00819423368740516,0.06275659824046921
1646500,64.92,0.0036968576709796672,0.05419281232173417
1647500,64.88000000000001,0.008014796547472256,0.07806267806267807
1648500,64.82,0.023758099352051837,0.06257110352673492
1649500,64.28,0.004978220286247666,0.0700280112044818
1650500,65.7,0.01856925418569254,0.043173862310385065
1651500,66.36,0.024110910186859555,0.04637336504161712
1652500,65.66,0.024672555589399937,0.023878858474082703
1653500,66.2,0.004833836858006042,0.001183431952662722
1654500,67.52,-0.0017772511848341231,-0.0012315270935960591
1655500,66.74,0.0014983518130056938,-0.012627781118460614
1656500,67.34,-0.012177012177012177,-0.04225352112676056
1657500,67.25999999999999,-0.02705917335712162,-0.022602321319486866
1658500,66.56,-0.0078125,-0.009569377990430622
1659500,65.3,0.01807044410413476,-0.017867435158501442
1660500,65.86,0.006984512602490131,0.011130638547158758
1661500,65.18,0.010739490641301013,0.020103388856978748
1662500,65.3,0.03460949464012251,-0.03054755043227666
1663500,64.98,0.02616189596799015,-0.04625928041119361
1664500,64.14,0.025880885562831305,-0.06860011154489683
1665500,64.0,0.02875,-0.057777777777777775
1666500,64.44,0.032898820608317815,-0.0562429696287964
1667500,64.88000000000001,0.032059186189889025,-0.03416856492027335
1668500,65.38000000000001,0.027837259100642397,-0.016753321779318313
1669500,66.25999999999999,0.029278599456685782,-0.025489033787788974
1670500,66.28,0.024140012070006035,-0.04332344213649852
1671500,65.82000000000001,0.02218170768763294,-0.01873536299765808
1672500,65.66,0.0185805665549802,-0.0034965034965034965
1673500,65.56,0.025625381330079317,-0.009877977919814061
1674500,65.68,0.010962241169305725,0.03440233236151603
1675500,65.24,0.03801348865726548,0.004602991944764097
1676500,65.75999999999999,0.05170316301703163,-0.005841121495327103
1677500,64.78,0.05155912318616857,-0.05394662123793299
1678500,63.660000000000004,0.06251963556393339,-0.0864061640066043
1679500,63.1,0.06561014263074486,-0.06341463414634146
1680500,63.839999999999996,0.03634085213032581,-0.04424778761061947
1681500,64.58,0.017033137194177764,-0.06493506493506493
1682500,65.48,-0.002443494196701283,-0.019698725376593278
1683500,67.02,-0.012831990450611758,0.05154639175257732
1684500,67.38,-0.005639655684179281,0.03126916002452483
1685500,67.62,0.013309671694764862,0.04014823965410747
1686500,66.88,0.034688995215311005,0.036231884057971016
1687500,66.18,0.05651254155333938,0.010053222945002957
1688500,65.38000000000001,0.04619149587029673,-0.019064124783362217
1689500,63.18,0.042735042735042736,-0.047256925583921784
1690500,59.919999999999995,0.0267022696929239,-0.05888223552894212
1691500,57.78,0.034960193838698514,-0.0611084793936523
1692500,57.4,0.02229965156794425,-0.05727699530516432
1693500,56.00000000000001,0.030714285714285715,-0.05454545454545454
1694500,56.2,0.03202846975088968,-0.034703196347031964
1695500,56.42,0.031549096065225095,-0.03533731069297843
1696500,57.379999999999995,0.02265597769257581,-0.02017832003754106
1697500,58.42,0.014036288942143102,0.02934102934102934
1698500,58.74,0.02689819543752128,0.02666020358700921
1699500,60.34,0.04010606562810739,0.0005042864346949068
1700500,62.839999999999996,0.05283259070655633,-0.02045209903121636
1701500,63.28,0.03034134007585335,-0.017429193899782137
1702500,63.88,0.034439574201628055,-0.06312292358803986
1703500,64.78,0.031182463723371412,-0.07552526973310619
1704500,64.34,0.010258004351880633,-0.04655075715086932
1705500,63.9,0.006572769953051643,-0.016066481994459834
1706500,64.1,0.024648985959438378,-0.03175487465181059
1707500,63.38,0.05017355632691701,-0.07482250136537412
1708500,63.36000000000001,0.043560606060606064,-0.07314410480349345
1709500,63.519999999999996,0.05478589420654912,-0.08333333333333333
1710500,62.739999999999995,0.03793433216448836,-0.08641975308641975
1711500,61.94,0.020342266709719083,-0.06358381502890173
1712500,62.160000000000004,0.010296010296010296,-0.016913319238900635
1713500,61.260000000000005,0.01207966046359778,-0.011874032008260196
1714500,61.019999999999996,0.0042608980662078005,-0.025141097998973832
1715500,61.480000000000004,0.014313597918022121,-0.024922118380062305
1716500,62.28,0.01348747591522158,-0.051961823966065745
1717500,62.4,0.00641025641025641,-0.0627659574468085
1718500,63.46000000000001,0.016073116924046643,-0.06403940886699508
1719500,64.14,0.03835360149672591,-0.06748466257668712
1720500,64.98,0.050169282856263465,-0.07709880068532267
1721500,65.7,0.05570776255707763,-0.06417736289381563
1722500,66.22,0.04379341588643914,-0.061611374407582936
1723500,67.02,0.03730229782154581,-0.05218446601941747
1724500,68.2,0.03577712609970674,-0.0434235368156073
1725500,68.54,0.022468631456084038,-0.01653944020356234
1726500,66.9,0.005680119581464873,-0.011480362537764351
1727500,65.72,0.010955569080949483,-0.01750291715285881
1728500,64.42,0.0058987891959018934,-0.020798201236649803
1729500,63.0,0.010793650793650795,-0.03567567567567568
1730500,62.62,0.02012136697540722,-0.051899411449973246
1731500,63.260000000000005,0.05090104331331015,-0.054980947196516056
1732500,64.53999999999999,0.05794855903315773,-0.049069373942470386
1733500,65.14,0.06723979121891312,-0.06253585771658061
1734500,65.42,0.047386120452461024,-0.042220936957779065
1735500,64.52,0.04091754494730316,-0.02705749718151071
1736500,64.12,0.023081721771678103,-0.032329988851727984
1737500,63.4,0.02082018927444795,-0.015300546448087432
1738500,64.2,0.016822429906542057,-0.0011173184357541898
1739500,65.4,0.010397553516819572,0.017341040462427744
1740500,65.92,0.02487864077669903,-0.02112676056338028
1741500,66.84,0.031119090365050867,-0.008443908323281062
1742500,66.58,0.03875037548813458,-0.0353081986834231
1743500,65.10000000000001,0.020583717357910907,-0.029226361031518624
1744500,63.72,0.02197112366603892,-0.04520396912899669
1745500,63.9,0.023474178403755867,-0.011634349030470914
1746500,64.02,0.014058106841611996,-0.009449694274596998
1747500,64.34,-0.010879701585327946,0.034212002243409985
1748500,64.5,0.005891472868217054,0.04338028169014085
1749500,63.92,0.01939924906132666,0.03215077605321508
1750500,62.92,-0.003814367450731087,0.005393743257820928
1751500,63.32,-0.017056222362602652,0.027262813522355506
1752500,63.28,0.0006321112515802782,-0.0054466230936819175
1753500,63.78,0.004076513013483851,-0.008282716731087797
1754500,64.36,0.0006215040397762585,-0.002244668911335578
1755500,64.94,0.005851555281798583,0.05305191100969766
1756500,63.839999999999996,0.021303258145363407,0.03761061946902655
1757500,63.44,0.022068095838587643,0.047045951859956234
1758500,63.54,0.024866225999370474,-0.022490400438837082
1759500,63.54,0.019200503619767075,-0.02029621503017005
1760500,63.160000000000004,0.01773274224192527,-0.07166123778501629
1761500,63.660000000000004,0.027961043041156142,-0.07539900935608146
1762500,64.5,0.03317829457364341,-0.09295774647887324
1763500,64.24,0.02303860523038605,-0.04697986577181208
1764500,64.12,0.037429819089207735,-0.026755852842809364
1765500,65.72,0.03712720632988436,0.002333722287047841
1766500,65.82000000000001,0.033120632026739594,0.0005851375073142189
1767500,65.08,0.011063306699446834,0.0286368843069874
1768500,64.68,0.021645021645021644,0.006795016987542469
1769500,64.60000000000001,0.026006191950464396,-0.012429378531073447
1770500,63.44,0.034047919293820936,-0.0010940919037199124
1771500,63.12,0.03485424588086185,0.03470715835140998
1772500,63.5,0.05511811023622047,0.004931506849315068
1773500,64.16,0.0529925187032419,0.03794642857142857
1774500,65.60000000000001,0.02804878048780488,0.030232558139534883
1775500,67.32000000000001,0.0374331550802139,-0.026331904470300063
1776500,69.04,0.047508690614136734,-0.11053652230122818
1777500,69.5,0.08489208633093526,-0.16010498687664043
1778500,69.62,0.09738580867566791,-0.1831357048748353
1779500,68.96,0.11136890951276102,-0.15022566086395875
1780500,67.96,0.10476751030017657,-0.1285892634207241
1781500,66.53999999999999,0.10489930868650436,-0.10818888224745965
1782500,66.0,0.05515151515151515,-0.04823529411764706
1783500,65.84,0.0425273390036452,-0.03278688524590164
1784500,65.9,0.0330804248861912,-0.04398826979472141
1785500,66.47999999999999,0.029482551143200964,-0.025059665871121718
1786500,66.82000000000001,0.030829093085902426,-0.009041591320072333
1787500,67.14,0.03127792672028597,-0.015216068167985392
1788500,67.92,0.030035335689045935,-0.02743142144638404
1789500,67.94,0.03208713570797763,-0.024329382407985028
1790500,66.52,0.019242333132892364,-0.025089605734767026
1791500,66.02,0.005755831566192063,-0.028840494408475574
1792500,65.72,0.02251978088861838,-0.045507584597432905
1793500,65.22,0.025452315240723705,-0.04312823461759632
1794500,65.08,0.03933620159803319,-0.054982817869415807
1795500,65.78,0.05320766190331408,-0.08591466978375219
1796500,65.78,0.056856187290969896,-0.12215078901227353
1797500,65.5,0.055877862595419846,-0.09913043478260869
1798500,66.28,0.06819553409776705,-0.11743772241992882
1799500,66.16,0.07073760580411124,-0.12174940898345153
1800500,65.34,0.06887052341597796,-0.08366993652625505
1801500,65.48,0.09407452657299939,-0.06488991888760139
1802500,65.18,0.09420067505369745,-0.12234348075818495
1803500,64.62,0.06592386258124419,-0.060486150367439234
1804500,64.16,0.04551122194513716,-0.07366071428571429
1805500,65.14,0.05066011667178385,-0.06138841078600115
1806500,64.98,0.012003693444136657,-0.04054825813820674
1807500,65.53999999999999,0.007628928898382667,-0.0261172373766686
1808500,65.0,0.020923076923076923,-0.07542857142857143
1809500,65.82000000000001,0.02218170768763294,-0.03452311293153891
1810500,66.7,0.0002998500749625187,-0.007807807807807808
1811500,67.5,0.01037037037037037,0.005538461538461538
1812500,67.58,-0.00976620301864457,0.08945095619987661
1813500,67.2,-0.010714285714285714,0.1378048780487805
1814500,65.88000000000001,0.0006071645415907711,0.14654161781946073
1815500,64.08,0.0018726591760299626,0.1403118040089087
1816500,63.260000000000005,0.00284539993676889,0.1301034295046271
1817500,63.13999999999999,0.013620525815647768,0.11882799782962561
1818500,63.959999999999994,0.0,0.09655937846836848
1819500,64.72,-0.0173053152039555,0.06689342403628118
1820500,65.78,-0.0033444816053511705,0.04032729398012858
1821500,66.24,-0.00966183574879227,0.054502369668246446
1822500,66.10000000000001,-0.006354009077155824,0.0584070796460177
1823500,65.56,0.010372178157413058,0.06620209059233449
1824500,66.02,0.023932141775219632,0.06886403766921718
1825500,65.84,0.037059538274605106,0.040983606557377046
1826500,65.5,0.040610687022900764,0.021449275362318842
1827500,65.94,0.04094631483166515,0.020551967116852612
1828500,66.5,0.05142857142857143,-0.02208955223880597
1829500,66.42,0.057512797350195724,-0.03156640857653365
1830500,65.9,0.04339908952959029,0.029912023460410556
1831500,65.62,0.055775678146906434,0.03432228039557882
1832500,65.5,0.06198473282442748,-0.01681159420289855
1833500,65.58,0.04910033546813053,0.02149912841371296
1834500,65.46,0.0333027803238619,0.030689056166763172
1835500,65.7,0.0350076103500761,-0.022740524781341108
1836500,65.94,0.03306035790112223,-0.022900763358778626
1837500,66.3,0.01779788838612368,-0.006528189910979229
1838500,65.9,0.005159332321699545,-0.02404692082111437
1839500,65.88000000000001,0.004250151791135397,-0.012895662368112544
1840500,65.10000000000001,-0.007680491551459293,0.03495702005730659
1841500,64.7,-0.017619783616692426,0.06968838526912181
1842500,64.68,-0.008039579468150896,0.08833522083805209
1843500,65.10000000000001,-0.0052227342549923195,0.09684813753581661
1844500,64.18,0.009037083203490184,0.07649357900614182
1845500,64.9,0.0064714946070878274,0.014245014245014245
1846500,65.25999999999999,0.008887526815813668,-0.04778353483016695
1847500,65.5,0.01618320610687023,-0.08985507246376812
1848500,64.92,0.021565003080714726,-0.10718358038768529
1849500,66.5,0.008721804511278195,-0.11402985074626866
1850500,67.36,0.029691211401425176,-0.11029411764705882
1851500,67.38,0.02404274265360641,-0.0815450643776824
1852500,68.4,-0.014619883040935672,-0.053164556962025315
1853500,70.64,-0.06511891279728199,-0.0326975476839237
1854500,70.06,-0.06023408506994005,-0.024716098864395457
1855500,70.46,-0.07181379506102753,-0.0006770480704129993
1856500,71.36,-0.07791479820627803,0.009776536312849162
1857500,70.3,-0.04751066856330014,0.022222222222222223
1858500,69.69999999999999,-0.01406025824964132,0.02574257425742574
1859500,70.44,-0.013628620102214651,0.03924221921515562
1860500,69.78,-0.0031527658354829464,0.048312375909993384
1861500,70.16,0.00798175598631699,0.036193029490616625
1862500,70.32000000000001,0.0,0.018867924528301886
1863500,69.17999999999999,0.017635154668979473,-0.001946787800129786
1864500,68.26,0.042484617638441254,-0.04725897920604915
1865500,68.58,0.07086614173228346,-0.07702100572883513
1866500,67.88,0.10430170889805539,-0.12204234122042341
1867500,67.82000000000001,0.1754644647596579,-0.18707271597265382
1868500,67.88,0.23983500294637597,-0.25280199252801994
1869500,68.02,0.2561011467215525,-0.2607879924953096
1870500,66.47999999999999,0.2214199759326113,-0.22673031026252982
1871500,66.34,0.23846849562858005,-0.22162804515745693
1872500,65.62,0.21426394391953674,-0.1948807446189645
1873500,65.03999999999999,0.1931119311193112,-0.16819221967963388
1874500,64.68,0.19418676561533704,-0.17440543601359004
1875500,64.74,0.23509422304603028,-0.2081678956324447
1876500,64.08,0.18414481897627966,-0.17371937639198218
1877500,63.7,0.1497645211930926,-0.12727272727272726
1878500,64.4,0.16459627329192547,-0.1404494382022472
1879500,63.519999999999996,0.15050377833753148,-0.12609649122807018
1880500,63.62,0.11662999056900346,-0.1170973062122045
1881500,64.08,0.12172284644194757,-0.12472160356347439
1882500,64.44,0.11483550589695841,-0.13835770528683913
1883500,64.72,0.05067985166872682,-0.08956916099773243
1884500,65.53999999999999,0.045468416234360695,-0.0702263493905978
1885500,65.74,0.05993306966839063,-0.056625802685347344
1886500,66.03999999999999,0.06238643246517262,0.0
1887500,65.66,0.06548888212001218,0.008736167734420501
1888500,64.82,0.05522986732489972,0.011938601478112564
1889500,64.68,0.030303030303030304,0.022650056625141562
1890500,64.53999999999999,0.008986674930275797,0.024252679075014102
1891500,64.8,0.021604938271604937,-0.0659090909090909
1892500,65.53999999999999,0.028989929813854134,-0.0853163087637841
1893500,65.78,0.03253268470659775,-0.07305669199298656
1894500,66.66,0.032703270327032706,-0.07378524295140972
1895500,65.86,0.04221075007591862,-0.02753368482718219
1896500,64.9,0.034822804314329735,0.018803418803418803
1897500,64.60000000000001,0.03219814241486068,0.03389830508474576
1898500,64.60000000000001,0.04829721362229102,0.013559322033898305
1899500,64.12,0.054273237679351216,0.021181716833890748
1900500,64.98,0.048938134810710986,0.013135351227869789
1901500,65.14,0.03960700030703101,0.01549053356282272
1902500,65.4,0.03547400611620795,0.010404624277456647
1903500,65.08,0.04240934234787953,0.0286368843069874
1904500,64.58,0.04428615670486219,0.025409373235460192
1905500,65.58,0.05032021957913998,-0.004067402672864613
1906500,66.52,0.05652435357787132,-0.007168458781362007
1907500,66.46,0.07493229009930785,-0.01967799642218247
1908500,66.8,0.07065868263473053,-0.03253012048192771
1909500,67.92,0.07597173144876325,-0.02119700748129676
1910500,66.8,0.07305389221556886,-0.02289156626506024
1911500,65.34,0.05907560453014998,-0.034045008655510675
1912500,65.24,0.03126916002452483,-0.0023014959723820483
1913500,64.5,0.024496124031007753,0.003943661971830986
1914500,63.46000000000001,0.01481248030255279,-0.0060207991242474
1915500,64.22,0.023357209592027407,-0.005030743432084964
1916500,65.25999999999999,0.07447134538768005,-0.04548071387449626
1917500,64.56,0.10718711276332094,-0.07110609480812641
1918500,64.98,0.09264389042782395,-0.06681896059394632
1919500,65.08,0.0958819913952059,-0.006872852233676976
1920500,64.86,0.08294788775824853,0.015367103016505406
1921500,64.72,0.021013597033374538,0.05668934240362812
1922500,65.0,0.0,0.08457142857142858
1923500,64.88000000000001,0.004932182490752158,0.06492027334851937
1924500,64.62,-0.01021355617455896,-0.029960429621254947
1925500,64.22,-0.018374338212394894,-0.040804918949133594
1926500,63.72,-0.0018832391713747645,-0.03307607497243661
1927500,64.1,0.0034321372854914196,-0.04512534818941504
1928500,64.52,0.029138251704897707,-0.033821871476888386
1929500,65.66,0.05878769418215047,-0.0029120559114735
1930500,66.3,0.08476621417797889,-0.011275964391691394
1931500,67.38,0.09587414663104779,-0.026364193746167996
1932500,67.58,0.07073098549866824,0.00431832202344232
1933500,68.08,0.055229142185663924,0.02756892230576441
1934500,68.16,0.05046948356807512,0.03391959798994975
1935500,67.56,0.046773238602723505,0.025893958076448828
1936500,66.60000000000001,0.024024024024024024,0.03952095808383234
1937500,66.82000000000001,0.042202933253516914,0.019891500904159132
1938500,67.25999999999999,0.03419565863812073,-0.0018326206475259622
1939500,65.98,0.014852985753258564,-0.018224573780129337
1940500,66.92,0.007770472205618649,-0.007255139056831923
1941500,67.58,0.006806747558449245,-0.00431832202344232
1942500,67.08,0.0011926058437686344,-0.031591737545565005
1943500,65.62,0.013105760438890583,-0.03315881326352531
1944500,65.84,0.015795868772782502,-0.03395784543325527
1945500,64.1,0.00093603744149766,-0.03955431754874652
1946500,63.12,0.014575411913814956,-0.028199566160520606
1947500,63.38,0.020511202272010098,-0.0070999453850355
1948500,64.38000000000001,0.02267785026405716,-0.0005614823133071309
1949500,64.36,0.035425730267246734,0.001122334455667789
1950500,65.18,0.04878797177048174,0.03159103963239517
1951500,65.86,0.035529911934406314,0.050966608084358524
1952500,66.38,0.030430852666465804,0.05056513979773944
1953500,66.86,0.012862698175291655,0.1056125528062764
1954500,66.78,0.008086253369272238,0.13184828416616495
1955500,66.32000000000001,-0.0036188178528347406,0.14845605700712589
1956500,65.82000000000001,0.014889091461561836,0.136337039204213
1957500,65.32,0.02878138395590937,0.11072664359861592
1958500,64.86,0.02744372494603762,0.05520774046670461
1959500,64.58,0.013316816351811707,0.053642010163749296
1960500,65.56,0.018303843807199512,0.003484320557491289
1961500,66.03999999999999,-0.0012113870381586917,-0.016489988221436984
1962500,66.62,-0.0387271089762834,0.02456560814859197
1963500,66.36,-0.03375527426160337,0.04994054696789536
1964500,66.72,-0.02997601918465228,0.001201923076923077
1965500,66.58,-0.02613397416641634,0.005385996409335727
1966500,66.24,-0.017512077294685992,0.0
1967500,64.75999999999999,0.014823965410747375,-0.036322360953461974
1968500,64.02,0.010309278350515464,-0.05169538632573652
1969500,64.68,0.030303030303030304,-0.02491506228765572
1970500,64.58,0.05109941158253329,-0.019762845849802372
1971500,63.5,0.1011023622047244,-0.003289473684210526
1972500,62.94,0.11344137273593899,-0.0021598272138228943
1973500,63.06,0.10815096733269902,-0.0005420054200542005
1974500,61.72,0.09786130913804278,-0.01882845188284519
1975500,61.419999999999995,0.08368609573428851,-0.043072132848988066
1976500,61.58,0.052939265995453066,-0.0375
1977500,62.46000000000001,0.038744796669868714,-0.03304904051172708
1978500,62.3,0.05489566613162119,-0.021750663129973476
1979500,63.44,0.05170239596469105,-0.0087527352297593
1980500,63.2,0.03734177215189873,-0.004347826086956522
1981500,63.839999999999996,0.017543859649122806,-0.01991150442477876
1982500,63.4,0.023974763406940065,-0.04371584699453552
1983500,63.660000000000004,0.024819352811812755,-0.07760044028618603
1984500,63.36000000000001,0.020833333333333332,-0.07751091703056769
1985500,64.66,0.012681719764924219,-0.08092812676853424
1986500,67.46,-0.026978950489178772,-0.08174554394591273
1987500,71.0,-0.09014084507042254,-0.02482758620689655
1988500,71.58,-0.10813076278290025,-0.0007037297677691766
1989500,71.76,-0.09921962095875139,-0.012747875354107648
1990500,70.64,-0.09909399773499433,0.014986376021798364
1991500,67.74,-0.06938293475051668,0.0018598884066955983
1992500,64.9,-0.008320493066255779,-0.034757834757834755
1993500,64.38000000000001,-0.031997514756135444,-0.0039303761931499155
1994500,63.72,-0.052102950408035156,0.019845644983461964
1995500,63.580000000000005,-0.0374331550802139,0.017023613399231193
1996500,65.46,0.0058050717995722576,0.008685581933989578
1997500,67.30000000000001,0.050817236255572065,0.0024479804161566705
1998500,67.32000000000001,0.10398098633392751,-0.043478260869565216
1999500,68.44,0.1244886031560491,-0.03614457831325301
2000500,69.16,0.1231925968768074,-0.038286826735885786
2001500,66.9,0.08878923766816144,-0.026602176541717048
2002500,65.10000000000001,0.041474654377880185,-0.005157593123209169
2003500,65.06,0.027359360590224407,-0.007441327990841442
2004500,64.68,0.0055658627087198514,-0.01812004530011325
2005500,64.22,0.008408595453129867,-0.02738960313024036
2006500,64.64,0.01051980198019802,-0.02828054298642534
2007500,64.24,0.0043586550435865505,-0.03131991051454139
2008500,64.44,0.009931719428926133,-0.04611923509561305
2009500,65.2,0.013496932515337423,-0.029885057471264367
2010500,64.98,-0.002770083102493075,-0.01656196459166191
2011500,66.12,-0.003629764065335753,-0.0023612750885478157
2012500,66.7,0.0026986506746626685,0.015015015015015015
2013500,66.53999999999999,0.01953712052900511,0.02211595935445308
2014500,65.3,0.04012251148545176,0.001729106628242075
2015500,65.14,0.0604851089960086,-0.0005737234652897303
2016500,63.959999999999994,0.07379612257661038,-0.0022197558268590455
2017500,63.75999999999999,0.07340025094102885,-0.011037527593818985
2018500,64.02,0.05716963448922212,-0.007226236798221234
2019500,64.25999999999999,0.03828197945845005,0.006155567991046447
2020500,64.36,0.05158483530142946,-0.015712682379349047
2021500,64.64,0.05012376237623763,-0.03619909502262444
2022500,64.88000000000001,0.051171393341553635,-0.05125284738041002
2023500,65.14,0.06723979121891312,-0.07056798623063683
2024500,65.84,0.09234507897934387,-0.10772833723653395
2025500,65.4,0.07584097859327217,-0.07052023121387284
2026500,64.8,0.06975308641975309,-0.04431818181818182
2027500,63.800000000000004,0.08087774294670846,-0.008839779005524863
2028500,63.46000000000001,0.06523794516230697,-0.027914614121510674
2029500,63.260000000000005,0.0325640214985773,-0.011431682090364725
2030500,63.68000000000001,0.031407035175879394,-0.034140969162995596
2031500,64.38000000000001,0.05933519726623175,-0.07580011229646266
2032500,65.5,0.04122137404580153,-0.09913043478260869
2033500,64.34,0.051911718992850485,-0.030846887268648347
2034500,62.8,0.08535031847133757,-0.046236559139784944
2035500,63.1,0.08272583201267829,-0.05257452574525745
2036500,62.5,0.03552,-0.029333333333333333
2037500,61.72,0.04277381723914452,-0.022988505747126436
2038500,63.160000000000004,0.03229892336922103,-0.05754614549402823
2039500,64.82,0.016970070965751313,-0.04377487208641274
2040500,65.16,-0.022099447513812154,-0.022426682001150087
2041500,66.96,-0.053763440860215055,-0.03820497271073378
2042500,66.3,-0.06485671191553545,-0.0558858501783591
2043500,65.25999999999999,-0.07569721115537849,-0.0461361014994233
2044500,65.53999999999999,-0.0912419896246567,-0.047674418604651166
2045500,65.10000000000001,-0.05130568356374808,-0.04297994269340974
2046500,64.52,0.011159330440173589,-0.033821871476888386
2047500,65.74,0.0021296014602981443,-0.0017513134851138354
2048500,65.64,0.006093845216331505,0.010477299185098952
2049500,64.78,0.011423278789749922,0.019875070982396367
2050500,65.44,-0.007334963325183374,0.032407407407407406
2051500,64.05999999999999,-0.01404932875429285,0.012799109627156371
2052500,63.36000000000001,-0.008207070707070708,-0.028384279475982533
2053500,63.959999999999994,-0.008755472170106316,-0.03773584905660377
2054500,63.56,0.008181246066708621,-0.04939626783754116
2055500,62.56,0.02877237851662404,-0.06209150326797386
2056500,64.60000000000001,0.0086687306501548,-0.030618139803581745
2057500,67.78,-0.02213042195337858,0.006361323155216285
2058500,68.04,-0.026455026455026454,0.028864656831302116
2059500,67.5,-0.041185185185185186,0.07566204287515763
2060500,68.32000000000001,-0.04215456674473068,0.058823529411764705
2061500,67.5,-0.021037037037037038,0.04
2062500,64.60000000000001,0.026625386996904025,0.02937853107344633
2063500,64.38000000000001,0.028890959925442685,0.056709713644020214
2064500,64.78,0.03426983636924977,-0.014196479273140262
2065500,64.84,0.028994447871684145,-0.006825938566552901
2066500,63.959999999999994,0.028767979987492184,-0.017758046614872364
2067500,63.580000000000005,0.03240012582573136,-0.009335529928610654
2068500,63.68000000000001,0.029522613065326633,-0.048458149779735685
2069500,63.68000000000001,0.03329145728643216,-0.014317180616740088
2070500,63.06,0.03203298445924516,-0.01028695181375203
2071500,64.08,0.020599250936329586,0.013363028953229399
2072500,64.74,0.010194624652455977,-0.005104934770277935
2073500,64.8,0.006172839506172839,-0.0022727272727272726
2074500,65.38000000000001,0.005200367084735393,-0.0005777007510109763
2075500,65.74,0.007605719501064801,-0.014594279042615295
2076500,65.4,0.026299694189602447,-0.024277456647398842
2077500,65.66,0.030764544623819678,-0.023878858474082703
2078500,65.68,0.0341047503045067,-0.018648018648018648
2079500,66.16,0.018742442563482467,-0.013002364066193853
2080500,66.02,0.014238109663738261,-0.028840494408475574
2081500,65.46,0.009471432936144211,-0.030689056166763172
2082500,64.64,-0.0024752475247524753,-0.04072398190045249
2083500,66.25999999999999,-0.027467552067612436,-0.06816834617664493
2084500,67.42,-0.060219519430436075,-0.050951503990178025
2085500,67.52,-0.06990521327014218,0.008620689655172414
2086500,68.28,-0.09080257762155829,0.032217308907138344
2087500,69.19999999999999,-0.08497109826589595,0.05530253741054001
2088500,67.67999999999999,-0.06973995271867613,0.06633601983880967
2089500,66.46,-0.024375564249172435,0.037037037037037035
2090500,66.94,-0.015237526142814461,0.019393939393939394
2091500,66.86,-0.01226443314388274,0.011466505733252867
2092500,66.52,-0.0036079374624173183,0.0
2093500,66.60000000000001,0.01021021021021021,0.022754491017964073
2094500,66.46,-0.003912127595546194,0.042337507453786526
2095500,66.78,-0.009284216831386643,0.037928958458759786
2096500,67.06,0.014017297942141366,0.009107468123861567
2097500,66.86,-0.0002991325157044571,0.018708509354254676
2098500,66.16,-0.011487303506650543,-0.002364066193853428
2099500,66.24,0.006642512077294686,-0.009478672985781991
2100500,64.8,0.011728395061728396,-0.02727272727272727
2101500,64.64,0.012376237623762377,-0.05995475113122172
2102500,65.10000000000001,0.026113671274961597,-0.0830945558739255
2103500,66.60000000000001,0.0024024024024024023,-0.05269461077844311
2104500,66.22,0.0021141649048625794,-0.057430432208407343
2105500,67.42,-0.003263126668644319,-0.04358502148557397
2106500,66.74,-0.021875936469883128,0.04630186410102225
2107500,66.18,-0.037775763070414026,0.06327616794795979
2108500,65.46,-0.01435991445157348,0.013317892298784018
2109500,65.64,-0.019500304692260818,0.0
2110500,65.44,-0.02628361858190709,-0.024305555555555556
2111500,65.86,-0.02399028241724871,-0.03456356180433509
2112500,66.52,-0.012026458208057728,-0.03106332138590203
2113500,66.5,0.002706766917293233,-0.020895522388059702
2114500,66.58,-0.008110543706818865,0.008976660682226212
2115500,66.06,0.002119285498032092,0.021803182086034177
2116500,65.84,-0.0006075334143377885,-0.00585480093676815
2117500,65.36,-0.0006119951040391676,-0.0011547344110854503
2118500,65.06,-0.003996311097448509,0.006296508299942759
2119500,64.58,0.002787240631774543,0.005081874647092038
2120500,63.739999999999995,0.0015688735487919673,0.03695532266960838
2121500,63.85999999999999,0.009082367679298466,-0.002767017155506364
2122500,63.660000000000004,0.012880929940307886,-0.053384700055035775
2123500,63.62,-0.009745363093366866,-0.04452996151731721
2124500,63.580000000000005,0.007864108210128971,-0.060955518945634266
2125500,64.46,0.013341607198262488,-0.09848058525604952
2126500,64.0,0.00875,-0.044444444444444446
2127500,63.75999999999999,0.005018820577164366,-0.02207505518763797
2128500,63.44,0.0031525851197982345,-0.010940919037199124
2129500,63.480000000000004,0.005040957781978576,-0.025191675794085433
2130500,63.4,0.00946372239747634,-0.02185792349726776
2131500,63.1,0.018066561014263075,-0.03523035230352303
2132500,64.1,0.016536661466458658,0.008356545961002786
2133500,63.75999999999999,0.04077791718946048,0.01545253863134658
2134500,63.75999999999999,0.011292346298619825,0.018763796909492272
2135500,63.839999999999996,0.011278195488721804,0.016592920353982302
2136500,64.5,-0.0065116279069767444,0.0016901408450704226
2137500,63.480000000000004,-0.019533711405166982,0.0032858707557502738
2138500,64.14,-0.02837542874961023,-0.03179029559397657
2139500,64.02,-0.02155576382380506,-0.017231795441912175
2140500,64.7,-0.03183925811437403,-0.0084985835694051
2141500,65.98,-0.012428008487420431,0.037037037037037035
2142500,66.36,0.003616636528028933,0.0178359096313912
2143500,66.46,0.010532651218778213,0.04710793082886106
2144500,66.18,0.018434572378362043,0.0892962743938498
2145500,64.94,0.018786572220511243,0.09526525955504848
2146500,63.28,-0.0012642225031605564,0.06209150326797386
2147500,63.519999999999996,-0.015113350125944584,0.05043859649122807
2148500,63.260000000000005,-0.03446095478975656,0.048448557430593356
2149500,63.75999999999999,-0.04830614805520703,-0.004415011037527594
2150500,64.36,-0.05469235550031075,-0.031425364758698095
2151500,64.46,-0.033198883028234566,-0.028700056274620148
2152500,64.52,-0.013639181649101054,-0.033821871476888386
2153500,64.68,-0.00927643784786642,-0.057757644394110984
2154500,64.88000000000001,-0.008014796547472256,-0.04669703872437358
2155500,64.58,-0.0034066274388355527,-0.024280067758328628
2156500,65.16,-0.011663597298956415,-0.011481056257175661
2157500,64.64,-0.03403465346534654,0.02828054298642534
2158500,64.1,-0.02215288611544462,0.06295264623955432
2159500,62.56,-0.005754475703324808,0.06837606837606838
2160500,61.5,0.002926829268292683,0.06701298701298701
2161500,60.0,0.024666666666666667,0.042
2162500,60.12,0.031936127744510975,0.01805416248746239
2163500,59.62,0.0600469641060047,0.005448241703813769
2164500,59.48,0.06186953597848016,0.005923000987166831
2165500,60.919999999999995,0.04990151017728168,0.0
2166500,60.88,0.0032851511169513796,0.027607361963190184
2167500,60.74,0.017451432334540665,0.030056036678553236
2168500,61.419999999999995,-0.0081406707912732,0.002592016588906169
2169500,62.519999999999996,-0.023672424824056303,0.01814300960512273
2170500,62.28,-0.008349389852280027,0.02014846235418876
2171500,63.18,0.018043684710351376,0.007061379684953829
2172500,63.38,0.016093404859577155,0.002730748225013654
2173500,63.739999999999995,0.0028239723878255413,0.03033645890788748
2174500,64.02,0.009059668853483286,-0.0016675931072818232
2175500,64.0,0.00625,-0.013333333333333334
2176500,63.68000000000001,-0.009422110552763818,-0.011013215859030838
2177500,64.28,-0.013690105787181083,-0.012318029115341545
2178500,64.68,-0.0030921459492888066,-0.01245753114382786
2179500,65.84,-0.001215066828675577,0.00702576112412178
2180500,66.78,-0.001497454327643007,0.029500301023479832
2181500,68.08,0.0005875440658049354,0.01818181818181818
2182500,67.47999999999999,-0.002963841138114997,0.012923076923076923
2183500,67.28,0.0023781212841854932,0.027522935779816515
2184500,66.88,0.0029904306220095694,0.0030211480362537764
2185500,66.42,0.0021077988557663355,-0.0023837902264600714
2186500,65.78,0.019154758285193068,0.004091174751607247
2187500,66.25999999999999,0.03048596438273468,-0.006520450503852994
2188500,66.88,0.031698564593301434,-0.06038647342995169
2189500,66.44,0.034918723660445516,-0.06436233611442194
2190500,66.24,0.026570048309178744,-0.06279620853080568
2191500,66.34,0.01658124811576726,-0.052881758764111705
2192500,65.62,0.0015239256324291375,-0.0029086678301337987
2193500,64.75999999999999,-0.0037059913526868438,0.04199772985244041
2194500,63.46000000000001,-0.005357705641348881,0.027914614121510674
2195500,63.239999999999995,0.009487666034155597,-0.004352557127312296
2196500,62.8,0.018471337579617834,-0.005376344086021506
2197500,62.519999999999996,0.021753039027511197,-0.01814300960512273
2198500,61.96,0.02065848934796643,-0.02103049421661409
2199500,63.36000000000001,0.01452020202020202,0.019650655021834062
2200500,62.92,0.012078830260648443,0.038834951456310676
2201500,63.72,0.0025109855618330196,0.03307607497243661
2202500,63.160000000000004,-0.011399620012666244,0.011943539630836048
2203500,63.6,0.0025157232704402514,-0.04065934065934066
2204500,63.800000000000004,0.016927899686520375,-0.07955801104972375
2205500,64.52,-0.0006199628022318661,-0.0496054114994363
2206500,64.2,-0.003738317757009346,-0.04581005586592179
2207500,65.72,-0.0012172854534388314,-0.040840140023337225
2208500,66.75999999999999,-0.0347513481126423,0.026474127557160047
2209500,66.8,-0.04790419161676647,0.0746987951807229
2210500,66.8,-0.04790419161676647,0.046987951807228916
2211500,66.9,-0.05171898355754858,0.07190332326283988
2212500,67.34,-0.0395010395010395,0.06674831598285365
2213500,66.2,-0.04169184290030212,0.06390532544378698
2214500,65.5,-0.05465648854961832,0.028405797101449276
2215500,65.52,-0.03540903540903541,0.030162412993039442
2216500,64.96,-0.035098522167487683,0.0273972602739726
2217500,63.18,-0.033871478315922764,0.045084193373166756
2218500,62.53999999999999,-0.01694915254237288,0.037907100907634814
2219500,62.03999999999999,0.018052869116698903,0.03161222339304531
2220500,60.72,0.01844532279314888,0.008146639511201629
2221500,60.96,0.05643044619422572,-0.012295081967213115
2222500,62.36000000000001,0.06670942912123155,-0.03880914407230197
2223500,62.53999999999999,0.059801726894787334,-0.027777777777777776
2224500,63.019999999999996,0.03395747381783561,-0.003246753246753247
2225500,63.800000000000004,0.0219435736677116,0.002763957987838585
2226500,63.36000000000001,0.005050505050505051,-0.006007646095030038
2227500,63.13999999999999,-0.009185936015204309,-0.011394465545306565
2228500,63.22,-0.009174311926605505,-0.04513322457857531
2229500,63.260000000000005,-0.023711666139740753,-0.035383777898747956
2230500,63.56,-0.015103838892385148,-0.030735455543358946
2231500,64.78,-0.02747761654831738,-0.015332197614991482
2232500,65.06,-0.04641869043959422,-0.007441327990841442
2233500,65.28,-0.05330882352941176,0.04608294930875576
2234500,65.28,-0.03615196078431373,0.03917050691244239
2235500,64.98,-0.030470914127423823,0.04625928041119361
2236500,64.62,-0.02816465490560198,0.0423968343697004
2237500,64.5,-0.0027906976744186047,0.04563380281690141
2238500,64.62,0.025069637883008356,-0.011871113623516111
2239500,65.4,0.01834862385321101,0.025433526011560695
2240500,65.48,-0.00916310323762981,0.06373117033603708
2241500,64.8,-0.028395061728395062,0.06818181818181818
2242500,63.85999999999999,-0.04854368932038835,0.09131156613171001
2243500,64.0,-0.055,0.10444444444444445
2244500,64.18,-0.04082268619507635,0.06867671691792294
2245500,64.38000000000001,-0.03821062441752097,0.060078607523863
2246500,64.44,-0.03910614525139665,0.06749156355455568
2247500,65.2,-0.046625766871165646,0.052873563218390804
2248500,65.25999999999999,-0.05240576156910818,0.06620610247553253
2249500,64.08,-0.062421972534332085,0.06904231625835189
2250500,63.72,-0.04833647206528562,0.05512679162072767
2251500,63.36000000000001,-0.03409090909090909,0.060043668122270744
2252500,62.88,0.0019083969465648854,0.07758620689655173
2253500,62.62,0.007984669434685404,0.06581059390048154
2254500,62.72,0.002551020408163265,0.0536480686695279
2255500,63.46000000000001,0.007248660573589662,0.039956212370005476
2256500,65.12,-0.025184275184275184,0.014908256880733946
2257500,65.46,-0.0406355025970058,-0.0028951939779965257
2258500,65.53999999999999,-0.08086664632285627,0.03656413232733604
2259500,65.72,-0.08034083992696288,0.058343057176196034
2260500,65.14,-0.08627571384709856,0.07286288009179576
2261500,63.7,-0.04050235478806907,0.06225895316804408
2262500,63.28,-0.045512010113780026,0.037037037037037035
2263500,62.3,-0.022150882825040127,-0.01220159151193634
2264500,60.81999999999999,-0.025978296612956264,-0.03522205206738132
2265500,60.28,-0.015262110152621102,-0.059415911379657606
2266500,59.519999999999996,0.0020161290322580645,-0.07905138339920949
2267500,59.440000000000005,0.0,-0.08284023668639054
2268500,60.86,0.00032862306933946765,-0.0740929994890138
2269500,62.78,-0.006052883083784644,-0.07254164427727028
2270500,63.519999999999996,-0.023299748110831235,-0.07785087719298246
2271500,65.08,-0.03503380454824831,-0.027491408934707903
2272500,65.16,-0.034990791896869246,0.009184845005740528
2273500,65.06,-0.017522287119581925,0.0017172295363480253
2274500,64.66,-0.01824930405196412,0.0028296547821165816
2275500,65.3,-0.02113323124042879,0.03631123919308357
2276500,64.86,-0.03731113166820845,0.027888446215139442
2277500,65.3,-0.03522205206738132,0.002881844380403458
2278500,65.82000000000001,-0.04831358249772106,0.02984201287302516
2279500,65.7,-0.033181126331811264,0.022740524781341108
2280500,65.42,-0.02965453989605625,0.013302486986697512
2281500,66.12,-0.047186932849364795,0.018890200708382526
2282500,65.78,-0.041653998175737304,0.04032729398012858
2283500,65.2,-0.03742331288343558,0.05057471264367816
2284500,65.06,-0.05072241008300031,0.06353749284487693
2285500,64.46,-0.05802047781569966,0.1277433877321328
2286500,62.82,-0.04170646290990131,0.16729424421732114
2287500,62.839999999999996,-0.04455760661998727,0.16146393972012918
2288500,62.839999999999996,-0.04964990451941439,0.1496232508073197
2289500,63.12,-0.04182509505703422,0.15509761388286333
2290500,63.339999999999996,-0.020524155352068203,0.10201854882705946
2291500,65.12,-0.010442260442260442,0.052752293577981654
2292500,66.28,-0.019915509957754977,0.066429418742586
2293500,67.02,-0.017009847806624886,0.06973923590054579
2294500,66.97999999999999,-0.012839653627948642,0.06238643246517262
2295500,66.97999999999999,-0.019408778739922364,0.06844336765596608
2296500,66.9,-0.051121076233183856,0.09607250755287008
2297500,66.8,-0.07724550898203593,0.13253012048192772
2298500,66.74,-0.1027869343721906,0.153337342152736
2299500,67.34,-0.14523314523314523,0.20269442743417024
2300500,67.96,-0.19305473808122425,0.23470661672908863
2301500,67.52,-0.16113744075829384,0.20812807881773399
2302500,67.34,-0.1381051381051381,0.18432333129210043
2303500,67.94,-0.13040918457462466,0.18278228321896445
2304500,67.92,-0.1071849234393404,0.16708229426433915
2305500,68.04,-0.10052910052910052,0.17772215269086358
2306500,68.17999999999999,-0.16397770607216192,0.22061596480201132
2307500,67.94,-0.16926700029437738,0.2014971927635683
2308500,66.75999999999999,-0.15038945476333135,0.17448856799037304
2309500,66.67999999999999,-0.125374925014997,0.12484993997599039
2310500,66.62,-0.1011708195737016,0.11683642899940083
2311500,67.78,-0.04632634995573916,0.07386716325263812
2312500,68.44,-0.024547048509643482,0.0697084917617237
2313500,68.60000000000001,-0.0314868804664723,0.07898089171974522
2314500,68.52000000000001,-0.018096906012842966,0.05082592121982211
2315500,67.78,0.0014753614635585719,0.008069522036002483
2316500,66.7,-0.005097451274362818,-0.021021021021021023
2317500,66.03999999999999,-0.0018170805572380376,-0.05653710247349823
2318500,66.84,0.00718132854578097,-0.09167671893848009
2319500,67.0,-0.005970149253731343,-0.0703030303030303
2320500,68.5,-0.0037956204379562043,-0.07555555555555556
2321500,68.94,0.0020307513780098638,-0.043142305215711524
2322500,70.0,0.008571428571428572,-0.036
2323500,70.32000000000001,0.01080773606370876,-0.03234501347708895
2324500,71.17999999999999,0.0160157347569542,-0.029840388619014575
2325500,68.62,0.007869425823375109,-0.007010834926704908
2326500,67.75999999999999,0.01475796930342385,-0.02481389578163772
2327500,66.84,-0.014961101137043686,0.006031363088057901
2328500,65.84,-0.015795868772782502,0.02810304449648712
2329500,65.38000000000001,-0.019883756500458857,0.04563835932986713
2330500,67.44,-0.021945432977461446,0.04668304668304668
2331500,68.36,-0.022235225277940317,0.061946902654867256
2332500,68.2,0.007038123167155425,0.05408805031446541
2333500,67.9,-0.002061855670103093,0.06292834890965732
2334500,66.9,-0.011061285500747383,0.038066465256797584
2335500,65.94,0.005762814680012132,0.02759835584263065
2336500,64.7,-0.0034003091190108192,0.059490084985835696
2337500,64.22,-0.02148863282466521,0.04586129753914989
2338500,63.78,-0.034807149576669805,0.07624309392265194
2339500,63.839999999999996,-0.03884711779448621,0.11738648947951273
2340500,65.44,-0.12469437652811736,0.18076477404403243
2341500,66.52,-0.105832832230908,0.18421052631578946
2342500,66.88,-0.090311004784689,0.20483383685800605
2343500,67.32000000000001,-0.058823529411764705,0.1500306184935701
2344500,66.94,-0.03674932775619958,0.10828796128251664
2345500,65.98,0.04880266747499242,0.024103468547912992
2346500,64.84,0.030845157310302282,0.005688282138794084
2347500,65.25999999999999,-0.00030646644192460924,0.008655510675129832
2348500,65.66,-0.013097776424002438,0.002918855808523059
2349500,66.52,-0.025856885147324114,-0.003592814371257485
2350500,66.62,-0.036325427799459624,0.006606606606606606
2351500,67.42,-0.041827350934440816,-0.0018461538461538461
2352500,66.84,-0.024536205864751647,0.019300361881785282
2353500,66.3,-0.028054298642533938,0.04925816023738872
2354500,66.86,-0.03679329943164822,0.06819553409776705
2355500,66.06,-0.0384498940357251,0.06658809664113141
2356500,65.46,-0.011915673693858845,0.046902142443543716
2357500,68.0,-0.06294117647058824,0.02375
2358500,68.92,-0.062100986651189787,-0.01673101673101673
2359500,68.97999999999999,-0.07335459553493766,-0.017408123791102514
2360500,69.69999999999999,-0.08866571018651363,-0.012541254125412541
2361500,71.02000000000001,-0.09208673613066742,-0.010351966873706004
2362500,69.12,-0.043402777777777776,0.0038860103626943004
2363500,68.66,-0.027090008738712496,0.01595405232929164
2364500,68.32000000000001,-0.0234192037470726,0.03409090909090909
2365500,66.25999999999999,-0.011168125565952309,0.013633669235328987
2366500,63.72,-0.008788449466415568,0.024255788313120176
2367500,61.9,-0.00420032310177706,0.03517060367454068
2368500,61.24000000000001,-0.039190071848465055,0.048503611971104234
2369500,60.3,-0.046102819237147596,0.037783375314861464
2370500,62.1,-0.03639291465378422,0.03852242744063324
2371500,64.5,-0.026976744186046512,0.015211267605633802
2372500,65.58,-0.04056114669106435,-0.03660662405578152
2373500,65.16,-0.026396562308164517,-0.06544202066590127
2374500,65.10000000000001,-0.002150537634408602,-0.08538681948424069
2375500,64.84,-0.022208513263417645,-0.06598407281001138
2376500,64.32,-0.05037313432835821,-0.043721973094170405
2377500,64.7,-0.03245749613601236,-0.028895184135977338
2378500,65.75999999999999,-0.040145985401459854,0.02453271028037383
2379500,65.88000000000001,-0.052216150576806314,0.03985932004689332
2380500,65.82000000000001,-0.03494378608325737,0.021650087770626096
2381500,65.62,-0.027125876257238647,0.008726003490401396
2382500,65.62,-0.03261200853398354,0.004072134962187318
2383500,66.42,-0.015959048479373683,-0.03275759380583681
2384500,68.17999999999999,-0.04957465532414198,-0.010685103708359522
2385500,67.58,-0.028706717963894644,-0.03639728562615669
2386500,66.53999999999999,-0.029155395250976854,-0.05080693365212194
2387500,66.58,-0.03154100330429559,-0.028126870137642132
2388500,65.46,-0.04246868316529178,-0.03184713375796178
2389500,64.12,-0.004990642545227698,-0.04013377926421405
2390500,65.10000000000001,-0.029185867895545316,0.010888252148997135
2391500,66.36,-0.034358047016274866,0.05826397146254459
2392500,66.18,-0.03535811423390753,0.07865168539325842
2393500,65.34,-0.03458830731558004,0.10559723023658396
2394500,65.64,-0.04570383912248629,0.10244470314318975
2395500,66.08000000000001,-0.041767554479418885,0.08844339622641509
2396500,65.68,-0.025578562728380026,0.07342657342657342
2397500,65.58,-0.0326318999695029,0.05520046484601976
2398500,65.88000000000001,-0.03946569520340012,-0.005861664712778429
2399500,64.88000000000001,-0.02157829839704069,-0.0056947608200455585
2400500,64.62,-0.012689569792633859,-0.020915771622385528
2401500,64.53999999999999,-0.03439727300898667,-0.050197405527354765
2402500,63.44,-0.03026481715006305,-0.02735229759299781
2403500,64.1,-0.0202808112324493,-0.005013927576601671
2404500,64.82,-0.03609996914532552,0.007390562819783968
2405500,64.64,-0.05198019801980198,0.01809954751131222
2406500,64.48,-0.04218362282878412,0.030405405405405407
2407500,66.24,-0.04468599033816425,-0.017772511848341232
2408500,67.08,-0.04949314251639833,-0.001215066828675577
2409500,68.54,-0.038809454333236064,0.018436109345200253
2410500,68.96,-0.02320185614849188,0.03350515463917526
2411500,69.42,-0.03889369057908384,0.0974493132766514
2412500,70.02000000000001,-0.0397029420165667,0.1314209472981988
2413500,69.28,-0.04214780600461894,0.17838541666666666
2414500,68.60000000000001,-0.05481049562682216,0.1375796178343949
2415500,69.48,-0.0667818077144502,0.12975098296199214
2416500,70.62,-0.04276408949306146,0.08719346049046321
2417500,71.06,-0.022234731213059387,0.06500691562932227
2418500,72.18,-0.013022998060404543,-0.012949640287769784
2419500,72.7,-0.010178817056396148,0.002932551319648094
2420500,74.11999999999999,-0.05504587155963303,-0.02088167053364269
2421500,73.04,-0.07228915662650602,-0.017830609212481426
2422500,71.32,-0.08412787436904094,-0.029329608938547486
2423500,70.7,-0.08345120226308345,-0.04032809295967191
2424500,70.36,-0.06310403638430927,-0.0945945945945946
2425500,67.36,-0.007125890736342043,-0.04785276073619632
2426500,66.62,-0.0021014710297208045,-0.04973037747153984
2427500,66.46,-0.008125188083057478,-0.012522361359570662
2428500,65.82000000000001,-0.014889091461561836,0.012287887653598596
2429500,64.46,-0.03568104250698107,0.05008441193021947
2430500,64.78,-0.0379746835443038,0.04031800113571834
2431500,65.0,-0.03323076923076923,0.011428571428571429
2432500,65.42,-0.013145826964231121,-0.04684788895315211
2433500,65.28,-0.006740196078431373,-0.0587557603686636
2434500,65.58,0.01982311680390363,-0.06914584543869844
2435500,64.62,-0.004023522129371711,-0.04465799886941775
2436500,64.8,-0.008641975308641974,-0.01818181818181818
2437500,64.86,-0.020659882824545173,0.017643710870802503
2438500,64.48,-0.021712158808933003,0.038288288288288286
2439500,64.68,-0.026592455163883734,-0.006795016987542469
2440500,64.62,-0.014546580006190035,-0.026568682871678916
2441500,64.98,-0.02554632194521391,-0.006282124500285551
2442500,64.12,-0.040548970679975045,-0.016722408026755852
2443500,64.18,-0.044562168899968835,-0.036292573981016193
2444500,63.9,-0.04726134585289515,0.018282548476454295
2445500,64.8,-0.04938271604938271,0.03068181818181818
2446500,64.86,-0.03176071538698736,0.03699487763232783
2447500,66.24,-0.028985507246376812,0.1018957345971564
2448500,65.86,-0.03067112055876101,0.10954891622729936
2449500,66.44,-0.03853100541842264,0.09892729439809297
2450500,67.47999999999999,-0.03082394783639597,0.08241082410824108
2451500,67.94,-0.04445098616426259,0.07423580786026202
2452500,66.14,-0.04324160870879951,0.0017720023626698169
2453500,66.96,-0.034050179211469536,0.031476997578692496
2454500,65.60000000000001,-0.025609756097560974,0.01627906976744186
2455500,63.68000000000001,-0.02198492462311558,-0.030837004405286344
2456500,62.7,-0.020095693779904306,-0.028418230563002682
2457500,64.03999999999999,0.003123048094940662,-0.028921023359288096
2458500,63.660000000000004,-0.007225887527489789,-0.04237754540451293
2459500,63.28,-0.020859671302149177,-0.032679738562091505
2460500,64.42,-0.018317292766221672,0.010680157391793142
2461500,64.56,-0.009913258983890954,-0.011286681715575621
2462500,64.3,-0.027060653188180406,0.004484304932735426
2463500,64.64,-0.034653465346534656,0.007357102433503113
2464500,65.3,-0.043797856049004595,0.006920415224913495
2465500,65.8,-0.0729483282674772,0.038033937975424224
2466500,66.34,-0.06481760627072657,0.05112960760998811
2467500,67.58,-0.048239124001183784,0.030228254164096236
2468500,68.17999999999999,-0.017893810501613375,-0.035826524198617225
2469500,68.78,-0.0014539110206455365,-0.06982703395259449
2470500,68.38,0.007897045919859609,-0.0777988614800759
2471500,67.84,-0.01061320754716981,-0.05845771144278607
2472500,66.88,-0.0215311004784689,-0.04589371980676329
2473500,66.88,-0.03708133971291866,-0.014492753623188406
2474500,66.94,-0.028383627128772036,0.038112522686025406
2475500,66.75999999999999,-0.014979029358897543,0.019253910950661854
2476500,66.82000000000001,0.0050882969170906915,0.02230259192284509
2477500,67.16,0.0029779630732578916,0.05968331303288672
2478500,66.78,-0.004492362982929021,0.09572546658639373
2479500,67.22,-0.01636417732817614,0.07992678462477121
2480500,67.52,-0.018364928909952605,0.08866995073891626
2481500,67.64,-0.018923713778829097,0.054388133498145856
2482500,66.92,-0.030484160191273164,0.07496977025392987
2483500,66.16,-0.03688029020556227,0.0673758865248227
2484500,65.44,-0.03178484107579462,0.07291666666666667
2485500,65.74,-0.03316093702464253,0.07413893753648569
2486500,65.82000000000001,-0.05682163476147068,0.07548273844353423
2487500,66.12,-0.0514216575922565,0.0448642266824085
2488500,66.47999999999999,-0.030084235860409144,0.03341288782816229
2489500,66.86,-0.02243493867783428,0.024743512371756187
2490500,66.18,-0.01118162586884255,0.012418687167356593
2491500,65.75999999999999,0.005474452554744526,0.0011682242990654205
2492500,65.86,-0.0009110233829334953,0.011130638547158758
2493500,66.5,-0.005112781954887218,0.017313432835820895
2494500,66.75999999999999,-0.017974835230677052,0.04332129963898917
2495500,66.62,-0.025517862503752625,0.06051527860994608
2496500,66.28,-0.02896801448400724,0.0771055753262159
2497500,66.25999999999999,-0.034108059160881374,0.051570835803200946
2498500,65.7,-0.052054794520547946,0.026239067055393587
2499500,66.28,-0.0675920337960169,0.03202846975088968
2500500,66.38,-0.06718891232298885,0.03866745984533016
2501500,66.72,-0.06235011990407674,0.05048076923076923
2502500,66.92,-0.04064554692169755,0.041112454655380895
2503500,67.52,-0.03139810426540284,0.08004926108374384
2504500,67.22,-0.022909848259446593,0.0726052471018914
2505500,66.9,-0.02242152466367713,0.036858006042296075
2506500,66.60000000000001,-0.034834834834834835,0.019161676646706587
2507500,66.36,-0.03496081977094635,0.023781212841854936
2508500,65.4,-0.02874617737003058,0.013872832369942197
2509500,64.24,-0.029887920298879204,0.017897091722595078
2510500,64.74,-0.0182267531665122,0.02665910380034033
2511500,65.34,-0.006427915518824609,0.05366416618580496
2512500,65.58,-0.022872827081427266,0.07611853573503777
2513500,65.56,-0.007321537522879805,0.0743321718931475
2514500,66.2,0.00785498489425982,0.0485207100591716
2515500,66.06,0.004541326067211626,0.06305244549204478
2516500,66.34,0.02140488393126319,0.027926322043969103
2517500,66.16,0.04050785973397823,0.013002364066193853
2518500,67.16,0.019654556283502083,0.010962241169305725
2519500,67.22,0.011603689378161261,0.03599755948749237
2520500,67.38,0.00385871178391214,0.03494788473329246
2521500,67.54,-0.007403020432336393,0.031423290203327174
2522500,66.94,-0.015237526142814461,0.038112522686025406
2523500,65.92,-0.02487864077669903,0.07276995305164319
2524500,65.68,-0.043239951278928136,0.07109557109557109
2525500,65.34,-0.048668503213957756,0.06520484708597807
2526500,64.84,-0.06785934608266501,0.08873720136518772
2527500,65.22,-0.07942348972707758,0.056929269695227144
2528500,65.92,-0.05825242718446602,0.002347417840375587
2529500,66.12,-0.049606775559588624,0.011806375442739079
2530500,66.78,-0.06798442647499252,0.06562311860325105
2531500,67.16,-0.04288266825491364,0.05237515225334957
2532500,67.88,-0.020624631703005304,0.07098381070983811
2533500,67.7,-0.031610044313146235,0.08235294117647059
2534500,68.06,-0.007934175727299441,0.0006261740763932373
2535500,66.62,0.014710297208045632,-0.05572198921509886
2536500,65.78,0.013681970203709334,-0.054354178842782
2537500,63.12,0.008871989860583017,-0.026030368763557483
2538500,62.62,0.021398914084956883,-0.008025682182985553
2539500,61.86000000000001,0.013902360168121564,0.03618248557944415
2540500,61.7,-0.00226904376012966,0.044386422976501305
2541500,62.260000000000005,-0.014455509155155798,0.04292527821939587
2542500,63.22,-0.027522935779816515,0.03643284393692224
2543500,63.06,-0.05740564541706311,0.03410936654033568
2544500,62.260000000000005,-0.07163507870221651,0.041865394806571275
2545500,63.019999999999996,-0.056807362741986674,0.060032449972958354
2546500,62.239999999999995,-0.05912596401028278,0.07733050847457627
2547500,62.62,-0.04694985627595018,0.06902086677367576
2548500,62.9,-0.023211446740858507,0.03504043126684636
2549500,63.580000000000005,-0.020446681346335326,0.04118616144975288
2550500,63.78,-0.023518344308560677,0.020430701270016567
2551500,64.42,-0.025768394908413535,-0.002810567734682406
2552500,64.74,-0.037998146431881374,-0.003970504821327283
2553500,64.7,-0.03616692426584235,-0.0050991501416430595
2554500,65.14,-0.03223825606386245,-0.04417670682730924
2555500,64.3,-0.025194401244167962,-0.03753501400560224
2556500,63.4,-0.02145110410094637,-0.012021857923497269
2557500,63.660000000000004,0.007854225573358466,-0.025866813428728673
2558500,63.38,0.005364468286525718,0.010376843255051884
2559500,62.92,0.006993006993006993,0.022653721682847898
2560500,63.480000000000004,0.010712035286704474,0.009857612267250822
2561500,64.38000000000001,0.005902454178316247,-0.023020774845592364
2562500,64.14,0.004053632678515747,0.009481316229782488
2563500,65.12,0.0036855036855036856,-0.009174311926605505
2564500,64.78,0.0015436863229391787,-0.018739352640545145
2565500,64.22,0.0021800062285892243,-0.05086640581330352
2566500,64.18,0.01900903708320349,-0.035175879396984924
2567500,64.1,-0.0015600624024961,-0.036211699164345405
2568500,63.4,0.010094637223974764,-0.01639344262295082
2569500,64.34,0.0009325458501709667,0.007291082445316881
2570500,65.68,-0.0006090133982947625,0.03496503496503497
2571500,66.32000000000001,-0.0036188178528347406,0.004750593824228029
2572500,66.56,-0.017427884615384616,0.050867743865948535
2573500,65.42,-0.0437175175787221,0.047453703703703706
2574500,64.60000000000001,-0.021052631578947368,0.059355568117580554
2575500,63.519999999999996,-0.0163727959697733,0.07515085024684585
2576500,62.2,-0.04244372990353698,0.10217046056114346
2577500,62.660000000000004,-0.013724864347270986,0.05731119442956615
2578500,63.580000000000005,-0.0034602076124567475,0.06534870950027458
2579500,64.12,-0.036805988771054274,0.07915273132664437
2580500,65.14,-0.045747620509671474,0.0831899024670109
2581500,65.34,-0.028466483011937556,0.07443739180611655
2582500,65.22,-0.03833180006133088,0.04772857964347326
2583500,65.52,-0.031135531135531136,-0.029002320185614848
2584500,65.18,-0.009512120282295183,-0.07983917288914417
2585500,64.4,-0.02360248447204969,-0.10112359550561797
2586500,65.10000000000001,-0.026728110599078342,-0.06475644699140401
2587500,64.56,-0.03345724907063197,-0.024830699774266364
2588500,64.8,-0.03888888888888889,0.04431818181818182
2589500,65.0,-0.033846153846153845,0.07771428571428571
2590500,65.02,-0.018148262073208243,0.09205260148656375
2591500,65.3,-0.029709035222052066,0.10778097982708934
2592500,65.96,-0.03699211643420255,0.08343125734430082
2593500,66.44,-0.050571944611679714,0.10727056019070322
2594500,66.53999999999999,-0.05440336639615269,0.11297071129707113
2595500,66.52,-0.045700541190619365,0.07526881720430108
2596500,65.24,-0.041079092581238506,0.08515535097813579
2597500,63.75999999999999,-0.021957340025094103,0.08278145695364239
2598500,62.88,-0.011450381679389313,0.05172413793103448
2599500,62.53999999999999,-0.006076111288775184,0.032568072610784836
2600500,62.519999999999996,-0.01727447216890595,0.08110992529348986
2601500,63.3,-0.006003159557661927,0.07574931880108991
2602500,63.839999999999996,-0.015664160401002505,0.08628318584070796
2603500,64.74,-0.007105344454742045,0.0890527509926262
2604500,64.38000000000001,-0.017707362534948742,0.09264458169567659
2605500,63.080000000000005,-0.013316423589093214,0.08992416034669556
2606500,62.68,-0.029355456285896617,0.05894962486602358
2607500,61.160000000000004,-0.03793328973185088,0.04943357363542739
2608500,59.540000000000006,-0.03459858918374202,0.04794859120118636
2609500,59.540000000000006,-0.038629492777964396,0.03213049925852694
2610500,58.660000000000004,-0.04330037504261848,0.02177068214804064
2611500,59.160000000000004,-0.034482758620689655,-0.00881488736532811
2612500,62.019999999999996,-0.04869396968719768,-0.008952080042127435
2613500,62.660000000000004,-0.054580274497286946,0.009105516871987145
2614500,63.63999999999999,-0.04525455688246386,0.0242024202420242
2615500,66.5,-0.04721804511278196,0.016119402985074627
2616500,66.7,-0.04527736131934033,0.05225225225225225
2617500,65.88000000000001,-0.029143897996357013,0.022274325908558032
2618500,66.96,-0.032855436081242535,0.015738498789346248
2619500,67.12,-0.04290822407628129,0.03834449178332319
2620500,65.88000000000001,-0.06375227686703097,0.026392961876832845
2621500,64.78,-0.049089225069465885,0.013636363636363636
2622500,64.1,-0.02527301092043682,0.03567447045707915
2623500,63.22,-0.005378044922492882,0.017410228509249184
2624500,62.419999999999995,0.018263377122717077,0.0005321979776476849
2625500,62.56,0.06074168797953964,-0.003205128205128205
2626500,62.88,0.027989821882951654,-0.009698275862068966
2627500,64.1,-0.06271450858034322,0.0596100278551532
2628500,63.519999999999996,-0.12342569269521411,0.0800438596491228
2629500,64.68,-0.21026592455163884,0.14609286523216308
2630500,63.54,-0.2470884482215927,0.19144267690619857
2631500,63.260000000000005,-0.24312361681947517,0.16820903647250954
2632500,62.6,-0.2185303514376997,0.1358288770053476
2633500,61.78,-0.17707996115247654,0.09576138147566719
2634500,61.53999999999999,-0.16347091322716933,0.06188247529901196
2635500,62.46000000000001,-0.15017611271213577,0.017581246670218435
2636500,62.68,-0.13465220165922145,0.04394426580921758
2637500,62.580000000000005,-0.09683604985618409,0.024051309460181722
2638500,64.2,-0.0853582554517134,0.0223463687150838
2639500,64.3,-0.025194401244167962,-0.00392156862745098
2640500,65.74,-0.01673258290234256,-0.0005837711617046118
2641500,65.92,-0.01516990291262136,-0.005868544600938967
2642500,66.46,-0.022569966897381884,-0.031604054859868815
2643500,66.32000000000001,-0.038600723763570564,0.007125890736342043
2644500,65.28,-0.04411764705882353,-0.012672811059907835
2645500,64.66,-0.02196102690999072,-0.027730616864742503
2646500,65.12,0.036855036855036855,-0.08256880733944955
2647500,65.8,0.050455927051671734,-0.07485380116959064
2648500,66.64,0.045018007202881155,-0.08273381294964029
2649500,66.94,0.030773827308037047,-0.06715063520871144
2650500,66.66,0.0063006300630063005,-0.04619076184763048
2651500,66.56,-0.037259615384615384,-0.005980861244019139
2652500,65.78,-0.03253268470659775,-0.015780245470485097
2653500,66.08000000000001,-0.017554479418886198,-0.027122641509433963
2654500,66.36,-0.0024110910186859553,-0.027348394768133173
2655500,67.5,-0.003851851851851852,-0.003076923076923077
2656500,67.47999999999999,-0.016597510373443983,0.041820418204182044
2657500,67.86,-0.015030946065428824,0.05289359054138146
2658500,67.36,-0.011876484560570071,0.05269607843137255
2659500,67.5,-0.007407407407407408,0.06092307692307692
2660500,66.5,0.004511278195488722,0.036417910447761194
2661500,66.75999999999999,0.011983223487118035,0.0024067388688327317
2662500,65.94,0.02032150439793752,0.0005871990604815032
2663500,66.2,0.00906344410876133,0.016568047337278107
2664500,66.0,0.0024242424242424242,0.03411764705882353
2665500,67.06,-0.00864897107068297,0.04918032786885246
2666500,66.86,-0.00807657792402034,0.07060953530476766
2667500,67.25999999999999,-0.018138566755872734,0.08613317043372022
2668500,67.47999999999999,-0.015411973918197985,0.08733087330873308
2669500,68.4,-0.007017543859649123,0.07468354430379746
2670500,68.47999999999999,0.007009345794392523,0.07360406091370558
2671500,69.22,-0.015313493210054898,0.05523066926575698
2672500,69.19999999999999,-0.013872832369942197,0.04025974025974026
2673500,68.56,-0.008751458576429404,0.005089058524173028
2674500,67.12,-0.013110846245530394,0.01338199513381995
2675500,65.86,-0.033707865168539325,0.022847100175746926
2676500,64.14,-0.01403180542563143,0.006134969325153374
2677500,64.14,-0.03211724352977861,-0.0016731734523145567
2678500,63.980000000000004,-0.045326664582682086,0.021654636313159357
2679500,63.62,-0.05878654511160013,-0.012644310060472787
2680500,63.800000000000004,-0.0438871473354232,-0.004419889502762431
2681500,64.4,-0.04782608695652174,0.038202247191011236
2682500,64.48,-0.026674937965260544,0.04842342342342342
2683500,65.2,-0.011042944785276074,0.034482758620689655
2684500,66.06,-0.003935815924916743,0.057159693576900414
2685500,65.82000000000001,0.003342449103615922,0.0052662375658279695
2686500,65.98,0.01424674143679903,-0.04997060552616108
2687500,66.0,0.02181818181818182,-0.06
2688500,66.9,0.052316890881913304,-0.07069486404833837
2689500,67.52,0.06101895734597156,-0.06527093596059114
2690500,67.4,0.048071216617210685,-0.015950920245398775
2691500,67.28,0.022592152199762187,0.08924205378973105
2692500,66.56,0.002403846153846154,0.09090909090909091
2693500,64.74,-0.036762434352795796,0.14463981849120816
2694500,64.3,-0.041990668740279936,0.1507002801120448
2695500,64.64,-0.027846534653465347,0.1334841628959276
2696500,64.64,-0.02042079207920792,0.06334841628959276
2697500,64.92,-0.0061614294516327784,0.06157354618015964
2698500,64.94,0.004003695719125347,0.01426126640045636
2699500,64.86,0.0077089115016959605,0.0005698005698005698
2700500,65.25999999999999,-0.007048728164266013,0.02132564841498559
2701500,65.5,-0.003969465648854962,0.0412071967498549
2702500,65.12,-0.012899262899262898,0.0574052812858783
2703500,65.18,-0.0223995090518564,0.0523289246693502
2704500,64.60000000000001,-0.019814241486068113,0.07231638418079096
2705500,65.08,-0.03810694529809465,0.06300114547537228
2706500,65.96,-0.06064281382656155,0.1128084606345476
2707500,67.34,-0.06682506682506682,0.13655848132271892
2708500,68.08,-0.06521739130434782,0.15914786967418545
2709500,68.60000000000001,-0.06705539358600583,0.1464968152866242
2710500,68.52000000000001,-0.06538237011091652,0.15756035578144853
2711500,67.28,-0.041617122473246136,0.09535452322738386
2712500,66.62,-0.054338036625637944,0.07369682444577591
2713500,65.84,-0.04495747266099635,0.05620608899297424
2714500,65.66,-0.046603716113310996,0.050669772859638904
2715500,64.78,-0.012658227848101266,0.009101251422070534
2716500,65.22,-0.018092609628948174,0.01152073732718894
2717500,65.08,0.0036877688998156115,0.006310958118187034
2718500,65.60000000000001,-0.0006097560975609756,0.0180547466511357
2719500,65.96,0.008489993935718617,0.0017657445556209534
2720500,66.62,-0.007505253677574302,0.019772318753744758
2721500,65.56,-0.014032946918852958,0.03484320557491289
2722500,64.36,-0.023617153511497825,0.019079685746352413
2723500,63.519999999999996,-0.039672544080604534,0.03728070175438596
2724500,62.94,-0.05370193835398793,0.040474905558553695
2725500,61.5,-0.056910569105691054,0.05350649350649351
2726500,61.199999999999996,-0.04379084967320261,0.01443298969072165
2727500,61.339999999999996,-0.03162699706553636,0.02431453698913606
2728500,62.260000000000005,-0.01638291037584324,0.00688924218335983
2729500,62.08,-0.007087628865979381,0.0031645569620253164
2730500,62.6,-0.017252396166134186,-0.019251336898395723
2731500,63.94,-0.017203628401626526,0.013865779256794232
2732500,66.14,-0.026912609615966133,0.03366804489072652
2733500,66.16,-0.04232164449818621,0.03309692671394799
2734500,66.66,-0.0483048304830483,0.02579484103179364
2735500,66.9,-0.0343796711509716,0.011480362537764351
2736500,66.4,-0.02891566265060241,-0.04523809523809524
2737500,65.28,-0.02696078431372549,-0.09216589861751152
2738500,64.64,-0.034653465346534656,-0.10067873303167421
2739500,64.96,-0.03571428571428571,-0.11986301369863013
2740500,65.16,-0.055248618784530384,-0.08381171067738231
2741500,66.22,-0.06433101781938991,-0.03256364712847839
2742500,66.42,-0.05510388437217705,-0.017272185824895772
2743500,66.32000000000001,-0.040410132689987936,-0.0011876484560570072
2744500,66.28,-0.0331925165962583,0.009489916963226572
2745500,66.66,-0.012901290129012902,-0.0005998800239952009
2746500,66.94,0.005079175380938153,-0.02238354506957048
2747500,65.22,-0.004599816007359705,-0.0005750431282346176
2748500,65.88000000000001,-0.0036429872495446266,0.0023446658851113715
2749500,65.10000000000001,-0.013824884792626729,0.026934097421203437
2750500,64.62,-0.00773754255648406,0.020915771622385528
2751500,63.13999999999999,-0.022489705416534684,0.021161150298426478
2752500,64.5,-0.03255813953488372,0.06929577464788732
2753500,63.5,-0.027401574803149607,0.03671232876712329
2754500,63.959999999999994,-0.0300187617260788,0.006659267480577136
2755500,63.839999999999996,-0.02819548872180451,-0.007743362831858407
2756500,63.94,-0.01970597435095402,-0.05268996117581808
2757500,63.72,-0.0006277463904582549,-0.12458654906284454
2758500,63.72,-0.004394224733207784,-0.13009922822491732
2759500,63.63999999999999,0.0056568196103079825,-0.12871287128712872
2760500,63.800000000000004,-0.0006269592476489029,-0.12375690607734807
2761500,64.25999999999999,-0.017117958294428883,-0.06771124790151091
2762500,65.08,-0.015980331899200985,-0.056128293241695305
2763500,65.64,-0.02010968921389397,-0.03841676367869616
2764500,65.48,-0.0354306658521686,0.0034762456546929316
2765500,65.86,-0.02399028241724871,0.0017574692442882249
2766500,66.64,-0.02040816326530612,0.009592326139088728
2767500,66.2,-0.02054380664652568,0.040236686390532544
2768500,66.3,-0.01297134238310709,0.04451038575667656
2769500,66.82000000000001,0.0062855432505237955,0.04038577456298975
2770500,66.75999999999999,-0.029358897543439184,0.06257521058965103
2771500,66.08000000000001,-0.036924939467312345,0.08136792452830188
2772500,65.64,-0.037781840341255334,0.06053550640279395
2773500,65.25999999999999,-0.039534171008274596,0.04317789291882556
2774500,64.98,-0.03908895044629117,0.047401484865790974
2775500,64.68,-0.02040816326530612,0.05549263873159683
2776500,65.24,-0.009809932556713672,0.026467203682393557
2777500,64.86,-0.020043169904409498,0.0028457598178713715
2778500,64.75999999999999,-0.02470660901791229,-0.015891032917139614
2779500,64.14,-0.040224508886810104,-0.021751254880089235
2780500,64.1,-0.0452418096723869,-0.03732590529247911
2781500,63.06,-0.04408499841420869,-0.0384407146724418
2782500,63.85999999999999,-0.03351080488568744,-0.045932484781405644
2783500,63.800000000000004,-0.03761755485893417,-0.0077348066298342545
2784500,64.3,-0.04074650077760498,-0.0005602240896358543
2785500,65.02,-0.04152568440479852,0.012006861063464836
2786500,65.46,-0.04552398411243507,0.029530978575564564
2787500,65.28,-0.042279411764705885,0.06912442396313365
2788500,66.88,-0.0430622009569378,0.06038647342995169
2789500,68.88,-0.08710801393728224,0.061696658097686374
2790500,69.74000000000001,-0.1167192429022082,0.04296100462656973
2791500,70.26,-0.10617705664674068,0.01546738399462004
2792500,71.2,-0.12022471910112359,0.018055555555555554
2793500,70.67999999999999,-0.11997736276174306,0.04229195088676671
2794500,69.46,-0.07630290814857472,0.03339882121807466
2795500,70.39999999999999,-0.09886363636363636,0.025675675675675677
2796500,72.56,-0.14773980154355015,0.016034985422740525
2797500,74.28,-0.19709208400646203,-0.0015552099533437014
2798500,75.96000000000001,-0.24644549763033174,0.014975041597337771
2799500,76.48,-0.27824267782426776,0.02891156462585034
2800500,72.66,-0.2276355628956785,0.04169714703730797
2801500,68.5,-0.185985401459854,0.04888888888888889
2802500,65.94,-0.1410373066424022,0.049911920140927775
2803500,63.62,-0.08707953473750393,0.0242024202420242
2804500,62.13999999999999,-0.04538139684583199,0.007399577167019027
2805500,63.54,-0.06956248032735285,0.009879253567508232
2806500,65.22,-0.07942348972707758,0.024165707710011506
2807500,64.52,-0.06013639181649101,-0.011844331641285956
2808500,64.4,-0.07515527950310559,-0.011235955056179775
2809500,65.10000000000001,-0.08755760368663594,0.012034383954154728
2810500,65.24,-0.0815450643776824,0.018411967779056387
2811500,65.3,-0.07013782542113323,0.002881844380403458
2812500,66.02,-0.07785519539533475,0.032371983519717484
2813500,65.58,-0.06617871302226289,0.01220220801859384
2814500,65.14,-0.053730426773104085,-0.012048192771084338
2815500,65.03999999999999,-0.04489544895448955,-0.021739130434782608
2816500,65.10000000000001,-0.07895545314900154,0.0166189111747851
2817500,65.46,-0.08096547509929729,0.0781702374059062
2818500,66.24,-0.06702898550724638,0.09360189573459715
2819500,66.22,-0.053458169737239505,0.0941385435168739
2820500,66.53999999999999,-0.053802224226029455,0.10101613867304243
2821500,66.0,-0.028484848484848484,0.05058823529411765
2822500,65.8,0.01458966565349544,-0.03976608187134503
2823500,64.75999999999999,0.02347127856701668,-0.021566401816118047
2824500,64.22,0.022111491747119277,-0.0005589714924538849
2825500,64.18,0.017139295730757245,0.011725293132328308
2826500,63.62,0.00031436655139893113,0.032435404068169325
2827500,62.660000000000004,-0.026492180019150973,0.01981788966256026
2828500,63.36000000000001,-0.03851010101010101,-0.013100436681222707
2829500,64.14,-0.024009978172747116,-0.02509760178471835
2830500,63.13999999999999,-0.030091859360152042,-0.0396093326098752
2831500,63.980000000000004,-0.01594248202563301,-0.0560799555802332
2832500,65.36,-0.037943696450428395,-0.004618937644341801
2833500,66.38,-0.03404639951792709,0.03866745984533016
2834500,66.74,-0.05903506143242433,0.039085989176187615
2835500,68.46,-0.04586619924043237,0.029803424223208624
2836500,69.42,-0.043503313166234514,0.041203400915631135
2837500,69.42,-0.02276001152405647,0.016350555918901243
2838500,69.12,-0.02025462962962963,0.0012953367875647669
2839500,69.88,0.005724098454493417,-0.00796812749003984
2840500,69.39999999999999,0.007492795389048991,-0.011764705882352941
2841500,69.08,0.016213086276780544,-0.018111254851228976
2842500,68.84,0.009296920395119116,-0.0038510911424903724
2843500,68.04,0.0188124632569077,-0.026282853566958697
2844500,66.34,-0.006331022007838408,0.012477718360071301
2845500,65.48,-0.015271838729383017,0.012746234067207415
2846500,65.16,-0.03806015960712093,0.012062033314187249
2847500,65.4,-0.05015290519877676,0.03356481481481482
2848500,65.06,-0.06670765447279435,0.0659025787965616
2849500,64.66,-0.060315496442932263,0.04589235127478754
2850500,64.82,-0.035482875655661834,0.03813318155947638
2851500,64.92,-0.022181146025878003,0.06217912150598973
2852500,64.28,-0.008089607965152458,0.014557670772676373
2853500,65.22,-0.01441275682306041,-0.013225991949396205
2854500,66.34,-0.008139885438649382,-0.0184194890077243
2855500,67.30000000000001,-0.02526002971768202,-0.010397553516819572
2856500,68.04,-0.021164021164021163,-0.05006257822277847
2857500,69.67999999999999,-0.024110218140068886,-0.048812664907651716
2858500,71.36,0.003923766816143498,-0.03910614525139665
2859500,71.1,-0.0014064697609001407,-0.02422145328719723
2860500,69.62,-0.020970985349037633,0.038841342988808425
2861500,67.25999999999999,-0.044305679452869465,0.09346365302382406
2862500,65.4,-0.04281345565749235,0.10635838150289018
2863500,62.96000000000001,-0.06670902160101652,0.08855291576673865
2864500,62.4,-0.07628205128205129,0.07340425531914893
2865500,64.58,-0.07835243109321771,0.07058159232072275
2866500,65.62,-0.04724169460530326,0.028504944735311226
2867500,66.58,-0.04776209071793331,0.02333931777378815
2868500,67.2,-0.06428571428571428,0.025609756097560974
2869500,67.97999999999999,-0.05501618122977346,0.005621486570893191
2870500,66.02,-0.03180854286579824,-0.0394349617422013
2871500,66.24,-0.024154589371980676,-0.02132701421800948
2872500,65.94,-0.015468607825295723,-0.02759835584263065
2873500,66.62,0.0015010507355148605,-0.01737567405632115
2874500,66.16,-0.018137847642079808,-0.012418687167356593
2875500,66.08000000000001,-0.013317191283292978,-0.0017699115044247787
2876500,65.48,-0.030543677458766034,-0.013333333333333334
2877500,65.18,-0.021785823872353484,-0.03333333333333333
2878500,63.839999999999996,-0.0006265664160401002,-0.03154399557277255
2879500,64.0,0.03,-0.028888888888888888
2880500,64.5,0.015193798449612403,-0.044507042253521124
2881500,66.02,0.015449863677673432,-0.050029429075927015
2882500,66.9,-0.015844544095665172,-0.014510278113663845
2883500,67.82000000000001,-0.04865821291654379,-0.014925373134328358
2884500,68.08,-0.057579318448883664,-0.019435736677115987
2885500,68.34,-0.04009364940005853,-0.01643489254108723
2886500,67.22,-0.02945551919071705,-0.004884004884004884
2887500,65.88000000000001,-0.01153612629022465,0.004689331770222743
2888500,65.48,0.029932803909590716,0.009269988412514484
2889500,65.46,0.029636419187289948,0.05153445280833816
2890500,65.9,0.011836115326251897,0.05689149560117302
2891500,66.03999999999999,0.0018170805572380376,0.05653710247349823
2892500,66.94,0.0032865252464893933,0.03569267997580157
2893500,66.8,-0.017365269461077845,0.024096385542168676
2894500,66.62,-0.011107775442809968,0.005392450569203115
2895500,65.64,0.0,0.01629802095459837
2896500,65.62,-0.004571776897287412,0.02036067481093659
2897500,65.03999999999999,-0.0036900369003690036,0.04462242562929062
2898500,64.78,-0.007718431614695894,0.0653038046564452
2899500,65.22,-0.04078503526525606,0.07418056354226567
2900500,65.7,-0.033789954337899546,0.07521865889212828
2901500,65.36,-0.05324357405140759,0.10623556581986143
2902500,65.58,-0.0710582494663007,0.09238814642649622
2903500,65.4,-0.07522935779816514,0.06242774566473988
2904500,65.58,-0.05763952424519671,0.04706565950029053
2905500,65.56,-0.07321537522879805,0.029036004645760744
2906500,66.34,-0.04492010853180585,-0.0172311348781937
2907500,65.88000000000001,-0.031572556162720096,0.0023446658851113715
2908500,66.14,-0.02509827638342909,0.03366804489072652
2909500,66.0,0.0024242424242424242,-0.011764705882352941
2910500,65.68,0.010353227771010963,0.002331002331002331
2911500,65.28,0.0012254901960784314,0.001152073732718894
2912500,65.84,-0.010935601458080195,-0.00819672131147541
2913500,66.06,-0.00877989706327581,-0.031231585150265175
2914500,66.12,-0.03206291591046582,0.01770956316410862
2915500,65.84,-0.03219927095990279,0.02810304449648712
2916500,67.9,0.010309278350515464,0.020560747663551402
2917500,68.84,0.01917489831493318,0.025673940949935817
2918500,69.5,0.008920863309352519,0.03475409836065574
2919500,68.89999999999999,0.0055152394775036286,0.03022508038585209
2920500,69.39999999999999,0.009221902017291067,0.01045751633986928
2921500,67.47999999999999,-0.03852993479549496,0.025830258302583026
2922500,66.88,-0.0215311004784689,-0.022946859903381644
2923500,66.75999999999999,-0.03235470341521869,-0.04332129963898917
2924500,66.58,-0.025533193151096426,-0.04248952722920407
2925500,66.38,-0.040072310937029225,-0.055324211778703156
2926500,66.46,-0.041829671983147756,-0.03995229576624926
2927500,65.4,-0.0672782874617737,0.0023121387283236996
2928500,64.72,-0.05377008652657602,0.030612244897959183
2929500,65.14,-0.031010132023334358,0.039586919104991396
2930500,65.0,-0.04553846153846154,0.03542857142857143
2931500,65.42,-0.0498318557016203,0.03759398496240601
2932500,65.96,-0.058823529411764705,0.052322163433274546
2933500,66.60000000000001,-0.054654654654654654,0.056920311563810666
2934500,66.67999999999999,-0.08938212357528494,0.07387387387387387
2935500,66.96,-0.06929510155316607,0.09267110841913992
2936500,66.16,-0.034461910519951636,0.044352454169130695
2937500,66.97999999999999,-0.011048074051955807,0.007874015748031496
2938500,68.08,-0.04524089306698002,-0.03258145363408521
2939500,68.17999999999999,-0.02845409210912291,-0.08359522313010685
2940500,68.14,-0.024948635162899913,-0.06465787821720025
2941500,68.12,-0.04756312389900176,-0.013801756587202008
2942500,67.75999999999999,-0.05608028335301062,0.02109181141439206
2943500,66.18,-0.017225747960108794,0.047900650502661145
2944500,66.02,-0.009391093607997577,0.053560918187168925
2945500,65.84,-0.013365735115431349,0.03864168618266979
2946500,65.88000000000001,-0.020036429872495445,0.059788980070339975
2947500,64.94,-0.005235602094240838,0.039361095265259556
2948500,64.2,-0.006853582554517134,0.048044692737430165
2949500,63.1,-0.006656101426307449,0.06233062330623306
2950500,63.239999999999995,0.015812776723592662,0.07616974972796518
2951500,63.0,0.04698412698412698,0.022702702702702703
2952500,63.54,0.03808624488511174,0.036752605595172794
2953500,63.239999999999995,0.0290955091714105,0.003264417845484222
2954500,66.12,-0.028433151845130067,0.0011806375442739079
2955500,68.28,-0.11364967779730521,0.0012610340479192938
2956500,68.62,-0.158845817545905,0.05162523900573614
2957500,68.36,-0.15096547688706846,0.022756005056890013
2958500,69.39999999999999,-0.1521613832853026,0.04183006535947712
2959500,67.7,-0.1255539143279173,0.07244582043343653
2960500,65.28,-0.056372549019607844,0.04953917050691244
2961500,65.34,-0.026017753290480564,-0.013271783035199077
2962500,65.34,-0.04499540863177227,-0.008655510675129832
2963500,64.62,-0.034354688950789226,0.002826455624646693
2964500,64.84,-0.03578038247995065,-0.011376564277588168
2965500,65.68,-0.0535931790499391,0.017482517482517484
2966500,65.38000000000001,-0.06944019577852555,0.0560369728480647
2967500,66.34,-0.07506783237865541,0.0659536541889483
2968500,67.0,-0.08656716417910448,0.09212121212121212
2969500,67.02,-0.07609668755595345,0.05761067313523347
2970500,67.32000000000001,-0.0570409982174688,0.004895960832313341
2971500,67.86,-0.03094606542882405,-0.0031113876789047915
2972500,66.46,-0.009328919650917845,-0.03756708407871199
2973500,65.98,0.020915428917853897,-0.10758377425044091
2974500,65.10000000000001,0.014439324116743472,-0.055587392550143264
2975500,64.28,0.016801493466085875,-0.03807390817469205
2976500,64.12,-0.01372426699937617,-0.017837235228539576
2977500,65.48,-0.03726328649969456,0.01853997682502897
2978500,65.92,-0.061893203883495146,0.06807511737089202
2979500,66.3,-0.049773755656108594,0.039762611275964393
2980500,67.02,-0.06475678901820352,0.049120679199514856
2981500,67.30000000000001,-0.05676077265973254,0.03853211009174312
2982500,66.24,-0.06038647342995169,-0.01066350710900474
2983500,66.02,-0.04877309906089064,-0.03415783274440518
2984500,66.32000000000001,-0.05367913148371532,-0.040998217468805706
2985500,66.38,-0.047905995781862006,-0.016666666666666666
2986500,67.25999999999999,-0.04965804341361879,-0.004889975550122249
2987500,68.08,-0.04230317273795535,0.06833855799373041
2988500,69.02000000000001,-0.04027818023761229,0.08457069076823757
2989500,69.52000000000001,-0.03394706559263521,0.08530183727034121
2990500,69.38,-0.020466993369847218,0.07119529719137818
2991500,68.38,-0.027200935946183096,0.05502846299810247
2992500,68.12,-0.02524955960070464,0.033877038895859475
2993500,66.72,-0.030575539568345324,0.014423076923076924
2994500,65.52,-0.029914529914529916,-0.018561484918793503
2995500,64.75999999999999,-0.035206917850525016,-0.06923950056753689
2996500,64.18,-0.014646307260828918,-0.048576214405360134
2997500,63.85999999999999,-0.009082367679298466,-0.007194244604316547
2998500,64.56,-0.01486988847583643,0.013544018058690745
2999500,65.66,-0.03624733475479744,0.0669772859638905
3000500,65.74,-0.053240036507453604,0.10215995329830706
3001500,65.60000000000001,-0.06890243902439025,0.12906976744186047
3002500,65.53999999999999,-0.05218187366493744,0.08647707486941382
3003500,65.9,-0.04400606980273141,0.10498533724340176
3004500,64.86,-0.043478260869565216,0.09049516220830962
3005500,66.22,-0.026880096647538508,0.0645352279455299
3006500,66.96,-0.025686977299880526,0.00847457627118644
3007500,66.74,-0.03685945459994006,-0.01503307276007216
3008500,66.53999999999999,-0.06822963630898708,-0.023311416616855946
3009500,67.2,-0.06726190476190476,-0.004878048780487805
3010500,65.7,-0.0745814307458143,0.07755102040816327
3011500,65.52,-0.06654456654456654,0.13109048723897912
3012500,65.92,-0.058859223300970875,0.16784037558685447
3013500,65.02,-0.034758535835127655,0.1538021726700972
3014500,64.1,-0.01903276131045242,0.09637883008356546
3015500,64.3,-0.015241057542768274,0.06778711484593837
3016500,64.1,0.0046801872074883,0.03064066852367688
3017500,64.48,-0.02543424317617866,0.04617117117117117
3018500,64.75999999999999,-0.02347127856701668,0.056753688989784334
3019500,65.0,-0.021538461538461538,0.09485714285714286
3020500,64.66,-0.026909990720692854,0.0899830220713073
3021500,64.4,-0.03975155279503106,0.0651685393258427
3022500,63.5,-0.031181102362204723,0.0410958904109589
3023500,63.660000000000004,-0.03298774740810556,0.03577325261419923
3024500,64.24,-0.04420921544209216,0.030201342281879196
3025500,64.56,-0.03345724907063197,0.012415349887133182
3026500,64.8,-0.047530864197530866,0.028409090909090908
3027500,65.0,-0.047384615384615386,0.019428571428571427
3028500,64.14,-0.05207358902400998,-0.006134969325153374
3029500,62.980000000000004,-0.050492219752302316,-0.031874662344678555
3030500,63.38,-0.05711580940359735,-0.020207536865101038
3031500,63.63999999999999,-0.054682589566310495,-0.036303630363036306
3032500,64.5,-0.06666666666666667,-0.021971830985915493
3033500,66.42,-0.0653417645287564,0.001786777843954735
3034500,67.74,-0.07587835842928846,0.08245505269683819
3035500,66.72,-0.07194244604316546,0.10817307692307693
3036500,67.08,-0.055456171735241505,0.14945321992709598
3037500,67.4,-0.03382789317507418,0.17791411042944785
3038500,67.47999999999999,-0.011262596324836989,0.16359163591635917
3039500,67.25999999999999,0.01575973832887303,0.10268948655256724
3040500,66.28,0.00724200362100181,0.04451038575667656
3041500,65.10000000000001,-0.0027649769585253456,0.0011467889908256881
3042500,63.44,-0.014501891551071878,-0.04980842911877394
3043500,62.339999999999996,-0.05229387231312159,-0.04994686503719448
3044500,62.3,-0.07030497592295346,-0.04827586206896552
3045500,65.66,-0.08193725251294548,-0.008736167734420501
3046500,66.3,-0.07028657616892911,0.012462908011869436
3047500,68.89999999999999,-0.016545718432510886,0.01864951768488746
3048500,69.8,0.001146131805157593,0.03708609271523179
3049500,70.26,-0.003700540848277825,0.0773369199731002
3050500,68.32000000000001,0.0117096018735363,-0.010101010101010102
3051500,67.74,-0.01210510776498376,0.02541847489150651
3052500,65.53999999999999,-0.05401281660054928,0.014509576320371444
3053500,65.28,-0.04595588235294118,-0.014976958525345621
3054500,65.48,-0.031154551007941355,-0.02433371958285052
3055500,66.14,-0.031146053825219233,0.03130537507383343
3056500,66.36,-0.006027727546714889,-0.020214030915576695
3057500,66.36,-0.015069318866787222,0.013079667063020214
3058500,65.62,-0.022249314233465406,0.04246655031995346
3059500,65.48,-0.0177153329260843,0.013904982618771726
3060500,65.4,0.014678899082568808,0.0023121387283236996
3061500,65.18,-0.018103712795335992,0.005169442848937392
3062500,64.64,-0.027227722772277228,-0.0418552036199095
3063500,64.74,-0.0182267531665122,-0.06409529211571185
3064500,64.12,-0.01933873986275733,-0.06243032329988852
3065500,64.28,-0.05787181082762912,-0.04927211646136618
3066500,64.16,-0.034912718204488775,-0.046875
3067500,65.03999999999999,-0.01845018450184502,-0.002288329519450801
3068500,65.62,-0.028345016763181956,0.011052937754508435
3069500,65.92,-0.03033980582524272,0.015873015873015872
3070500,65.34,-0.024181205999387816,0.005780346820809248
3071500,65.78,-0.025843721495895408,0.02459016393442623
3072500,65.92,-0.022451456310679612,0.024103468547912992
3073500,65.62,-0.0332215787869552,0.03146853146853147
3074500,65.2,-0.030061349693251534,0.04482758620689655
3075500,64.5,-0.03937984496124031,0.07830985915492958
3076500,64.98,-0.050169282856263465,0.08166761850371217
3077500,64.58,-0.06534530814493651,0.0818746470920384
3078500,64.05999999999999,-0.0627536684358414,0.07289927657206455
3079500,63.06,-0.07009197589597209,0.0676773145641581
3080500,63.9,-0.05352112676056338,0.0371191135734072
3081500,64.16,-0.043640897755610975,0.03236607142857143
3082500,65.02,-0.04214087972931406,0.03945111492281304
3083500,65.72,-0.032866707242848445,0.029171528588098017
3084500,66.94,-0.030176277263220794,0.012704174228675136
3085500,66.75999999999999,-0.022768124625524265,0.009626955475330927
3086500,66.22,-0.02023557837511326,0.013617525162818236
3087500,65.42,-0.008254356465912565,0.001735106998264893
3088500,65.18,-0.008898435102792267,0.02929350947731189
3089500,64.22,0.010900031142946123,0.03521520402459474
3090500,64.34,0.002175940317065589,0.025238362310712283
3091500,64.5,0.0009302325581395349,-0.0005633802816901409
3092500,64.0,-0.003125,-0.043333333333333335
3093500,64.42,0.0034150884818379386,-0.07761529808773904
3094500,65.28,-0.04044117647058824,-0.07550432276657061
3095500,66.25999999999999,-0.0504074856625415,-0.05693950177935943
3096500,66.25999999999999,-0.041352248717174765,-0.03558718861209965
3097500,66.8,-0.03053892215568862,-0.010247136829415311
3098500,67.06,-0.042051893826424096,0.01639344262295082
3099500,67.88,-0.021803182086034177,-0.008717310087173101
3100500,67.06,-0.025350432448553534,-0.0018214936247723133
3101500,67.67999999999999,-0.030141843971631204,-0.04207920792079208
3102500,68.72,-0.04423748544819558,-0.034526854219948847
3103500,68.67999999999999,-0.047757716948165406,-0.05363984674329502
3104500,68.46,-0.05988898626935437,-0.013316423589093214
3105500,69.12,-0.03993055555555555,-0.04922279792746114
3106500,68.28,-0.033391915641476276,-0.01639344262295082
3107500,65.94,-0.03427358204428268,0.02172636523781562
3108500,65.03999999999999,0.015990159901599015,0.017162471395881007
3109500,65.56,0.06711409395973154,-0.023228803716608595
3110500,64.82,0.04905893242826288,-0.0005685048322910744
3111500,65.28,0.0006127450980392157,0.021889400921658985
3112500,65.74,0.02099178582293885,-0.09165207238762405
3113500,65.62,0.0027430661383724473,-0.11809191390343222
3114500,63.959999999999994,-0.03627267041901188,-0.12652608213096558
3115500,62.519999999999996,-0.017914267434420986,-0.1718249733191035
3116500,61.06,0.04094333442515558,-0.1977401129943503
3117500,60.9,0.031198686371100164,-0.14987212276214834
3118500,60.31999999999999,0.01790450928381963,-0.11693548387096774
3119500,59.98,0.02900966988996332,-0.10644677661169415
3120500,60.6,0.03564356435643564,-0.0751269035532995
3121500,60.419999999999995,0.031446540880503145,-0.10257705912076806
3122500,61.019999999999996,0.04031465093411996,-0.09799897383273473
3123500,61.339999999999996,0.05705901532442126,-0.10191412312467667
3124500,61.82,0.04755742478162407,-0.06757464641173389
3125500,63.239999999999995,0.013282732447817837,-0.04896626768226333
3126500,64.66,0.0003093102381688834,0.009060022650056626
3127500,65.08,-0.003073140749846343,0.055587392550143264
3128500,67.32000000000001,-0.029708853238265002,0.07654623392529088
3129500,67.94,-0.036797173977038564,0.06367041198501873
3130500,68.2,-0.025806451612903226,0.06859660163624921
3131500,68.10000000000001,-0.01262848751835536,0.03699059561128527
3132500,67.80000000000001,-0.024778761061946902,0.024844720496894408
3133500,65.72,-0.02982349360925137,0.06884480746791131
3134500,65.18,-0.046946916231972995,0.1372774267662263
3135500,65.28,-0.06862745098039216,0.19700460829493088
3136500,65.46,-0.09929728078215705,0.22756224667052694
3137500,65.84,-0.10874848116646416,0.20140515222482436
3138500,66.75999999999999,-0.10724985020970641,0.1407942238267148
3139500,68.89999999999999,-0.06821480406386067,0.05594855305466238
3140500,67.84,-0.04893867924528302,-0.03731343283582089
3141500,67.46,-0.04417432552623777,-0.059618930547019056
3142500,67.96,-0.04002354326074161,-0.04369538077403246
3143500,68.16,-0.03873239436619718,-0.016331658291457288
3144500,66.08000000000001,-0.04782082324455206,-0.01650943396226415
3145500,65.88000000000001,-0.03642987249544627,0.044548651817116064
3146500,65.98,-0.024552894816611093,0.06407995296884186
3147500,65.68,-0.020097442143727162,0.08041958041958042
3148500,65.8,-0.011550151975683891,0.08070175438596491
3149500,66.56,-0.02283653846153846,0.11363636363636363
3150500,67.5,-0.048296296296296296,0.072
3151500,68.52000000000001,-0.04203152364273205,0.05972045743329098
3152500,68.54,-0.05398307557630581,0.04259376986649714
3153500,67.64,-0.05736250739207569,0.037082818294190356
3154500,67.12,-0.04231227651966627,0.006082725060827251
3155500,68.32000000000001,0.019320843091334895,0.022756005056890013
3156500,68.2,0.02287390029325513,0.02518891687657431
3157500,67.58,0.041136430896715,0.02285361334156887
3158500,67.22,0.04730734900327284,0.018937080024434942
3159500,66.82000000000001,0.03262496258605208,-0.007845503922751962
3160500,64.60000000000001,-0.0037151702786377707,-0.003389830508474576
3161500,63.519999999999996,-0.020151133501259445,-0.0010964912280701754
3162500,64.32,-0.029228855721393034,-0.013452914798206279
3163500,65.42,-0.04616325282788138,0.008675534991324466
3164500,65.4,-0.047706422018348627,0.057803468208092484
3165500,65.25999999999999,-0.05179282868525897,0.02360391479562464
3166500,65.7,-0.054490106544901065,0.01924198250728863
3167500,65.38000000000001,-0.0559804221474457,0.03292894280762565
3168500,65.3,-0.0444104134762634,0.004034582132564841
3169500,65.14,-0.03039607000307031,0.01663798049340218
3170500,65.62,-0.041755562328558364,0.0506108202443281
3171500,65.48,-0.04153940134392181,0.06373117033603708
3172500,64.98,-0.030470914127423823,0.06910336950314107
3173500,64.72,-0.042027194066749075,0.08163265306122448
3174500,65.74,-0.044113173106175844,0.07242990654205607
3175500,65.66,-0.03929332927200731,0.046620046620046623
3176500,65.4,-0.04036697247706422,0.06651243493348756
3177500,65.4,-0.04281345565749235,0.02834008097165992
3178500,64.48,-0.043424317617866005,0.04563380281690141
3179500,63.72,-0.03954802259887006,0.05622932745314223
3180500,64.22,-0.05076300218000623,0.11011738401341531
3181500,64.0,-0.043125,0.07555555555555556
3182500,64.68,-0.04452690166975881,0.1245753114382786
3183500,64.82,-0.04905893242826288,0.11654349061967027
3184500,64.53999999999999,-0.06538580725131701,0.0727580372250423
3185500,64.2,-0.04735202492211838,0.02346368715083799
3186500,64.24,-0.0323785803237858,-0.0011185682326621924
3187500,63.92,-0.05444305381727159,-0.011086474501108648
3188500,64.52,-0.06447613143211407,-0.010146561443066516
3189500,65.44,-0.053178484107579464,0.020833333333333332
3190500,65.75999999999999,-0.06386861313868614,0.012850467289719626
3191500,66.0,-0.07636363636363637,-0.0035294117647058825
3192500,66.58,-0.04175428056473415,-0.028126870137642132
3193500,67.24,-0.01665675193337299,-0.04151404151404151
3194500,66.94,-0.03316402748730206,-0.0514216575922565
3195500,67.80000000000001,-0.02359882005899705,-0.045369794903666875
3196500,68.26,-0.025490770583064752,0.01008827238335435
3197500,68.60000000000001,-0.04198250728862974,0.04397705544933078
3198500,69.24,-0.05314846909300982,0.05139882888744307
3199500,69.82000000000001,-0.0495560011458035,0.07294429708222812
3200500,68.7,-0.07598253275109171,0.08626198083067092
3201500,68.12,-0.07574867880211392,0.06649937264742785
3202500,67.4,-0.07062314540059347,0.051533742331288344
3203500,66.16,-0.06650544135429262,0.02127659574468085
3204500,65.48,-0.07758094074526573,-0.0011587485515643105
3205500,65.3,-0.051761102603369066,-0.004034582132564841
3206500,65.12,-0.042997542997543,0.0011467889908256881
3207500,65.2,-0.04233128834355828,0.0011494252873563218
3208500,64.82,-0.05337858685590867,0.03922683342808414
3209500,64.64,-0.03217821782178218,0.02262443438914027
3210500,64.60000000000001,-0.04272445820433437,0.03389830508474576
3211500,65.12,-0.04914004914004914,0.026376146788990827
3212500,64.68,-0.05380333951762523,0.02944507361268403
3213500,65.0,-0.03569230769230769,0.008
3214500,65.86,-0.019131491041603402,0.012302284710017574
3215500,66.16,-0.013905683192261185,0.009456264775413711
3216500,66.52,-0.004810583283223091,0.009557945041816009
3217500,67.08,-0.008348240906380441,-0.019441069258809233
3218500,66.96,-0.011350059737156512,-0.024213075060532687
3219500,66.97999999999999,-0.02597790385189609,-0.01029678982434888
3220500,67.25999999999999,-0.037169194171870354,-0.0030543677458766036
3221500,67.30000000000001,-0.04190193164933135,0.010397553516819572
3222500,66.72,-0.043764988009592325,0.042067307692307696
3223500,66.38,-0.0653811388972582,0.06127305175490779
3224500,65.36,-0.07649938800489596,0.10392609699769054
3225500,65.72,-0.06877662811929397,0.08751458576429405
3226500,65.18,-0.06719852715556919,0.08213670304422746
3227500,66.08000000000001,-0.06779661016949153,0.04481132075471698
3228500,67.32000000000001,-0.06001188354129531,0.02447980416156671
3229500,68.02,-0.056159952955013234,-0.05190744215134459
3230500,67.52,-0.054502369668246446,-0.06527093596059114
3231500,67.88,-0.06776664702416028,-0.04234122042341221
3232500,67.14,-0.06464104855525767,-0.011564211807668898
3233500,66.47999999999999,-0.05054151624548736,-0.03341288782816229
3234500,64.92,-0.04682686383240912,-0.018244013683010263
3235500,63.2,-0.035443037974683546,0.004347826086956522
3236500,61.480000000000004,-0.02081977878985036,-0.033229491173416406
3237500,61.160000000000004,-0.010464355788096796,-0.02265705458290422
3238500,61.1,-0.0009819967266775777,-0.009768637532133676
3239500,62.6,0.012779552715654952,-0.0053475935828877
3240500,63.68000000000001,-0.03391959798994975,0.0011013215859030838
3241500,65.16,-0.047268262737875995,0.021814006888633754
3242500,66.0,-0.04363636363636364,-0.001176470588235294
3243500,65.28,-0.04044117647058824,0.0069124423963133645
3244500,65.3,-0.02664624808575804,0.016714697406340056
3245500,65.8,0.00851063829787234,0.0011695906432748538
3246500,65.86,-0.00516246583662314,0.025190392501464556
3247500,65.0,-0.010461538461538461,0.029714285714285714
3248500,65.53999999999999,-0.009459871833994507,0.03772489843296576
3249500,65.32,-0.014084507042253521,0.03575547866205306
3250500,65.25999999999999,-0.043824701195219126,0.04548071387449626
3251500,65.58,-0.01982311680390363,0.029633933759442184
3252500,65.92,-0.012135922330097087,0.03755868544600939
3253500,66.4,-0.021686746987951807,0.02261904761904762
3254500,66.46,-0.02497743003310262,0.016100178890876567
3255500,66.46,0.02497743003310262,-0.0172927847346452
3256500,66.53999999999999,0.048993086865043584,-0.03765690376569038
3257500,66.72,0.027577937649880094,-0.02403846153846154
3258500,66.88,0.0430622009569378,-0.00966183574879227
3259500,67.16,0.04169148302561048,-0.008526187576126675
3260500,67.04,0.03341288782816229,-0.009708737864077669
3261500,66.52,0.010823812387251955,0.014336917562724014
3262500,66.28,0.01388050694025347,-0.005931198102016607
3263500,66.02,-0.006361708573159649,-0.00529723366686286
3264500,65.42,-0.0064200550290431065,0.006362058993637941
3265500,64.7,-0.01267387944358578,0.0050991501416430595
3266500,62.86000000000001,-0.01368119630925867,-0.05546580506192784
3267500,62.32,-0.006418485237483954,-0.0732484076433121
3268500,61.160000000000004,-0.020274689339437543,-0.08341915550978372
3269500,61.980000000000004,-0.03323652791222975,-0.0825881115202525
3270500,62.4,-0.04294871794871795,-0.06382978723404255
3271500,64.62,-0.044877746827607555,-0.015262860373092142
3272500,65.60000000000001,-0.04024390243902439,0.02558139534883721
3273500,66.94,-0.03555422766656707,0.034482758620689655
3274500,66.32000000000001,-0.05850422195416164,0.055819477434679333
3275500,65.86,-0.0507136349832979,0.04510837727006444
3276500,64.12,-0.05240174672489083,0.045707915273132664
3277500,63.480000000000004,-0.0661625708884688,0.03943044906900329
3278500,63.519999999999996,-0.044710327455919394,0.020833333333333332
3279500,63.13999999999999,-0.023756731073804244,-0.0037981551817688553
3280500,63.32,-0.01010739102969046,-0.015267175572519083
3281500,65.48,0.018937080024434942,-0.05214368482039398
3282500,65.44,0.023838630806845965,-0.07291666666666667
3283500,64.3,0.014618973561430793,-0.06554621848739496
3284500,65.24,-0.003678724708767627,-0.04948216340621404
3285500,66.2,-0.042900302114803626,-0.002366863905325444
3286500,66.44,-0.09512341962673089,0.07270560190703218
3287500,67.36,-0.12470308788598575,0.13970588235294118
3288500,68.72,-0.1658905704307334,0.20332480818414322
3289500,68.28,-0.19390743995313414,0.22068095838587642
3290500,66.86,-0.1929404726293748,0.1756185878092939
3291500,65.02,-0.18732697631498,0.15265866209262435
3292500,62.419999999999995,-0.1682153156039731,0.10058541777541245
3293500,61.0,-0.13442622950819672,0.05435897435897436
3294500,59.62,-0.08084535390808453,0.022288261515601784
3295500,60.019999999999996,-0.06697767410863045,0.028514257128564282
3296500,59.86,-0.05980621450050117,0.016442451420029897
3297500,61.6,-0.046103896103896105,0.015625
3298500,61.919999999999995,-0.034237726098191215,0.02415966386554622
3299500,62.86000000000001,-0.042316258351893093,0.04038772213247173
3300500,63.739999999999995,-0.034828992783181675,0.04798676227247656
3301500,62.8,-0.0267515923566879,0.02903225806451613
3302500,62.2,-0.01864951768488746,0.0
3303500,62.46000000000001,-0.005443483829650976,0.007991475759190196
3304500,61.199999999999996,0.004575163398692811,-0.01752577319587629
3305500,60.22,-0.009631351710395218,-0.0015082956259426848
3306500,62.08,-0.019329896907216496,0.023206751054852322
3307500,62.8,-0.01337579617834395,0.04408602150537634
3308500,62.22,-0.03696560591449695,0.018528321863419798
3309500,63.260000000000005,-0.052165665507429654,0.020141535111594992
3310500,63.42,-0.048880479344055504,0.012575177692728267
3311500,64.2,-0.06105919003115265,0.0033519553072625698
3312500,64.44,-0.08876474239602732,0.0044994375703037125
3313500,64.86,-0.06938020351526364,0.024473534433693798
3314500,65.68,-0.06455542021924482,0.039627039627039624
3315500,65.74,-0.06662610282932765,0.06129597197898424
3316500,64.64,-0.043316831683168314,0.048642533936651584
3317500,64.64,-0.02599009900990099,0.07239819004524888
3318500,64.25999999999999,-0.04637410519763461,0.08226077224398433
3319500,63.88,-0.031934877896055106,0.06755260243632337
3320500,64.38000000000001,-0.016464740602671637,0.026389668725435148
3321500,64.4,-0.021739130434782608,0.017977528089887642
3322500,65.12,-0.0343980343980344,0.0045871559633027525
3323500,66.60000000000001,-0.037237237237237236,0.015568862275449102
3324500,66.67999999999999,-0.05038992201559688,0.05402160864345738
3325500,67.60000000000001,-0.07337278106508875,0.08148148148148149
3326500,68.14,-0.06780158497211623,0.08097928436911488
3327500,67.25999999999999,-0.06690454950936664,0.06169822846670739
3328500,67.47999999999999,-0.054534676941315946,0.04369230769230769
3329500,68.22,-0.05716798592788039,0.018891687657430732
3330500,67.86,-0.036251105216622455,-0.0037359900373599006
3331500,68.0,-0.04588235294117647,0.008130081300813009
3332500,68.24,-0.03751465416178194,0.03278688524590164
3333500,66.74,-0.04045549895115373,0.04332129963898917
3334500,65.88000000000001,-0.029143897996357013,0.04516129032258064
3335500,65.14,-0.03223825606386245,0.013777267508610792
3336500,63.75999999999999,-0.030112923462986198,0.02263942573163998
3337500,63.9,-0.036619718309859155,0.000554016620498615
3338500,64.46,-0.026372944461681664,-0.025323579065841307
3339500,64.74,-0.02564102564102564,-0.03119682359614294
3340500,64.58,-0.012078042737689688,0.007340485601355167
3341500,65.4,-0.00672782874617737,0.0023121387283236996
3342500,65.22,0.01441275682306041,0.007475560667050029
3343500,65.42,0.022317334148578418,-0.007518796992481203
3344500,65.72,0.024345709068776627,-0.03267211201866978
3345500,66.44,0.011438892233594221,-0.04648390941597139
3346500,67.24,-0.001784651992861392,-0.04395604395604396
3347500,67.88,-0.015321154979375369,-0.0547945205479452
3348500,68.36,-0.035693387946167346,-0.03413400758533502
3349500,67.64,-0.011827321111768185,-0.032138442521631644
3350500,67.02,-0.0026857654431512983,-0.004244996967859308
3351500,66.34,0.01658124811576726,-0.040998217468805706
3352500,65.32,0.00612369871402327,-0.040369088811995385
3353500,64.38000000000001,0.009630319975147562,-0.04435710275126333
3354500,65.28,-0.013480392156862746,-0.04553314121037464
3355500,65.38000000000001,-0.00948302233098807,-0.0989010989010989
3356500,65.18,-0.024854249769868057,-0.04082806210465785
3357500,65.60000000000001,-0.020121951219512196,-0.018626309662398137
3358500,65.5,-0.022900763358778626,0.011027278003482298
3359500,64.64,-0.04517326732673267,0.0345217883418223
3360500,64.58,-0.05481573242489935,0.04686617730095991
3361500,64.75999999999999,-0.054354539839407044,0.01021566401816118
3362500,65.24,-0.04843654199877376,0.01611047180667434
3363500,66.52,-0.03487672880336741,-0.007177033492822967
3364500,67.42,-0.009789380005932958,-0.019053472649047325
3365500,68.36,-0.014043300175541252,-0.0189873417721519
3366500,69.22,0.004334007512279688,-0.029277813923227064
3367500,69.67999999999999,-0.012629161882893225,-0.022457067371202115
3368500,68.44,-0.02162478082992402,-0.029150823827629912
3369500,67.84,-0.05955188679245283,0.01616915422885572
3370500,66.7,-0.06686656671664168,0.05345345345345345
3371500,65.0,-0.10646153846153845,0.12228571428571429
3372500,63.56,-0.1252359974826935,0.1163556531284303
3373500,62.96000000000001,-0.17280813214739518,0.18898488120950324
3374500,63.019999999999996,-0.19644557283402095,0.18766901027582478
3375500,63.72,-0.1487758945386064,0.1422271223814774
3376500,64.66,-0.1227961645530467,0.09790605546123372
3377500,64.94,-0.09701262704034494,0.10439247005134056
3378500,66.25999999999999,-0.0504074856625415,0.03734439834024896
3379500,66.66,-0.013501350135013501,0.04859028194361128
3380500,66.32000000000001,-0.045838359469240045,0.08194774346793349
3381500,66.9,-0.05411061285500748,0.05498489425981873
3382500,66.96,-0.05734767025089606,-0.0036319612590799033
3383500,66.8,-0.05748502994011976,-0.00963855421686747
3384500,66.9,-0.04753363228699552,-0.05861027190332326
3385500,67.46,-0.04536021345982805,-0.07068223724646588
3386500,67.5,-0.03525925925925926,-0.04
3387500,67.02,-0.02357505222321695,0.0066707095209217705
3388500,66.3,-0.02081447963800905,0.02195845697329377
3389500,66.56,-0.01622596153846154,0.028708133971291867
3390500,65.72,-0.002434570906877663,0.043173862310385065
3391500,65.9,-0.006373292867981791,0.05102639296187683
3392500,66.8,-0.003592814371257485,0.05542168674698795
3393500,67.78,-0.003245795219828858,0.035381750465549346
3394500,67.54,-0.004441812259401836,0.04438964241676942
3395500,68.30000000000001,-0.034260614934114204,0.05555555555555555
3396500,67.58,-0.0328499556081681,0.06049382716049383
3397500,66.2,-0.025377643504531724,0.10242747187685021
3398500,65.16,-0.02332719459791283,0.14072372199885125
3399500,64.82,-0.025609379821042888,0.13700966458214894
3400500,64.14,-0.00841908325537886,0.1388733965421082
3401500,64.12,-0.0056144728633811605,0.11148272017837235
3402500,64.1,-0.009672386895475818,0.04289693593314763
3403500,63.839999999999996,-0.013784461152882205,-0.0011061946902654867
3404500,63.2,0.0031645569620253164,-0.020652173913043477
3405500,63.13999999999999,0.0028508077288565093,-0.05805751492132393
3406500,61.660000000000004,0.018488485241647746,-0.08711528429838289
3407500,61.44,0.022135416666666668,-0.08402489626556017
3408500,61.12,0.034031413612565446,-0.07304526748971193
3409500,61.44,0.0026041666666666665,-0.06639004149377593
3410500,61.6,0.0,-0.046875
3411500,62.72,-0.029336734693877552,0.008583690987124463
3412500,63.63999999999999,-0.035826524198617225,0.022002200220022004
3413500,64.02,-0.05529522024367385,0.032795997776542525
3414500,63.5,-0.0431496062992126,0.05315068493150685
3415500,63.3,-0.029383886255924172,0.05286103542234333
3416500,63.480000000000004,-0.019533711405166982,0.03176341730558598
3417500,63.7,-0.038618524332810045,0.017079889807162536
3418500,64.62,-0.051686784277313526,0.031091011871113624
3419500,65.53999999999999,-0.061946902654867256,0.0261172373766686
3420500,66.24,-0.06219806763285024,0.030805687203791468
3421500,66.18,-0.05772136597159263,-0.012418687167356593
3422500,65.9,-0.04279210925644916,-0.029912023460410556
3423500,65.28,-0.01838235294117647,-0.021889400921658985
3424500,64.68,-0.006184291898577613,-0.052095130237825596
3425500,64.36,-0.031075201988812928,-0.04264870931537598
3426500,64.78,-0.026242667489966037,-0.01192504258943782
3427500,64.94,-0.0070834616569140745,-0.013120365088419851
3428500,65.2,-0.009202453987730062,-0.035632183908045977
3429500,65.03999999999999,-0.025830258302583026,0.008009153318077803
3430500,65.4,-0.0061162079510703364,-0.019653179190751446
3431500,65.86,-0.01730944427573641,0.0029291154071470417
3432500,65.5,-0.036946564885496185,0.027246376811594204
3433500,66.12,-0.039927404718693285,0.02833530106257379
3434500,66.97999999999999,-0.03135264257987459,0.015142337976983646
3435500,66.25999999999999,-0.04678539088439481,0.01007705986959099
3436500,65.74,-0.039245512625494375,-0.0005837711617046118
3437500,66.60000000000001,-0.03663663663663664,0.005988023952095809
3438500,66.84,-0.02752842609216038,-0.0048250904704463205
3439500,66.58,-0.02192850705917693,-0.002992220227408737
3440500,66.86,-0.010469638049655998,-0.0006035003017501509
3441500,66.72,-0.01079136690647482,0.004807692307692308
3442500,66.46,-0.01354198013842913,0.007751937984496124
3443500,65.78,-0.020370933414411676,0.026300409117475162
3444500,66.16,-0.030229746070133012,0.024822695035460994
3445500,66.2,-0.025981873111782478,0.04260355029585799
3446500,66.58,-0.02373085010513668,0.04847396768402154
3447500,67.60000000000001,-0.03372781065088758,0.03209876543209877
3448500,67.66,-0.04108779190067987,0.04638218923933209
3449500,67.38,-0.032353814188186406,0.055793991416309016
3450500,67.02,-0.03491495076096687,0.06003638568829594
3451500,67.0,-0.03522388059701492,0.04
3452500,65.52,-0.030525030525030524,0.07424593967517401
3453500,66.14,-0.014817054732385848,0.04193738924985233
3454500,66.47999999999999,-0.015042117930204572,0.0405727923627685
3455500,67.78,-0.01622897609914429,0.05524518932340161
3456500,67.84,-0.018278301886792452,0.07960199004975124
3457500,68.52000000000001,-0.020431990659661413,0.05717916137229987
3458500,67.44,-0.03440094899169632,0.08476658476658476
3459500,66.32000000000001,-0.029553679131483716,0.07482185273159145
3460500,64.74,-0.036762434352795796,0.07090187180941576
3461500,63.5,-0.025511811023622048,0.07068493150684932
3462500,63.22,-0.021195824106295474,0.0701468189233279
3463500,62.9,-0.021303656597774244,0.06199460916442048
3464500,62.339999999999996,-0.02598652550529355,0.04726500265533723
3465500,63.18,-0.0053814498258942705,0.020097772949483977
3466500,63.480000000000004,-0.027095148078134845,0.00821917808219178
3467500,63.85999999999999,-0.028499843407453804,-0.004429678848283499
3468500,64.58,-0.011458655930628678,0.0
3469500,66.06,-0.00877989706327581,0.0047169811320754715
3470500,66.03999999999999,-0.02301635372501514,0.0347672362993518
3471500,64.48,-0.008684863523573201,0.04054054054054054
3472500,62.339999999999996,0.004812319538017324,0.07700477960701009
3473500,60.74,0.017451432334540665,0.054508405501782986
3474500,59.040000000000006,0.016260162601626018,0.0517578125
3475500,58.8,0.01292517006802721,0.038834951456310676
3476500,60.019999999999996,-0.016994335221592802,0.06853426713356678
3477500,60.540000000000006,-0.02345556656755864,0.0491637100861632
3478500,61.660000000000004,-0.03989620499513461,0.07250912884715702
3479500,62.38,-0.020198781660788714,0.046251993620414676
3480500,61.82,-0.014558395341313491,0.04871660555264536
3481500,61.4,0.018892508143322474,0.017616580310880828
3482500,63.080000000000005,0.027901077996195307,0.016251354279523293
3483500,62.3,0.03434991974317817,-0.007957559681697613
3484500,62.519999999999996,-0.016634676903390915,0.052294557097118465
3485500,62.46000000000001,-0.04130643611911623,0.09429941395844432
3486500,63.12,-0.055133079847908745,0.09327548806941431
3487500,62.019999999999996,-0.04482425024185747,0.06371774618220116
3488500,62.63999999999999,-0.05747126436781609,0.06316916488222699
3489500,62.28,-0.03147077713551702,0.03499469777306469
3490500,62.760000000000005,-0.010197578075207138,-0.023630504833512353
3491500,63.3,-0.006003159557661927,-0.03433242506811989
3492500,63.82,-0.03666562206204951,0.004975124378109453
3493500,64.14,-0.044589959463673216,0.013943112102621304
3494500,64.74,-0.05838739573679333,0.01758366420873511
3495500,64.8,-0.06419753086419754,0.03977272727272727
3496500,64.96,-0.05295566502463054,0.05365296803652968
3497500,65.02,-0.02553060596739465,0.020011435105774727
3498500,64.8,-0.028395061728395062,0.03977272727272727
3499500,65.14,-0.01197420939514891,0.03384968445209409
3500500,64.74,0.0009267840593141798,0.04821327283040272
3501500,64.74,0.0015446400988569664,0.047078842881452074
3502500,64.60000000000001,-0.0006191950464396285,0.05536723163841808
3503500,64.84,0.001850709438618137,0.026166097838452786
3504500,65.06,-0.032892714417460805,0.044075558099599316
3505500,65.34,-0.021120293847566574,-0.0028851702250432777
3506500,65.42,-0.03148884133292571,0.002891844997108155
3507500,64.88000000000001,-0.043773119605425403,0.03416856492027335
3508500,65.66,-0.03990252817544929,0.0529994175888177
3509500,65.5,0.003969465648854962,0.02608695652173913
3510500,65.44,-0.018337408312958436,0.05439814814814815
3511500,66.42,-0.00030111412225233364,0.03156640857653365
3512500,67.66,0.0038427431274017146,0.017934446505875078
3513500,66.25999999999999,0.016601267733172352,-0.04682868998221695
3514500,65.62,0.025906735751295335,-0.062245491564863295
3515500,65.7,0.023439878234398782,-0.1032069970845481
3516500,64.38000000000001,0.018949984467225848,-0.14093206064008984
3517500,64.05999999999999,0.030908523259444272,-0.18419588202559822
3518500,64.68,0.032158317872603585,-0.1857304643261608
3519500,64.88000000000001,0.01911220715166461,-0.2022792022792023
3520500,65.02,0.02799138726545678,-0.2128146453089245
3521500,63.480000000000004,0.007561436672967864,-0.18575342465753425
3522500,63.42,-0.048249763481551564,-0.11706783369803063
3523500,61.88,-0.06140917905623788,-0.07926509186351706
3524500,62.13999999999999,-0.10782104924364339,-0.012150026413100899
3525500,62.06,-0.117628101836932,0.03637322087506589
3526500,63.239999999999995,-0.11827956989247312,0.09031556039173014
3527500,63.42,-0.10501419110690634,0.0989611809732094
3528500,65.0,-0.1076923076923077,0.13942857142857143
3529500,64.28,-0.05849408836341008,0.09742441209406495
3530500,64.36,-0.0509633312616532,0.11335578002244669
3531500,65.38000000000001,-0.030284490669929644,0.097631426920855
3532500,64.68,-0.0018552875695732839,0.039637599093997736
3533500,65.24,0.01594114040465972,0.020713463751438434
3534500,66.53999999999999,0.015930267508265705,0.02211595935445308
3535500,66.97999999999999,0.023589131083905642,-0.023622047244094488
3536500,66.16,0.01995163240628779,-0.03900709219858156
3537500,66.32000000000001,0.011459589867310011,-0.03681710213776722
3538500,66.25999999999999,0.006338665861756716,-0.03260225251926497
3539500,66.18,-0.016016923541855545,-0.02897693672383205
3540500,66.16,-0.02357920193470375,-0.010638297872340425
3541500,65.58,-0.030802073802988716,0.01220220801859384
3542500,65.5,-0.031450381679389315,0.03536231884057971
3543500,64.58,-0.023846392071848868,0.03557312252964427
3544500,63.3,-0.012954186413902054,0.03760217983651226
3545500,63.019999999999996,0.004125674389082831,0.021092482422931314
3546500,63.739999999999995,-0.0028239723878255413,0.010479867622724766
3547500,63.88,-0.0068879148403256105,0.006644518272425249
3548500,63.63999999999999,-0.01257071024512885,-0.0242024202420242
3549500,63.480000000000004,0.003780718336483932,-0.03614457831325301
3550500,62.92,0.008264462809917356,-0.030204962243797196
3551500,62.8,0.001910828025477707,-0.03978494623655914
3552500,63.04,0.0012690355329949238,-0.02922077922077922
3553500,63.68000000000001,0.006909547738693468,-0.014317180616740088
3554500,63.38,0.007257810034711265,-0.024576734025122882
3555500,63.2,-0.02278481012658228,0.035869565217391305
3556500,63.18,-0.01361190250079139,0.030961434003259097
3557500,63.239999999999995,-0.001265022137887413,0.013057671381936888
3558500,63.72,-0.005649717514124294,0.022050716648291068
3559500,64.72,-0.018541409147095178,0.017006802721088437
3560500,65.24,-0.002452483139178418,-0.009205983889528193
3561500,65.2,0.0018404907975460123,-0.0022988505747126436
3562500,65.36,-0.0012239902080783353,-0.008083140877598153
3563500,65.66,-0.0027413950654888823,0.007571345369831101
3564500,65.42,-0.010088657902782024,0.05841526894158473
3565500,66.22,-0.03171247357293869,0.03019538188277087
3566500,66.44,-0.033112582781456956,0.066746126340882
3567500,66.56,-0.04266826923076923,0.09449760765550239
3568500,67.22,-0.05444808092829515,0.10189139719341062
3569500,68.22,-0.049545587804163,0.09502831969792322
3570500,67.97999999999999,-0.04677846425419241,0.09306683322923173
3571500,69.26,-0.05573202425642507,0.08913467794404685
3572500,70.17999999999999,-0.04873183243089199,0.07847082494969819
3573500,69.44,-0.043202764976958526,0.07460732984293193
3574500,69.1,-0.03096960926193922,0.05242718446601942
3575500,68.64,-0.035547785547785545,0.05739795918367347
3576500,66.74,-0.02607132154629907,0.039085989176187615
3577500,65.46,-0.025358997861289336,0.03647944412275622
3578500,64.7,-0.030602782071097373,0.01529745042492918
3579500,64.42,-0.054330953120149024,0.02866779089376054
3580500,64.0,-0.04625,0.042222222222222223
3581500,65.16,-0.04604051565377532,0.04936854190585534
3582500,66.25999999999999,-0.044974343495321464,0.04919976289270895
3583500,66.5,-0.02917293233082707,0.05552238805970149
3584500,66.06,-0.01907356948228883,0.04301708898055392
3585500,67.02,-0.02954341987466428,0.02850212249848393
3586500,66.18,-0.026896343306134784,0.03252513305736251
3587500,65.88000000000001,-0.04310868245294475,0.03460410557184751
3588500,64.78,-0.0466193269527632,0.05460750853242321
3589500,64.84,-0.0635410240592227,0.0678062678062678
3590500,63.92,-0.05569461827284105,0.07940033314825097
3591500,64.56,-0.080545229244114,0.06726964386659129
3592500,63.42,-0.07221696625670136,0.04980842911877394
3593500,64.68,-0.07297464440321583,0.039637599093997736
3594500,65.36,-0.06303549571603427,0.03810623556581986
3595500,66.0,-0.05818181818181818,0.02588235294117647
3596500,66.7,-0.030284857571214394,0.01021021021021021
3597500,68.14,-0.012034047549163486,0.02448210922787194
3598500,68.24,-0.022860492379835874,-0.0025188916876574307
3599500,66.9,-0.011061285500747383,-0.036858006042296075
3600500,66.97999999999999,-0.019408778739922364,-0.023622047244094488
3601500,65.78,-0.022195196108239588,-0.008766803039158387
3602500,63.36000000000001,-0.047979797979797977,-0.004366812227074236
3603500,63.12,-0.042458808618504436,0.004338394793926247
3604500,64.60000000000001,-0.06315789473684211,0.05310734463276836
3605500,64.24,-0.07409713574097136,0.11409395973154363
3606500,64.03999999999999,-0.09681449094316052,0.14794215795328142
3607500,64.68,-0.08967223252937538,0.16308040770101925
3608500,65.32,-0.10471524800979792,0.19215233698788228
3609500,65.42,-0.10363803118312442,0.22685185185185186
3610500,65.84,-0.07897934386391252,0.1763327475102519
3611500,66.08000000000001,-0.06174334140435835,0.10206489675516224
3612500,66.18,-0.04261106074342702,0.04142011834319527
3613500,65.34,-0.028466483011937556,-0.004039238315060588
3614500,64.72,-0.0173053152039555,-0.05782312925170068
3615500,64.75999999999999,-0.022235948116121063,-0.05448354143019296
3616500,65.8,-0.034650455927051675,0.0
3617500,66.38,-0.035854172943657725,0.02676977989292088
3618500,66.72,-0.047362110311750596,0.057692307692307696
3619500,66.78,-0.04821802935010482,0.049969897652016856
3620500,66.47999999999999,-0.056558363417569195,0.034606205250596656
3621500,65.06,-0.03473716569320627,-0.028048082427017746
3622500,64.9,-0.03790446841294299,-0.021082621082621083
3623500,64.42,-0.022042843837317604,-0.04103428892636313
3624500,63.7,-0.0141287284144427,-0.015977961432506887
3625500,63.6,-0.00880503144654088,0.005494505494505495
3626500,64.2,-0.017445482866043614,0.0670391061452514
3627500,64.1,-0.029017160686427457,0.07075208913649025
3628500,64.7,-0.03740340030911901,0.1048158640226629
3629500,66.36,-0.05364677516576251,0.11533888228299644
3630500,66.32000000000001,-0.05006031363088058,0.08669833729216152
3631500,67.06,-0.05457798985982702,0.08075288403157256
3632500,67.60000000000001,-0.049112426035502955,0.1037037037037037
3633500,66.62,-0.03992794956469529,0.0665068903535051
3634500,66.18,-0.011786038077969175,0.027794204612655235
3635500,66.46,-0.009328919650917845,0.0172927847346452
3636500,65.16,-0.006138735420503376,0.012629161882893225
3637500,64.84,-0.020357803824799507,0.013651877133105802
3638500,65.58,-0.031412015858493444,0.03428239395700174
3639500,65.58,-0.04422079902409271,0.05287623474723998
3640500,65.84,-0.04070473876063183,0.03747072599531616
3641500,66.47999999999999,-0.03309265944645006,0.05608591885441527
3642500,67.32000000000001,-0.0142602495543672,0.030599755201958383
3643500,67.44,-0.0005931198102016608,0.033169533169533166
3644500,67.30000000000001,0.008023774145616641,0.027522935779816515
3645500,67.67999999999999,0.015366430260047281,0.054455445544554455
3646500,67.97999999999999,0.00264783759929391,0.05434103685196752
3647500,67.02,-0.009847806624888093,0.05154639175257732
3648500,66.34,-0.009345794392523364,0.0184194890077243
3649500,65.84,-0.027946537059538274,0.02107728337236534
3650500,64.8,-0.04876543209876543,-0.003409090909090909
3651500,65.22,-0.05366452008586323,-0.01897642323174238
3652500,65.78,-0.05442383703253269,-0.008766803039158387
3653500,65.48,-0.0678069639584606,0.01738122827346466
3654500,65.8,-0.0662613981762918,0.025730994152046785
3655500,65.58,-0.06617871302226289,0.073794305636258
3656500,64.64,-0.043316831683168314,0.1085972850678733
3657500,64.18,-0.028980990962916797,0.09659408151870463
3658500,64.94,-0.02433015090853095,0.10096976611523104
3659500,65.24,-0.011649294911097487,0.10586881472957423
3660500,65.9,0.007587253414264037,0.08856304985337243
3661500,65.94,-0.006369426751592357,0.05813270698766882
3662500,65.64,-0.024984765386959172,0.0779976717112922
3663500,65.96,-0.03820497271073378,0.09165687426556991
3664500,64.42,-0.035703197764669355,0.07813378302417089
3665500,64.34,-0.05439850792663973,0.056646102075154234
3666500,65.06,-0.04518905625576391,0.05437893531768746
3667500,66.24,-0.018115942028985508,0.027251184834123223
3668500,65.56,0.025625381330079317,-0.006968641114982578
3669500,66.9,0.016442451420029897,-0.016314199395770394
3670500,66.84,0.019748653500897665,0.0
3671500,67.16,0.012507444907683145,-0.02679658952496955
3672500,67.58,0.009174311926605505,-0.03146206045650833
3673500,69.04,-0.016801853997682505,-0.027131782945736434
3674500,69.38,-0.005477082732776016,-0.026779882429784456
3675500,69.48,-0.010938399539435808,-0.007863695937090432
3676500,68.47999999999999,-0.0005841121495327102,0.006345177664974619
3677500,66.78,-0.012279125486672657,0.010234798314268514
3678500,65.88000000000001,-0.018214936247723135,0.029308323563892145
3679500,65.52,-0.04212454212454213,0.04988399071925754
3680500,65.14,-0.0420632483880872,0.013195639701663799
3681500,65.25999999999999,-0.05056696291756053,0.027058146229130685
3682500,66.14,-0.05352283035984276,0.04193738924985233
3683500,66.52,-0.04329524954900782,0.053763440860215055
3684500,66.02,-0.03544380490760376,0.03708063566804003
3685500,67.0,-0.022686567164179106,0.05818181818181818
3686500,67.60000000000001,-0.03372781065088758,0.05308641975308642
3687500,68.38,-0.01725650775080433,0.046173308032890575
3688500,68.54,-0.02421943390720747,0.019707565162110616
3689500,69.14,-0.013595603124096037,0.020090732339598186
3690500,67.62,-0.023957409050576754,0.02038295243977764
3691500,66.7,-0.0008995502248875562,0.01981981981981982
3692500,65.74,-0.007605719501064801,0.05195563339171045
3693500,65.28,0.007352941176470588,0.06221198156682028
3694500,64.74,-0.00030892801977139327,0.06636415201361316
3695500,66.02,-0.003938200545289306,0.06533254855797528
3696500,66.42,-0.017765733212887685,0.07444907683144729
3697500,65.64,-0.020719073735527116,0.012805587892898719
3698500,65.66,-0.03746573256168139,0.0180547466511357
3699500,65.5,-0.03267175572519084,0.022608695652173914
3700500,64.64,-0.017326732673267328,0.030542986425339366
3701500,64.5,-0.024496124031007753,0.021971830985915493
3702500,64.1,-0.03338533541341654,0.04178272980501393
3703500,62.96000000000001,-0.028589580686149935,0.0183585313174946
3704500,61.86000000000001,-0.041707080504364696,0.007865757734661772
3705500,61.260000000000005,-0.04080966372837088,-0.010841507485802787
3706500,61.24000000000001,-0.045068582625734814,0.005159958720330237
3707500,61.919999999999995,-0.03294573643410853,0.01995798319327731
3708500,63.019999999999996,-0.054903205331640746,0.0578691184424013
3709500,65.10000000000001,-0.05622119815668203,0.06017191977077364
3710500,66.16,-0.060459492140266025,0.06028368794326241
3711500,66.72,-0.05815347721822542,0.04807692307692308
3712500,67.67999999999999,-0.06678486997635934,0.053217821782178217
3713500,67.88,-0.031231585150265175,-0.038605230386052306
3714500,68.30000000000001,-0.013177159590043924,-0.06498422712933755
3715500,69.42,-0.0002881014116969173,-0.06998037933289732
3716500,68.06,0.024390243902439025,-0.09022556390977443
3717500,67.4,0.004747774480712166,-0.049723756906077346
3718500,66.52,-0.009621166566446182,0.011356843992827256
3719500,65.7,-0.008828006088280061,0.022170361726954493
3720500,63.68000000000001,-0.02135678391959799,-0.0005509641873278236
3721500,63.739999999999995,-0.03671164104173204,0.010479867622724766
3722500,64.12,-0.015595757953836557,-0.04013377926421405
3723500,65.25999999999999,-0.01685565430585351,-0.02936096718480138
3724500,65.8,-0.01033434650455927,-0.042105263157894736
3725500,66.24,0.03260869565217391,0.011862396204033215
3726500,66.38,0.0033142512805061767,0.029184038117927337
3727500,68.28,-0.02870533099004101,0.041666666666666664
3728500,70.72,-0.05938914027149321,-0.01094391244870041
3729500,72.72,-0.10506050605060506,-0.010279001468428781
3730500,75.14,-0.16369443705083844,-0.11182622687047465
3731500,78.18,-0.15886415963161934,-0.1934005499541705
3732500,77.84,-0.17060637204522097,-0.16967509025270758
3733500,74.28,-0.15455035002692516,-0.05754276827371695
3734500,71.39999999999999,-0.08851540616246499,-0.0013986013986013986
3735500,69.02000000000001,-0.06403940886699508,0.04325371207230471
3736500,66.32000000000001,-0.004221954161640531,0.06175771971496437
3737500,64.22,0.04391155403301152,0.05645612073784237
3738500,63.959999999999994,0.0825515947467167,0.0
3739500,64.03999999999999,0.05121798875702686,-0.020022246941045607
3740500,63.54,0.06578533207428391,-0.013713658804168952
3741500,63.019999999999996,0.04982545223738496,0.007030827474310438
3742500,62.339999999999996,0.03946102021174206,0.0037174721189591076
3743500,62.96000000000001,-0.016518424396442185,0.04103671706263499
3744500,63.38,-0.01167560744714421,0.03659202621518296
3745500,64.3,-0.037636080870917576,0.03081232492997199
3746500,65.2,-0.02638036809815951,0.04367816091954023
3747500,66.32000000000001,-0.007840772014475271,0.0332541567695962
3748500,66.47999999999999,0.029482551143200964,0.032219570405727926
3749500,66.3,0.015987933634992457,0.02433234421364985
3750500,65.53999999999999,0.06316753127860848,0.019152640742890307
3751500,65.66,0.03441973804447152,-0.0064065230052417
3752500,64.32,0.05534825870646766,-0.002242152466367713
3753500,64.32,0.03731343283582089,0.0033632286995515697
3754500,64.02,0.043423930021868166,0.007226236798221234
3755500,63.92,0.025031289111389236,0.03991130820399113
3756500,63.56,0.00881057268722467,0.038419319429198684
3757500,64.53999999999999,-0.052990393554384875,0.06598984771573604
3758500,65.14,-0.06908197727970525,0.07286288009179576
3759500,65.2,-0.09631901840490797,0.10574712643678161
3760500,66.3,-0.11794871794871795,0.1026706231454006
3761500,66.58,-0.08981676179032742,0.10712148414123279
3762500,66.42,-0.050888286660644384,0.0684931506849315
3763500,65.52,-0.04151404151404151,0.054524361948955914
3764500,65.64,-0.029250457038391225,0.048894062863795114
3765500,66.42,-0.020174646190906354,0.02561048243001787
3766500,66.44,-0.027694160144491272,0.011918951132300357
3767500,66.88,-0.035287081339712915,0.01932367149758454
3768500,67.58,-0.025155371411660254,0.010487353485502776
3769500,69.17999999999999,0.012431338537149466,0.012329656067488644
3770500,69.56,0.02645198389879241,0.052562417871222074
3771500,69.94,0.03460108664569631,0.04856952761144378
3772500,70.96000000000001,0.03494926719278467,0.07300275482093664
3773500,70.74000000000001,0.037602487984167376,0.060833902939166094
3774500,70.67999999999999,0.0022637238256932655,0.040927694406548434
3775500,68.86,-0.02410688353180366,0.014771997430956968
3776500,68.76,-0.031413612565445025,0.01792573623559539
3777500,67.84,-0.014150943396226415,-0.0024875621890547263
3778500,67.97999999999999,-0.003236245954692557,0.01561524047470331
3779500,66.60000000000001,0.011411411411411412,0.005988023952095809
3780500,66.32000000000001,0.021712907117008445,0.011876484560570071
3781500,63.7,0.014756671899529042,0.02809917355371901
3782500,60.96,-0.001968503937007874,0.028688524590163935
3783500,58.56,-0.0020491803278688526,0.008687258687258687
3784500,58.24,0.0,0.01532567049808429
3785500,58.06,-0.0058560110230795725,0.009060562708631379
3786500,59.699999999999996,-0.031155778894472363,0.025310173697270472
3787500,60.18,-0.04752409438351612,0.053741838272225013
3788500,62.419999999999995,-0.05094520986863185,0.06226716338477914
3789500,62.739999999999995,-0.043672298374242906,0.05743424584004294
3790500,63.980000000000004,-0.054079399812441385,0.09605774569683509
3791500,67.86,0.027998821102269377,0.0958904109589041
3792500,71.88,0.06956037840845854,0.10620099786172488
3793500,71.89999999999999,0.04144645340751043,0.12553495007132667
3794500,71.48,0.024062674874090653,0.13000702740688685
3795500,71.56,0.03297931805477921,0.08104298801973221
3796500,67.92,-0.009422850412249705,0.04744069912609238
3797500,65.88000000000001,-0.030965391621129327,0.0
3798500,66.46,-0.0255792958170328,-0.0017889087656529517
3799500,68.22,-0.03840515977719144,0.024543738200125866
3800500,67.72,-0.05670407560543414,0.03965303593556382
3801500,68.02,-0.08203469567774184,0.04940587867417136
3802500,68.36,-0.08835576360444705,0.08091024020227561
3803500,66.97999999999999,-0.07076739325171694,0.07086614173228346
3804500,65.25999999999999,-0.04934109714986209,0.03626943005181347
3805500,64.72,-0.024721878862793572,0.049886621315192746
3806500,65.02,0.003998769609350969,0.04974271012006861
3807500,65.03999999999999,0.0006150061500615006,0.04576659038901602
3808500,66.06,-0.004541326067211626,0.047731290512669416
3809500,66.60000000000001,-0.008408408408408409,0.058682634730538925
3810500,66.84,0.002992220227408737,0.04342581423401689
3811500,66.62,0.00990693485439808,0.053325344517675254
3812500,65.53999999999999,0.023497101007018614,0.038885664538595474
3813500,64.60000000000001,0.015479876160990712,0.05536723163841808
3814500,64.05999999999999,0.007805182641273806,0.06399554813578186
3815500,63.980000000000004,-0.01031572366364489,0.07162687395891172
3816500,63.92,-0.01877346683354193,0.041019955654102
3817500,65.12,-0.044226044226044224,0.05504587155963303
3818500,66.34,-0.02683147422369611,0.029114676173499703
3819500,67.04,-0.03997613365155131,0.010922330097087379
3820500,67.08,-0.03756708407871199,-0.006075334143377886
3821500,67.64,-0.04849201655824956,0.0
3822500,67.44,-0.045670225385527875,0.002457002457002457
3823500,66.14,-0.06259449652252796,0.030124040165386886
3824500,65.7,-0.0624048706240487,0.0239067055393586
3825500,65.60000000000001,-0.07560975609756097,0.002325581395348837
3826500,65.7,-0.07823439878234399,-0.001749271137026239
3827500,65.84,-0.07654921020656136,0.0117096018735363
3828500,67.32000000000001,-0.07605466428995841,0.0012239902080783353
3829500,67.32000000000001,-0.0677361853832442,0.01346389228886169
3830500,67.02,-0.043867502238137866,0.0066707095209217705
3831500,64.94,-0.023714197720973208,0.04392470051340559
3832500,64.66,-0.017012063099288585,0.017543859649122806
3833500,63.38,-0.028084569264752286,0.019115237575095576
3834500,63.260000000000005,-0.03066708820739804,0.035383777898747956
3835500,64.48,-0.03722084367245657,0.06756756756756757
3836500,67.74,-0.04812518452908179,0.0675759454432734
3837500,67.0,-0.04835820895522388,0.10787878787878788
3838500,67.25999999999999,-0.029438001784121322,0.11056811240073305
3839500,67.16,-0.015485407980941036,0.0779537149817296
3840500,66.97999999999999,-0.013436846819946252,0.07934585099939431
3841500,65.56,-0.018303843807199512,0.04065040650406504
3842500,67.24,-0.019631171921475312,0.006105006105006105
3843500,67.9,-0.0321060382916053,-0.023052959501557634
3844500,68.56,-0.0338389731621937,-0.017811704834605598
3845500,68.5,-0.04116788321167883,-0.03111111111111111
3846500,68.2,-0.026392961876832845,-0.042767295597484274
3847500,67.78,-0.03334316907642372,-0.03165735567970205
3848500,68.02,-0.03498970890914437,0.015634771732332707
3849500,67.7,-0.04283604135893648,0.02910216718266254
3850500,67.25999999999999,-0.03181683021112102,0.031154551007941355
3851500,67.04,-0.04355608591885442,0.07524271844660194
3852500,66.86,-0.031408914148967994,0.06336753168376584
3853500,66.47999999999999,-0.022262334536702767,0.0011933174224343676
3854500,66.8,-0.013173652694610778,-0.018072289156626505
3855500,68.06,-0.026741110784601823,0.0031308703819661866
3856500,68.17999999999999,-0.030800821355236138,-0.01697045883092395
3857500,67.88,-0.04890984089569829,-0.0224159402241594
3858500,67.0,-0.04955223880597015,-0.0036363636363636364
3859500,65.42,-0.05105472332619994,-0.027183342972816656
3860500,64.8,-0.04814814814814815,-0.035227272727272725
3861500,64.28,-0.037958929682638455,-0.0593505039193729
3862500,64.02,-0.005310840362386754,-0.08838243468593664
3863500,64.38000000000001,0.008387698042870456,-0.13307130825379002
3864500,64.7,0.0003091190108191654,-0.11614730878186968
3865500,64.08,0.0018726591760299626,-0.12138084632516703
3866500,64.02,-0.014058106841611996,-0.07837687604224569
3867500,63.88,-0.028804007514088917,-0.06090808416389812
3868500,64.28,-0.08462974486621033,0.051511758118701005
3869500,65.60000000000001,-0.08536585365853659,0.1
3870500,65.74,-0.08670520231213873,0.10683012259194395
3871500,67.06,-0.07903370116313749,0.11475409836065574
3872500,66.25999999999999,-0.07636583157259282,0.15352697095435686
3873500,65.78,-0.05320766190331408,0.11747516072472239
3874500,65.34,-0.03948576675849403,0.07674552798615118
3875500,65.64,-0.015843997562461912,0.0570430733410943
3876500,64.66,0.005258274048871018,0.008488964346349746
3877500,65.86,0.006984512602490131,-0.07674282366725249
3878500,65.92,0.03155339805825243,-0.08098591549295775
3879500,65.52,0.018925518925518924,-0.05336426914153132
3880500,64.96,-0.007389162561576354,-0.04452054794520548
3881500,65.32,-0.031230863441518677,0.025374855824682813
3882500,65.22,-0.036491873658387,0.09143185738930419
3883500,65.53999999999999,-0.050961245041196215,0.0934416715031921
3884500,64.36,-0.0435052827843381,0.09988776655443322
3885500,63.75999999999999,-0.03136762860727729,0.12141280353200883
3886500,63.62,-0.012260295504558314,0.08741066520065971
3887500,63.739999999999995,-0.008471917163476624,0.07564881281060187
3888500,63.92,-0.01939924906132666,0.06104328523862375
3889500,65.14,-0.01934295363831747,0.045376220562894885
3890500,65.7,-0.022222222222222223,0.027437244600116754
3891500,65.44,-0.030562347188264057,0.01853997682502897
3892500,65.0,-0.040615384615384616,0.05828571428571429
3893500,64.62,-0.013308573197152585,0.05257207461842849
3894500,64.9,-0.0064714946070878274,0.046153846153846156
3895500,64.88000000000001,-0.007398273736128237,0.05466970387243736
3896500,65.28,-0.023284313725490197,0.0771889400921659
3897500,65.16,-0.019030079803560467,0.006888633754305396
3898500,64.92,-0.025878003696857672,0.02394526795895097
3899500,64.32,-0.034203980099502485,0.028026905829596414
3900500,64.44,-0.040968342644320296,0.00562429696287964
3901500,64.22,-0.02273435066957334,-0.0016769144773616546
3902500,63.739999999999995,-0.029181048007530592,0.02702702702702703
3903500,65.16,-0.006752608962553714,-0.018369690011481057
3904500,65.84,0.0054678007290400975,-0.03161592505854801
3905500,65.25999999999999,0.017468587189702726,-0.02475532527345999
3906500,65.22,0.016252683226004292,-0.04082806210465785
3907500,66.16,0.012091898428053204,-0.027186761229314422
3908500,64.7,-0.0003091190108191654,-0.0084985835694051
3909500,64.25999999999999,-0.0071584189231248055,0.0027979854504756574
3910500,64.12,-0.004990642545227698,-0.004459308807134894
3911500,63.44,-0.017023959646910468,0.044857768052516414
3912500,62.78,-0.014972921312519911,0.06716818914562063
3913500,63.4,-0.029022082018927444,0.08415300546448087
3914500,63.13999999999999,-0.031992397846056383,0.08518719479110147
3915500,64.53999999999999,-0.02386117136659436,0.10772701635645798
3916500,65.84,-0.018833535844471446,0.06791569086651054
3917500,66.5,-0.002105263157894737,0.03164179104477612
3918500,67.08,0.028622540250447227,0.013365735115431349
3919500,70.62,0.06881903143585387,0.03471749489448604
3920500,72.89999999999999,0.08861454046639232,0.09225092250922509
3921500,74.46000000000001,0.0985764168681171,0.17776037588097102
3922500,75.86,0.11995781703137358,0.1980115990057995
3923500,77.94,0.15114190402874006,0.18766999093381687
3924500,78.06,0.150909556751217,0.16134913400182316
3925500,78.28,0.15687276443536025,0.11233885819521179
3926500,79.47999999999999,0.1746351283341721,0.07602339181286549
3927500,80.86,0.1783329210981944,0.1536050156739812
3928500,78.16,0.12128966223132037,0.23189734188817598
3929500,75.26,0.07626893436088228,0.1941747572815534
3930500,72.24000000000001,0.03820598006644518,0.15933669790915644
3931500,70.96000000000001,0.05186020293122886,0.1206064782908339
3932500,70.94,0.040879616577389345,0.1184573002754821
3933500,73.44000000000001,0.07352941176470588,0.17921686746987953
3934500,76.12,0.12769311613242249,0.25125628140703515
3935500,78.92,0.15914850481500253,0.34345351043643263
3936500,79.14,0.13368713671973717,0.38638542665388304
3937500,77.10000000000001,0.13411154345006485,0.23842794759825328
3938500,77.94,0.15268154991018731,0.15503173164097914
3939500,78.62,0.14118544899516663,0.1599625818521983
3940500,78.94,0.12743856093235367,0.1889838556505223
3941500,77.18,0.09406582016066338,0.1481156879929886
3942500,75.88000000000001,0.0753821823932525,0.175787728026534
3943500,72.28,0.02933038184836746,0.15584415584415584
3944500,68.72,-0.010477299185098952,0.11892583120204604
3945500,65.22,-0.05243790248390064,0.060379528464634846
3946500,64.92,-0.030191004313000615,0.039908779931584946
3947500,65.8,-0.044984802431610946,0.03742690058479532
3948500,65.62,-0.04846083511124657,0.03315881326352531
3949500,65.7,-0.03561643835616438,0.0239067055393586
3950500,66.03999999999999,-0.013325257419745608,0.011778563015312132
3951500,65.32,-0.017758726270667484,0.01384083044982699
3952500,64.75999999999999,-0.0006176652254478073,0.02383654937570942
3953500,63.78,0.009720915647538414,0.029265599116510214
3954500,61.82,-0.002264639275315432,0.020429544264012573
3955500,60.78,-0.0009871668311944718,0.009688934217236104
3956500,60.84,0.0019723865877712033,0.017364657814096015
3957500,60.31999999999999,-0.003978779840848806,-0.006048387096774193
3958500,61.199999999999996,0.00065359477124183,-0.026804123711340205
3959500,62.339999999999996,0.0060956047481552774,-0.03345724907063197
3960500,63.4,-0.010725552050473186,-0.014207650273224045
3961500,63.56,-0.009439899307740718,-0.07244785949506037
3962500,64.58,-0.034375967791886036,-0.03557312252964427
3963500,65.16,-0.05033763044812769,-0.040183696900114814
3964500,66.18,-0.06557872469023875,-0.041986989946777055
3965500,66.3,-0.06184012066365008,-0.06112759643916914
3966500,66.24,-0.058574879227053143,0.01066350710900474
3967500,65.98,-0.03182782661412549,-0.0029394473838918285
3968500,66.0,0.004242424242424243,-0.011764705882352941
3969500,65.48,0.0018326206475259622,-0.0034762456546929316
3970500,65.28,-0.009191176470588236,0.00576036866359447
3971500,65.18,-0.012580546179809757,-0.00861573808156232
3972500,65.02,-0.0070747462319286376,-0.04288164665523156
3973500,64.74,-0.048501699104108745,-0.02212138400453772
3974500,64.48,-0.03598014888337469,-0.033783783783783786
3975500,64.02,-0.02655420181193377,-0.032795997776542525
3976500,65.32,-0.013472137170851195,-0.02191464821222607
3977500,65.18,-0.033445842282908866,0.017805858701895463
3978500,65.44,-0.030562347188264057,0.006944444444444444
3979500,66.34,-0.032861018993066024,0.0184194890077243
3980500,67.10000000000001,-0.03129657228017884,0.01641337386018237
3981500,66.74,-0.03745879532514235,0.003006614552014432
3982500,67.42,-0.015129041827350934,-0.001841620626151013
3983500,67.28,-0.013079667063020214,-0.014669926650366748
3984500,66.97999999999999,-0.01642281277993431,-0.01635372501514234
3985500,67.08,-0.02802623732856291,-0.006075334143377886
3986500,66.8,-0.03053892215568862,-0.027710843373493974
3987500,65.98,-0.04152773567747802,-0.03115814226925338
3988500,66.12,-0.025408348457350273,0.0035419126328217238
3989500,65.48,-0.02565668906536347,0.030127462340672075
3990500,65.62,-0.0277354465102103,0.014543339150668994
3991500,66.24,-0.03804347826086957,0.022511848341232227
3992500,67.52,-0.04206161137440758,0.029556650246305417
3993500,67.25999999999999,-0.03776390127862028,0.012828344532681736
3994500,68.58,-0.01837270341207349,-0.023551877784850413
3995500,69.08,-0.0017371163867979154,-0.016817593790426907
3996500,68.7,0.00611353711790393,-0.008306709265175719
3997500,67.66,0.018031333136269583,-0.03277674706246135
3998500,67.38,0.00682695161769071,-0.02145922746781116
3999500,66.16,-0.010278113663845224,0.010638297872340425
4000500,65.03999999999999,-0.041820418204182044,0.016018306636155607
4001500,64.56,-0.046468401486988845,0.01580135440180587
4002500,64.14,-0.0626753975678204,0.0373675404350251
4003500,64.78,-0.06020376659462797,0.03577512776831346
4004500,65.06,-0.06978173993237012,0.017744705208929592
4005500,66.16,-0.0592503022974607,0.028368794326241134
4006500,66.14,-0.06864227396431812,0.05200945626477541
4007500,67.02,-0.07132199343479559,0.0703883495145631
4008500,66.08000000000001,-0.07082324455205811,0.07374631268436578
4009500,65.92,-0.04611650485436893,0.0546095126247798
4010500,65.53999999999999,-0.025938358254501068,-0.009291521486643438
4011500,66.44,-0.015051173991571343,-0.04410011918951132
4012500,66.64,0.003001200480192077,-0.07913669064748201
4013500,67.10000000000001,-0.012220566318926976,-0.08085106382978724
4014500,67.54,-0.03405389398874741,-0.041281577325939615
4015500,66.38,-0.052124133775233505,0.016061867935752528
4016500,65.82000000000001,-0.044667274384685506,0.02984201287302516
4017500,65.60000000000001,-0.054878048780487805,0.05
4018500,65.7,-0.042922374429223746,0.046064139941690965
4019500,65.96,-0.015767131594906003,0.009400705052878966
4020500,66.67999999999999,-0.0023995200959808036,-0.0024009603841536613
4021500,68.46,-0.021910604732690624,-0.01585288522511097
4022500,70.48,-0.06356413166855845,-0.04065040650406504
4023500,71.06,-0.0757106670419364,-0.033863165169315826
4024500,70.78,-0.08448714326080814,-0.01163586584531143
4025500,70.48,-0.08796821793416572,0.012195121951219513
4026500,69.28,-0.07159353348729793,0.052083333333333336
4027500,69.06,-0.07211120764552563,0.06399482870071105
4028500,68.32000000000001,-0.06850117096018736,0.039141414141414144
4029500,68.02,-0.07556600999705969,0.0006253908692933083
4030500,67.88,-0.07837360047142015,-0.039850560398505604
4031500,66.16,-0.09552599758162031,-0.0591016548463357
4032500,63.239999999999995,-0.0480708412397217,-0.046789989118607184
4033500,63.22,-0.04017715912685859,-0.026644915715062535
4034500,63.46000000000001,-0.03561298455720139,-0.0005473453749315818
4035500,64.2,-0.02679127725856698,0.01899441340782123
4036500,66.12,-0.0024198427102238356,0.012987012987012988
4037500,67.66,-0.019804906887378067,0.03277674706246135
4038500,68.42,-0.04180064308681672,0.050031665611146296
4039500,68.62,-0.06499562809676479,0.0579987253027406
4040500,67.94,-0.06329113924050633,0.053025577043044295
4041500,67.24,-0.07495538370017847,0.01221001221001221
4042500,66.08000000000001,-0.053268765133171914,-0.0294811320754717
4043500,66.16,-0.036275695284159616,-0.00591016548463357
4044500,65.3,-0.011332312404287902,-0.02478386167146974
4045500,65.28,-0.022058823529411766,-0.01728110599078341
4046500,63.5,-0.02110236220472441,0.000547945205479452
4047500,62.1,-0.022866344605475042,0.018469656992084433
4048500,61.480000000000004,-0.013662979830839297,-0.04569055036344756
4049500,61.72,-0.011665586519766688,-0.04911180773249739
4050500,61.58,-0.004871711594673595,-0.05361790733992712
4051500,63.62,-0.01603269412134549,-0.026937877954920284
4052500,64.5,-0.028217054263565893,-0.029859154929577466
4053500,64.62,-0.027545651501083256,0.008479366873940079
4054500,65.96,-0.04730139478471801,0.041128084606345476
4055500,66.60000000000001,-0.04864864864864865,0.0562874251497006
4056500,66.53999999999999,-0.041178238653441536,0.05080693365212194
4057500,67.96,-0.03531489111241907,0.0599250936329588
4058500,67.2,-0.04404761904761905,0.07560975609756097
4059500,66.16,-0.02176541717049577,0.05555555555555555
4060500,65.92,-0.006067961165048544,0.01643192488262911
4061500,64.78,0.0033961099104661933,0.02555366269165247
4062500,64.1,0.0034321372854914196,0.021727019498607242
4063500,64.60000000000001,0.018575851393188854,-0.0192090395480226
4064500,65.22,0.02667893284268629,-0.08568142610695802
4065500,64.5,0.020775193798449613,-0.0523943661971831
4066500,65.28,0.0392156862745098,-0.08986175115207373
4067500,65.22,0.022999080036798528,-0.07418056354226567
4068500,65.12,0.028255528255528257,-0.06651376146788991
4069500,64.42,0.01272896615957777,0.01854974704890388
4070500,64.86,0.0027752081406105457,0.0028457598178713715
4071500,64.60000000000001,-0.030340557275541795,0.03728813559322034
4072500,65.68,-0.031668696711327646,0.027972027972027972
4073500,65.68,-0.05115712545676005,0.0011655011655011655
4074500,66.02,-0.0463495910330203,-0.0394349617422013
4075500,65.86,-0.03795930762222897,-0.05565319273579379
4076500,66.5,-0.02736842105263158,-0.08059701492537313
4077500,65.92,-0.017597087378640776,-0.09741784037558686
4078500,66.08000000000001,-0.016343825665859565,-0.0660377358490566
4079500,66.7,-0.010494752623688156,-0.06610576923076923
4080500,67.36,0.0035629453681710215,-0.06928264868179031
4081500,67.25999999999999,0.007433838834374071,-0.05623471882640587
4082500,66.72,0.008992805755395683,-0.01503307276007216
4083500,66.78,0.013477088948787063,-0.016867469879518072
4084500,67.80000000000001,0.03480825958702065,-0.009937888198757764
4085500,68.08,0.0005875440658049354,0.07210031347962383
4086500,69.22,-0.02455937590291823,0.12093628088426528
4087500,70.28,-0.03414911781445646,0.13400673400673402
4088500,71.06,-0.0481283422459893,0.1507607192254495
4089500,69.42,-0.09248055315471046,0.19109947643979058
4090500,68.76,-0.07795229784758581,0.1446862996158771
4091500,67.42,-0.0703055473153367,0.11847759361571517
4092500,67.54,-0.061297009179745336,0.10659272951324707
4093500,67.08,-0.06082289803220036,0.10206561360874848
4094500,66.42,-0.06473953628425173,0.1292435973793925
4095500,66.2,-0.06283987915407856,0.1668639053254438
4096500,66.02,-0.03968494395637685,0.13596233078281342
4097500,65.03999999999999,-0.033825338253382534,0.11441647597254005
4098500,64.72,-0.02533992583436341,0.08956916099773243
4099500,65.0,-0.016615384615384615,0.04228571428571429
4100500,65.42,-0.021705900336288598,0.004048582995951417
4101500,65.44,-0.03300733496332518,-0.004629629629629629
4102500,65.60000000000001,-0.03475609756097561,0.0069767441860465115
4103500,65.62,-0.03687900030478513,0.04246655031995346
4104500,66.72,-0.042565947242206234,0.054086538461538464
4105500,66.9,-0.04095665171898356,0.04773413897280967
4106500,66.10000000000001,-0.037821482602118005,0.05368731563421829
4107500,65.86,-0.035529911934406314,0.046280023432923256
4108500,66.18,-0.03535811423390753,0.02424600827912478
4109500,64.9,-0.017565485362095533,0.014245014245014245
4110500,64.14,-0.01153726223885251,0.013943112102621304
4111500,64.38000000000001,-0.02267785026405716,0.018528916339135316
4112500,64.34,-0.016474976686353747,0.026360067302299495
4113500,63.82,-0.005954246317768724,0.04809286898839138
4114500,64.44,-0.027312228429546864,0.043869516310461196
4115500,65.25999999999999,-0.035856573705179286,0.03626943005181347
4116500,65.86,-0.0258123291831157,0.042765084944346804
4117500,65.64,-0.031078610603290677,0.02211874272409779
4118500,65.86,-0.04464014576374127,0.031048623315758642
4119500,64.94,-0.044656606097936556,0.04962920707358814
4120500,64.82,-0.055846960814563404,0.041500852757248435
4121500,64.84,-0.048118445404071564,-0.006825938566552901
4122500,65.38000000000001,-0.05475680636280208,0.005199306759098787
4123500,65.28,-0.04595588235294118,-0.029953917050691243
4124500,66.12,-0.024803387779794312,-0.0590318772136954
4125500,66.78,-0.006289308176100629,-0.0716435881998796
4126500,66.82000000000001,-0.031427716252618976,0.004219409282700422
4127500,66.47999999999999,-0.013237063778580024,-0.008353221957040573
4128500,67.14,-0.032469466785820675,-0.0018259281801582471
4129500,66.25999999999999,-0.040144883791125865,-0.006520450503852994
4130500,64.64,-0.04393564356435643,0.033936651583710405
4131500,63.78,-0.04045155221072436,0.012700165654334622
4132500,64.2,-0.04548286604361371,0.026815642458100558
4133500,64.46,-0.03443996276760782,0.038829487900956666
4134500,65.34,-0.04315886134067952,0.04789382573571841
4135500,66.18,-0.052886068298579635,0.056179775280898875
4136500,67.64,-0.050266114725014785,0.06674907292954264
4137500,67.80000000000001,-0.06253687315634218,0.07329192546583851
4138500,67.25999999999999,-0.05857865001486768,0.055589492974954184
4139500,67.34,-0.029403029403029402,0.0679730557256583
4140500,67.4,-0.007121661721068249,0.024539877300613498
4141500,67.52,-0.0071090047393364926,0.04556650246305419
4142500,67.32000000000001,-0.007724301841948901,0.01591187270501836
4143500,67.0,0.001791044776119403,0.009696969696969697
4144500,66.7,-0.022488755622188907,0.007807807807807808
4145500,66.74,-0.01947857356907402,0.04028863499699339
4146500,66.24,-0.013285024154589372,0.014218009478672985
4147500,67.2,-0.017857142857142856,0.04390243902439024
4148500,67.9,-0.006774668630338734,0.041744548286604365
4149500,68.28,0.007615700058582308,0.0416141235813367
4150500,68.22,-0.010260920551158018,0.032095657646318436
4151500,67.74,-0.02037201062887511,0.02417854928704278
4152500,66.5,-0.013533834586466165,-0.011343283582089553
4153500,65.03999999999999,-0.02214022140221402,-0.008009153318077803
4154500,64.1,-0.034009360374414974,-0.0038997214484679664
4155500,64.66,-0.026909990720692854,-0.01867572156196944
4156500,65.22,-0.022385771235817233,-0.0040253018976423235
4157500,64.9,-0.01078582434514638,0.013105413105413105
4158500,65.42,0.001528584530724549,0.004048582995951417
4159500,66.08000000000001,0.018159806295399514,-0.003537735849056604
4160500,65.03999999999999,0.020910209102091022,0.005720823798627002
4161500,64.52,0.03595784252944823,-0.015783540022547914
4162500,64.92,0.036352433764633395,-0.01596351197263398
4163500,64.22,0.012768607910308314,-0.009502515371716043
4164500,63.06,-0.0034887408816999684,-0.03410936654033568
4165500,63.88,-0.007514088916718848,-0.06976744186046512
4166500,64.86,-0.00585877274128893,-0.09732498577120091
4167500,65.56,0.004881025015253203,-0.1173054587688734
4168500,66.22,0.005134400483237693,-0.0905861456483126
4169500,67.17999999999999,-0.013992259601071748,-0.05423522242535039
4170500,66.9,-0.027204783258594916,0.004229607250755287
4171500,66.2,-0.04229607250755287,0.03076923076923077
4172500,65.24,-0.06928264868179031,0.05753739930955121
4173500,65.46,-0.06874427131072411,0.028372900984365953
4174500,65.36,-0.05324357405140759,0.006928406466512702
4175500,65.0,-0.04,0.0
4176500,64.03999999999999,-0.023735165521549032,0.0011123470522803114
4177500,63.980000000000004,-0.01469209127852454,-0.0138811771238201
4178500,64.4,-0.013043478260869565,-0.028089887640449437
4179500,65.68,-0.021315468940316686,-0.017482517482517484
4180500,65.2,-0.026993865030674847,0.006896551724137931
4181500,65.58,-0.03995120463555962,0.02266124346310285
4182500,65.86,-0.026419678105071363,0.02401874633860574
4183500,65.14,-0.00460546515198035,0.030407343660355707
4184500,64.14,0.025257249766136577,0.02063580591187953
4185500,64.94,0.020634431783184477,-0.002852253280091272
4186500,64.84,0.014805675508945095,-0.0011376564277588168
4187500,64.66,0.02196102690999072,-0.013016411997736276
4188500,63.78,0.017873941674506115,-0.012700165654334622
4189500,64.2,-0.009345794392523364,0.013407821229050279
4190500,64.22,-0.005917159763313609,-0.003912800447177194
4191500,64.7,-0.0021638330757341576,-0.02209631728045326
4192500,65.14,-0.03592262818544673,0.0189328743545611
4193500,66.64,-0.06422569027611044,0.06954436450839328
4194500,65.56,-0.053691275167785234,0.036004645760743324
4195500,64.7,-0.04976816074188563,0.040226628895184136
4196500,64.74,-0.044794562866852024,0.04821327283040272
4197500,64.66,-0.036189297865759355,0.04357668364459536
4198500,64.38000000000001,-0.017086051568810188,0.016282987085906794
4199500,64.32,-0.009950248756218905,0.0515695067264574
4200500,65.42,-0.011311525527361662,0.05841526894158473
4201500,65.14,-0.024255449800429842,0.06483075157773953
4202500,64.2,-0.02118380062305296,0.04581005586592179
4203500,63.88,-0.03256105197244834,0.0664451827242525
4204500,64.03999999999999,-0.04184884447220487,0.0389321468298109
4205500,63.85999999999999,-0.03538991544002505,0.06696181516325402
4206500,64.38000000000001,-0.04442373407890649,0.08253790005614824
4207500,65.14,-0.05987104697574455,0.07401032702237521
4208500,65.36,-0.05813953488372093,0.049653579676674366
4209500,66.0,-0.06,0.058823529411764705
4210500,66.10000000000001,-0.07594553706505296,0.03716814159292035
4211500,66.14,-0.058361052313274875,0.008860011813349085
4212500,66.75999999999999,-0.07549430796884361,0.04091456077015644
4213500,67.10000000000001,-0.06229508196721312,0.04680851063829787
4214500,66.97999999999999,-0.07315616601970737,0.05511811023622047
4215500,67.14,-0.06702412868632708,0.01399878271454656
4216500,66.34,-0.05939101597829364,-0.012477718360071301
4217500,65.46,-0.023525817293003362,-0.010428736964078795
4218500,64.82,-0.016970070965751313,-0.007963594994311717
4219500,64.25999999999999,0.0028011204481792717,-0.04479283314669653
4220500,63.04,0.01967005076142132,-0.042772062804547914
4221500,63.019999999999996,0.023801967629324024,-0.011904761904761904
4222500,63.4,0.019558359621451103,-0.0273224043715847
4223500,63.800000000000004,-0.0018808777429467085,-0.023204419889502764
4224500,64.72,-0.00865265760197775,0.007936507936507936
4225500,65.44,-0.02750611246943765,0.05324074074074074
4226500,65.88000000000001,-0.04068002428658166,0.06447831184056271
4227500,65.44,-0.03484107579462103,0.04513888888888889
4228500,65.64,-0.018281535648994516,-0.0011641443538998836
4229500,66.02,-0.0251438957891548,-0.0394349617422013
4230500,66.64,-0.03181272509003601,-0.05818836232753449
4231500,66.96,-0.025686977299880526,-0.1096305269533616
4232500,67.9,-0.023269513991163476,-0.11596009975062344
4233500,68.30000000000001,-0.04011713030746706,-0.08585858585858586
4234500,68.42,-0.019584916691026015,-0.09505703422053231
4235500,68.04,-0.005878894767783657,-0.11389236545682102
4236500,68.12,-0.005284791544333529,-0.08782936010037641
4237500,68.24,-0.016412661195779603,-0.10075566750629723
4238500,67.82000000000001,-0.005013270421704512,-0.14605344934742076
4239500,67.12,-0.014302741358760428,-0.09732360097323602
4240500,66.4,-0.031927710843373494,-0.0761904761904762
4241500,65.38000000000001,-0.04435607219333129,-0.042172154823801274
4242500,65.02,-0.024915410642879113,-0.024585477415666093
4243500,64.84,-0.006785934608266502,0.006825938566552901
4244500,64.75999999999999,-0.02470660901791229,0.012485811577752554
4245500,65.22,-0.01441275682306041,0.01437607820586544
4246500,66.14,-0.014212276988206833,-0.028942705256940343
4247500,66.38,-0.031033443808376016,-0.039285714285714285
4248500,66.9,-0.04155455904334828,-0.037484885126964934
4249500,67.5,-0.02874074074074074,-0.06773399014778325
4250500,68.46,-0.019573473561203623,-0.0901015228426396
4251500,68.72,-0.005820721769499418,-0.08253358925143954
4252500,68.2,0.0064516129032258064,-0.08427672955974842
4253500,67.17999999999999,-0.0014885382554331646,-0.07073170731707316
4254500,66.52,0.0,-0.06993424985056784
4255500,65.98,-0.007578053955744165,-0.05058823529411765
4256500,65.60000000000001,-0.01951219512195122,-0.029668411867364748
4257500,65.22,-0.02177246243483594,-0.019562715765247412
4258500,66.06,-0.048138056312443236,0.046552740129640544
4259500,65.88000000000001,-0.061930783242258654,0.10316529894490035
4260500,66.24,-0.06582125603864734,0.11374407582938388
4261500,65.58,-0.050930161634644706,0.09238814642649622
4262500,65.68,-0.04506699147381242,0.08974358974358974
4263500,64.66,-0.006495515001546551,0.013016411997736276
4264500,65.24,-0.00674432863274065,-0.010356731875719217
4265500,64.44,-0.009931719428926133,0.008998875140607425
4266500,65.02,-0.013226699477083975,0.032590051457975985
4267500,64.75999999999999,-0.042001235330450894,0.049943246311010214
4268500,65.48,-0.07635919364691508,0.05330243337195829
4269500,65.18,-0.05799324946302547,0.010913268236645606
4270500,65.34,-0.06580961126415671,-0.029428736295441432
4271500,65.28,-0.07536764705882353,-0.03917050691244239
4272500,66.06,-0.04874356645473812,-0.07483794932233354
4273500,65.58,-0.031412015858493444,-0.054038349796629866
4274500,63.959999999999994,-0.04065040650406504,-0.03218645948945616
4275500,62.88,-0.008905852417302799,-0.008620689655172414
4276500,62.36000000000001,0.003207184092366902,-0.03825717321997875
4277500,61.12,-0.01832460732984293,-0.013374485596707819
4278500,61.160000000000004,-0.027468933943754086,0.0020597322348094747
4279500,61.12,-0.030104712041884817,0.01748971193415638
4280500,61.4,-0.04755700325732899,0.010362694300518135
4281500,61.1,-0.05859247135842881,0.04987146529562982
4282500,60.46,-0.049288785974197814,0.06120384420839656
4283500,59.9,-0.02904841402337229,0.04339152119700748
4284500,61.36000000000001,-0.017601043024771838,0.033126293995859216
4285500,62.160000000000004,-0.014800514800514801,0.03171247357293869
4286500,62.86000000000001,-0.021317212853961185,0.03500269251480883
4287500,64.66,-0.02567274976801732,0.054895302773061684
4288500,65.78,-0.03374885983581636,0.05786090005844535
4289500,65.34,-0.05723905723905724,0.07443739180611655
4290500,63.68000000000001,-0.052135678391959796,0.042951541850220265
4291500,62.760000000000005,-0.04652644996813257,0.034371643394199784
4292500,62.6,-0.04281150159744409,-0.0053475935828877
4293500,62.08,-0.07474226804123711,0.02531645569620253
4294500,62.32,-0.05840821566110398,0.006369426751592357
4295500,63.72,-0.06528562460765851,0.04520396912899669
4296500,64.25999999999999,-0.05571117335823218,0.02127659574468085
4297500,63.980000000000004,-0.07221006564551423,0.04777777777777778
4298500,64.72,-0.04882571075401731,0.01191151446398185
4299500,65.60000000000001,-0.04573170731707317,0.014543339150668994
4300500,66.4,-0.06265060240963856,0.033948779035139966
4301500,67.10000000000001,-0.07779433681073025,0.057750759878419454
4302500,68.0,-0.06235294117647059,0.065
4303500,67.54,-0.060112525910571514,0.05237215033887862
4304500,65.44,-0.053178484107579464,0.06365740740740741
4305500,65.2,-0.03987730061349693,0.041379310344827586
4306500,65.36,-0.04589963280293757,0.07621247113163972
4307500,63.32,-0.05432722678458623,0.04143947655398037
4308500,62.86000000000001,-0.038498250079541836,0.04577275175013463
4309500,64.25999999999999,-0.05322128851540616,0.05987688864017907
4310500,63.18,-0.06046217157328269,0.06137968495382944
4311500,61.6,-0.04090909090909091,0.029166666666666667
4312500,62.38,-0.02148124398845784,0.029239766081871343
4313500,62.580000000000005,-0.028443592201981463,0.019251336898395723
4314500,63.1,-0.004754358161648178,0.015184381778741865
4315500,63.959999999999994,0.0031269543464665416,0.029428095502498614
4316500,64.5,0.0021705426356589145,0.02480270574971815
4317500,64.74,0.0027803521779425394,0.024971623155505107
4318500,65.14,0.013202333435677003,0.04188181296615032
4319500,64.5,-0.004651162790697674,0.007323943661971831
4320500,63.75999999999999,-0.005018820577164366,-0.00772626931567329
4321500,64.12,-0.015595757953836557,-0.014492753623188406
4322500,63.82,-0.03917267314321529,-0.004975124378109453
4323500,63.22,-0.0585257829800696,-0.021207177814029365
4324500,63.22,-0.04713698196773173,-0.012506797172376292
4325500,63.9,-0.042879499217527386,-0.019390581717451522
4326500,63.54,-0.034309096632042804,-0.007131102578167855
4327500,64.62,-0.025069637883008356,-0.011871113623516111
4328500,65.10000000000001,-0.027342549923195084,0.0040114613180515755
4329500,64.98,-0.02554632194521391,0.024557395773843516
4330500,63.480000000000004,-0.022684310018903593,0.05366922234392114
4331500,63.92,-0.02753441802252816,0.045454545454545456
4332500,63.4,-0.010094637223974764,0.05027322404371585
4333500,62.9,-0.0034976152623211448,0.06846361185983828
4334500,63.260000000000005,0.0009484666455896301,0.07566684812193794
4335500,64.36,-0.009944064636420136,0.04264870931537598
4336500,64.46,-0.019547005895128762,0.06021384355655599
4337500,64.32,-0.03109452736318408,0.05829596412556054
4338500,64.05999999999999,-0.029035279425538556,0.06176961602671119
4339500,63.46000000000001,-0.03246139300346675,0.054187192118226604
4340500,63.519999999999996,-0.022670025188916875,0.06359649122807018
4341500,63.18,-0.007913896802785692,0.07441607821835959
4342500,63.46000000000001,0.014182161991805862,0.1171960569550931
4343500,64.62,-0.034354688950789226,0.13800904977375567
4344500,65.22,-0.048144740877031585,0.14844649021864212
4345500,64.96,-0.03140394088669951,0.11707595659623073
4346500,65.03999999999999,-0.020910209102091022,0.06010303377218088
4347500,65.32,-0.0453153704837722,0.0467397576457011
4348500,65.74,-0.0027380590203833284,0.002336448598130841
4349500,65.8,0.026139817629179333,-0.05792861322410767
4350500,65.9,-0.009408194233687404,-0.06103286384976526
4351500,66.38,-0.03525158180174751,-0.05357142857142857
4352500,65.72,-0.03530127814972611,-0.10151691948658109
4353500,65.48,-0.03420891875381796,-0.08342989571263036
4354500,65.86,-0.04767689037351959,-0.04979496192149971
4355500,65.02,-0.024300215318363582,-0.04288164665523156
4356500,65.08,-0.022126613398893668,-0.032073310423825885
4357500,65.08,-0.03011677934849416,-0.024054982817869417
4358500,64.88000000000001,-0.04254007398273736,-0.018223234624145785
4359500,65.02,-0.046447247000922794,-0.02631578947368421
4360500,66.4,-0.05060240963855422,0.012507444907683145
4361500,66.03999999999999,-0.06602059357964869,0.06423099587507367
4362500,65.25999999999999,-0.05117989580140975,0.06682027649769585
4363500,64.8,-0.043209876543209874,0.04832291074474133
4364500,63.63999999999999,-0.05531112507856694,0.025302530253025302
4365500,64.48,-0.06265508684863523,-0.0033783783783783786
4366500,64.44,-0.04283054003724395,-0.04611923509561305
4367500,65.44,-0.06356968215158924,-0.046296296296296294
4368500,64.75999999999999,-0.06114885731933292,-0.06469920544835414
4369500,65.56,-0.06894447834045149,-0.03716608594657375
4370500,64.48,-0.07754342431761786,-0.006756756756756757
4371500,65.88000000000001,-0.07285974499089254,0.0011723329425556857
4372500,66.28,-0.04828002414001207,-0.011862396204033215
4373500,67.9,-0.06215022091310751,-0.01806853582554517
4374500,67.62,-0.047619047619047616,-0.030265596046942556
4375500,69.1,-0.029811866859623733,-0.039482200647249194
4376500,67.2,-0.027976190476190477,-0.08048780487804878
4377500,65.52,-0.05128205128205128,-0.04060324825986079
4378500,63.18,-0.03767014878125989,-0.04073872895165671
4379500,63.63999999999999,-0.03331238214959145,-0.061606160616061605
4380500,63.260000000000005,-0.071767309516282,-0.04735982580293958
4381500,64.44,-0.09931719428926133,0.0022497187851518562
4382500,66.24,-0.09541062801932366,-0.014218009478672985
4383500,67.82000000000001,-0.09348274845178413,0.028606965174129355
4384500,68.0,-0.10705882352941176,0.07191994996873045
4385500,67.78,-0.08999704927707289,0.03229813664596273
4386500,67.96,-0.06650971159505592,0.02061211742660837
4387500,67.78,-0.055178518737090586,-0.013664596273291925
4388500,68.26,-0.04775857017286844,-0.04977945809703844
4389500,68.4,-0.048538011695906436,-0.06329113924050633
4390500,68.16,-0.03873239436619718,-0.05025125628140704
4391500,68.42,-0.0464776381175095,-0.06016466117796074
4392500,68.4,-0.0456140350877193,-0.020253164556962026
4393500,67.04,-0.0513126491646778,-0.0024271844660194173
4394500,65.56,-0.04392922513727883,0.0
4395500,64.44,-0.04531346989447548,-0.008998875140607425
4396500,63.42,-0.030589719331441185,-0.018042646254784037
4397500,62.82,-0.025151225724291626,-0.037116729424421735
4398500,63.800000000000004,-0.05517241379310345,-0.04751381215469613
4399500,63.959999999999994,-0.060662914321450906,-0.07436182019977802
4400500,63.44,-0.06872635561160151,-0.04048140043763676
