position,gc_content,gc_skew,at_skew
2500,60.099999999999994,0.032279534109816974,-0.036591478696741855
3500,60.74,0.07276918011195259,-0.028018339276617423
4500,61.06,0.10645266950540452,-0.012840267077555213
5500,61.760000000000005,0.09067357512953368,0.032426778242677826
6500,62.339999999999996,0.05357715752325955,0.10037174721189591
7500,62.480000000000004,0.04225352112676056,0.12473347547974413
8500,63.38,0.03502682234143263,0.08028399781540142
9500,64.2,0.03115264797507788,0.05139664804469274
10500,64.5,0.018294573643410854,0.023098591549295774
11500,64.0,0.00625,0.017777777777777778
12500,63.7,-0.011616954474097331,0.0027548209366391185
13500,63.28,-0.014538558786346398,0.002178649237472767
14500,63.42,0.007883948281299276,-0.021323127392017496
15500,63.6,0.029559748427672956,-0.02967032967032967
16500,64.96,0.04187192118226601,-0.07534246575342465
17500,65.03999999999999,0.05842558425584256,-0.09382151029748284
18500,64.56,0.07187112763320942,-0.04288939051918736
19500,65.12,0.08046683046683047,-0.008027522935779817
20500,64.78,0.06884841000308738,-0.0005678591709256105
21500,64.64,0.0525990099009901,0.01809954751131222
22500,65.82000000000001,0.04223640230932847,0.0076067875950848445
23500,66.14,0.03296038705775627,-0.04311872415829888
24500,65.84,-0.003037667071688943,-0.0468384074941452
25500,66.02,-0.003938200545289306,-0.0429664508534432
26500,66.88,0.023923444976076555,-0.05555555555555555
27500,65.78,0.019762845849802372,0.004091174751607247
28500,66.34,0.019596020500452217,0.0338680926916221
29500,65.96,0.013341419041843541,0.057579318448883664
30500,66.14,0.013002721499848805,0.060838747784997045
31500,64.78,0.008953380673047236,0.06757524134014764
32500,63.980000000000004,0.019693654266958426,0.017212659633536923
33500,62.44,0.021780909673286355,0.010649627263045794
34500,62.88,0.02480916030534351,-0.021551724137931036
35500,62.480000000000004,0.0,-0.014925373134328358
36500,62.7,-0.020095693779904306,0.0037533512064343165
37500,64.16,-0.034912718204488775,0.03236607142857143
38500,65.98,-0.04880266747499242,0.08289241622574955
39500,66.12,-0.04053236539624924,0.09445100354191263
40500,66.66,-0.0153015301530153,0.09178164367126575
41500,67.5,-0.0008888888888888889,0.072
42500,66.64,0.015606242496998799,0.06594724220623502
43500,65.25999999999999,0.0364695065890285,0.0017271157167530224
44500,64.92,0.04559457794208256,-0.012542759407069556
45500,63.75999999999999,0.04830614805520703,-0.025386313465783666
46500,63.160000000000004,0.051931602279924,-0.03474484256243214
47500,63.75999999999999,0.033877038895859475,-0.02869757174392936
48500,64.3,0.029548989113530325,-0.04089635854341737
49500,63.85999999999999,0.020357031005324145,-0.055893746541228556
50500,64.9,0.017565485362095533,-0.05299145299145299
51500,65.46,0.005194011610143599,-0.03647944412275622
52500,64.75999999999999,0.01852995676343422,-0.028376844494892167
53500,65.18,0.006443694384780607,-0.006318207926479035
54500,65.18,0.013194231359312672,-0.03963239517518667
55500,65.25999999999999,0.018694452957401166,-0.055843408175014396
56500,64.52,0.029758214507129573,-0.033821871476888386
57500,64.58,0.025085165685970887,-0.0220214568040655
58500,64.03999999999999,0.047470331043098064,-0.03337041156840934
59500,64.05999999999999,0.050889790821105216,0.02615470228158041
60500,62.82,0.04743712193568927,0.0586336740182894
61500,62.38,0.04328310355883296,0.0430622009569378
62500,61.739999999999995,0.03466148364107548,0.038159958180867745
63500,62.0,0.014838709677419355,0.04631578947368421
64500,63.28,0.006321112515802781,0.03376906318082789
65500,64.66,-0.008351376430559852,0.019807583474816072
66500,65.34,-0.0027548209366391185,-0.022504327755337564
67500,65.38000000000001,0.0009177118384827164,-0.07221259387637204
68500,65.10000000000001,-0.0064516129032258064,-0.0659025787965616
69500,64.7,-0.014528593508500772,-0.039093484419263455
70500,63.519999999999996,-0.015743073047858942,-0.06469298245614036
71500,62.760000000000005,-0.021669853409815167,-0.06015037593984962
72500,63.36000000000001,-0.019570707070707072,-0.06986899563318777
73500,63.78,-0.021636876763875823,-0.06018774157923799
74500,63.78,-0.010348071495766699,-0.09110988404196577
75500,64.52,0.019218846869187848,-0.07666290868094701
76500,65.24,0.03923973022685469,-0.06444188722669736
77500,65.22,0.04875804967801288,-0.04082806210465785
78500,64.98,0.04524469067405355,-0.03141062250142775
79500,63.78,0.05675760426465977,-0.05024848150193263
80500,63.38,0.06532029031240139,-0.056253413435281265
81500,63.78,0.059266227657572904,-0.04362230811706239
82500,63.88,0.056355666875391355,-0.05094130675526024
83500,64.02,0.08653545766947829,-0.07726514730405781
84500,64.94,0.08469356328919002,-0.03365658870507701
85500,64.8,0.04814814814814815,-0.011363636363636364
86500,64.75999999999999,0.030883261272390366,-0.009080590238365494
87500,65.34,0.035200489745944294,-0.0051933064050779
88500,66.42,0.050286058416139714,-0.06253722453841572
89500,67.82000000000001,0.04393984075493955,-0.12243629583592293
90500,69.02000000000001,0.05128948130976529,-0.14525500322788895
91500,69.46,0.06133026202130723,-0.2036673215455141
92500,69.78,0.05588993981083405,-0.23097286565188616
93500,69.36,0.0265282583621684,-0.20365535248041775
94500,68.24,-0.005275498241500586,-0.14231738035264482
95500,67.06,0.00864897107068297,-0.11475409836065574
96500,66.52,0.014431749849669273,-0.07287933094384708
97500,65.92,0.00849514563106796,-0.046948356807511735
98500,65.5,0.016793893129770993,-0.028405797101449276
99500,65.62,0.05028954587016154,-0.04712041884816754
100500,66.46,0.03219981944026482,-0.05307096004770424
101500,66.75999999999999,0.03834631515877771,-0.06377858002406739
102500,67.4,0.0712166172106825,-0.09325153374233129
103500,66.52,0.05472038484666266,-0.06810035842293907
104500,65.56,0.023184868822452714,-0.03832752613240418
105500,64.22,0.008408595453129867,-0.01509223029625489
106500,62.86000000000001,-0.011772192173083042,0.0005385029617662897
107500,61.88,-0.03878474466709761,0.024134312696747113
108500,62.28,-0.017341040462427744,0.016967126193001062
109500,62.419999999999995,0.009291893623838513,-0.0026609898882384245
110500,63.239999999999995,0.031625553447185324,-0.03264417845484222
111500,64.28,0.04044803982576229,-0.051511758118701005
112500,64.72,0.03893695920889988,-0.049886621315192746
113500,65.3,0.06830015313935682,-0.09164265129682997
114500,65.86,0.06893410264196781,-0.09666080843585237
115500,66.03999999999999,0.07874015748031496,-0.10482921083627797
116500,65.94,0.08037609948437974,-0.13916617733411626
117500,65.06,0.06978173993237012,-0.14253005151688608
118500,65.0,0.020923076923076923,-0.088
119500,65.28,0.006127450980392157,-0.07258064516129033
120500,64.82,-0.017587164455414996,-0.06992609437180217
121500,64.2,-0.026168224299065422,-0.053631284916201116
122500,65.03999999999999,-0.012300123001230012,-0.043478260869565216
123500,64.8,0.0012345679012345679,-0.06477272727272727
124500,64.96,0.004310344827586207,-0.06963470319634703
125500,66.53999999999999,0.0123234144875263,-0.06037059175134489
126500,67.64,0.008870490833826138,-0.012360939431396786
127500,68.42,-0.010230926629640456,-0.010766307789740342
128500,68.46,-0.020157756354075372,0.013316423589093214
129500,68.02,0.00029403116730373417,0.016885553470919325
130500,68.60000000000001,0.04839650145772595,0.005095541401273885
131500,67.92,0.06831566548881036,-0.043640897755610975
132500,67.36,0.08966745843230403,-0.08946078431372549
133500,67.2,0.10416666666666667,-0.10853658536585366
134500,65.36,0.09975520195838433,-0.12124711316397228
135500,61.739999999999995,0.057337220602526724,-0.09357030841610037
136500,61.46,0.05759843800846079,-0.0742086144265698
137500,60.260000000000005,0.04878858280783273,-0.042778057372924005
138500,60.56,0.052840158520475564,-0.03955375253549696
139500,61.919999999999995,0.05232558139534884,-0.0430672268907563
140500,63.72,0.04959196484620213,-0.06945975744211687
141500,64.58,0.03933106224837411,-0.04799548277809147
142500,66.28,0.019915509957754977,-0.03202846975088968
143500,66.5,0.012932330827067668,-0.02447761194029851
144500,66.67999999999999,-0.00599880023995201,-0.015606242496998799
145500,66.8,-0.009580838323353293,-0.016867469879518072
146500,66.22,-0.009362730292962852,-0.012433392539964476
147500,66.08000000000001,0.025423728813559324,-0.025943396226415096
148500,68.7,0.0678311499272198,-0.03258785942492013
149500,69.1,0.08712011577424023,-0.03559870550161812
150500,68.84,0.07728065078442765,-0.014120667522464698
151500,68.54,0.06040268456375839,-0.024793388429752067
152500,67.72,0.04134672179562906,-0.0024783147459727386
153500,64.86,0.010175763182238668,-0.03357996585088219
154500,64.25999999999999,0.014005602240896359,-0.04868494683827644
155500,64.25999999999999,0.02583255524431995,-0.02630106323447118
156500,64.78,0.03488731089842544,-0.039182282793867124
157500,64.9,0.04098613251155624,-0.05527065527065527
158500,65.32,0.026331904470300063,-0.02883506343713956
159500,66.18,0.028105167724388033,-0.02424600827912478
160500,66.4,0.04939759036144578,-0.06428571428571428
161500,66.34,0.0413023816701839,-0.0421865715983363
162500,66.44,0.03672486453943408,-0.04052443384982122
163500,65.53999999999999,0.0411962160512664,-0.038885664538595474
164500,65.3,0.03828483920367534,-0.025936599423631124
165500,64.92,0.022181146025878003,-0.02280501710376283
166500,66.02,0.03483792790063617,-0.04414361389052384
167500,66.47999999999999,0.02707581227436823,-0.00477326968973747
168500,66.74,0.012286484866646689,0.010222489476849068
169500,66.28,0.004828002414001207,0.0011862396204033216
170500,66.94,0.0014938751120406335,0.038112522686025406
171500,65.5,0.002748091603053435,0.058550724637681156
172500,64.94,0.011395133969818293,0.019965772960638905
173500,64.4,0.03540372670807453,0.012359550561797753
174500,64.58,0.047383090740167236,0.012987012987012988
175500,63.980000000000004,0.06908408877774304,0.009439200444197668
176500,63.260000000000005,0.0869427758457161,-0.013609145345672292
177500,63.480000000000004,0.0976685570258349,-0.012048192771084338
178500,63.75999999999999,0.09535759096612297,-0.019867549668874173
179500,64.05999999999999,0.08148610677489854,-0.01725097384529772
180500,64.82,0.06757173711817341,-0.06651506537805571
181500,65.75999999999999,0.05170316301703163,-0.06191588785046729
182500,65.38000000000001,0.04557968797797492,-0.0560369728480647
183500,65.94,0.038519866545344256,-0.07809747504403992
184500,65.0,0.03446153846153846,-0.05028571428571429
185500,64.25999999999999,0.046996576408341116,-0.0005595970900951316
186500,63.94,0.04535502033156084,0.003882418191902385
187500,63.36000000000001,0.06502525252525253,0.006550218340611353
188500,63.72,0.05649717514124294,0.017640573318632856
189500,64.66,0.068976183111661,-0.015280135823429542
190500,65.53999999999999,0.03936527311565456,-0.00522344747533372
191500,65.34,0.03642485460667279,-0.004039238315060588
192500,65.94,0.01789505611161662,-0.004110393423370522
193500,65.28,0.018995098039215685,0.009216589861751152
194500,64.03999999999999,0.023735165521549032,0.03114571746384872
195500,63.480000000000004,0.03528670447385003,-0.0416210295728368
196500,63.13999999999999,0.03959455178967374,-0.05914270211611503
197500,62.9,0.026391096979332274,-0.0673854447439353
198500,62.13999999999999,0.02993241068554876,-0.050184891706286316
199500,62.5,0.00416,-0.04533333333333334
200500,62.94,-0.00667302192564347,0.0005396654074473826
201500,63.36000000000001,-0.03156565656565657,0.025109170305676855
202500,63.56,-0.027690371302706105,0.031833150384193196
203500,63.580000000000005,-0.03302925448254168,0.022515101592531575
204500,64.08,-0.019350811485642945,0.015590200445434299
205500,63.63999999999999,0.01005656819610308,-0.0165016501650165
206500,63.2,0.028481012658227847,0.002173913043478261
207500,63.46000000000001,0.02804916482823826,0.019157088122605363
208500,63.75999999999999,0.035759096612296114,-0.009933774834437087
209500,63.660000000000004,0.026704366949418787,0.010456796917996699
210500,63.260000000000005,0.013594688586784698,0.027762656505171474
211500,64.52,0.017978921264724116,0.018038331454340473
212500,64.56,0.019206939281288724,-0.004514672686230248
213500,66.06,0.011201937632455344,0.028874484384207425
214500,66.2,0.027190332326283987,0.002366863905325444
215500,66.58,0.02613397416641634,0.007779772591262717
216500,66.53999999999999,0.027351968740607153,-0.0017931858936043037
217500,66.08000000000001,0.04721549636803874,-0.02240566037735849
218500,65.3,0.05114854517611026,-0.03054755043227666
219500,64.94,0.03664921465968586,-0.018824871648602397
220500,65.62,0.028345016763181956,-0.04013961605584642
221500,66.02,0.029990911844895485,-0.07474985285462037
222500,66.06,0.0009082652134423251,-0.03241013553329405
223500,65.22,0.010119595216191352,-0.04772857964347326
224500,64.48,0.024193548387096774,-0.0777027027027027
225500,64.16,0.034912718204488775,-0.0703125
226500,64.16,0.022443890274314215,-0.06808035714285714
227500,64.53999999999999,0.04307406259683917,-0.10772701635645798
228500,64.9,0.03605546995377504,-0.0962962962962963
229500,65.78,0.025235633931286104,-0.07305669199298656
230500,65.5,0.02351145038167939,-0.04927536231884058
231500,65.03999999999999,0.02214022140221402,-0.02631578947368421
232500,65.2,0.0098159509202454,0.0011494252873563218
233500,65.22,0.006439742410303588,-0.010925819436457734
234500,65.28,0.010416666666666666,-0.016129032258064516
235500,65.36,0.01591187270501836,-0.03695150115473441
236500,65.62,0.017372752209692168,-0.04595695171611402
237500,65.48,0.010995723885155772,-0.012746234067207415
238500,65.94,0.010615711252653927,0.020551967116852612
239500,66.46,0.009930785434848028,0.029218843172331546
240500,66.52,-0.00661455201443175,0.08124253285543608
241500,66.28,0.0018105009052504525,0.0711743772241993
242500,67.02,0.03312444046553268,-0.023650697392359005
243500,66.44,0.033112582781456956,-0.03456495828367104
244500,65.86,0.022775584573337383,-0.022847100175746926
245500,65.36,0.023255813953488372,-0.050808314087759814
246500,65.03999999999999,0.016605166051660517,-0.030892448512585814
247500,65.25999999999999,-0.0027581979773214833,0.0028785261945883708
248500,66.42,0.017163504968383016,-0.023228111971411555
249500,66.58,0.03454490838089516,-0.043686415320167565
250500,66.5,0.0406015037593985,-0.02447761194029851
251500,66.8,0.05029940119760479,-0.007228915662650603
252500,65.42,0.04188321614185264,0.009832272990167727
253500,64.08,0.028089887640449437,0.036748329621380846
254500,63.839999999999996,0.016290726817042606,0.04092920353982301
255500,63.800000000000004,0.008150470219435737,0.02430939226519337
256500,63.54,-0.012275731822474031,-0.010422380691168404
257500,63.88,-0.005635566687539136,-0.017718715393133997
258500,65.0,0.003076923076923077,-0.027428571428571427
259500,65.58,0.013723696248856358,-0.08657757117954677
260500,66.32000000000001,0.024125452352231604,-0.11401425178147269
261500,66.56,0.028846153846153848,-0.10885167464114832
262500,66.10000000000001,0.026928895612708018,-0.09970501474926254
263500,65.12,0.033783783783783786,-0.10550458715596331
264500,64.53999999999999,0.026960024790827392,-0.05470953186689227
265500,64.1,0.012792511700468018,-0.03064066852367688
266500,64.36,0.022995649471721565,-0.017957351290684626
267500,65.03999999999999,0.03628536285362854,-0.030892448512585814
268500,66.60000000000001,0.0036036036036036037,0.013173652694610778
269500,67.62,-0.009760425909494233,0.051266213712168
270500,67.46,0.010376519418914912,0.005531653349723417
271500,67.9,0.019734904270986744,-0.03551401869158879
272500,67.34,0.01098901098901099,-0.043478260869565216
273500,66.38,0.040072310937029225,-0.10648423557406306
274500,65.3,0.03522205206738132,-0.11815561959654179
275500,65.36,0.01591187270501836,-0.08083140877598152
276500,64.42,-0.008382489909965849,-0.039910061832490164
277500,64.75999999999999,-0.02038295243977764,-0.009080590238365494
278500,65.22,-0.03035878564857406,-0.0063254744105807935
279500,65.16,-0.0006138735420503376,-0.009184845005740528
280500,65.34,-0.007652280379553107,0.03866128101557992
281500,66.46,0.002708396027685826,0.05068574836016696
282500,67.92,0.020023557126030624,0.04488778054862843
283500,68.89999999999999,0.015384615384615385,0.0932475884244373
284500,70.17999999999999,-0.00883442576232545,0.12407780013413816
285500,70.89999999999999,0.012129760225669958,0.06529209621993128
286500,69.78,0.022069360848380626,0.053606882859033755
287500,68.06,0.013811342932706435,0.048215403882279274
288500,66.97999999999999,0.029561063003881755,0.0006056935190793458
289500,66.62,0.036925848093665566,-0.04134212103055722
290500,66.02,0.028779157830960314,-0.015891701000588582
291500,66.2,0.025981873111782478,-0.01893491124260355
292500,66.24,0.02717391304347826,-0.02843601895734597
293500,64.98,0.01077254539858418,-0.009708737864077669
294500,63.339999999999996,0.02557625513103884,-0.015821058374249863
295500,62.5,0.03232,-0.08053333333333333
296500,61.08,0.024230517354289455,-0.11510791366906475
297500,61.12,0.017015706806282723,-0.12448559670781893
298500,61.260000000000005,0.002938295788442703,-0.13474445018069178
299500,61.31999999999999,0.0045662100456621,-0.11478800413650465
300500,61.86000000000001,0.003556417717426447,-0.0886208704771893
301500,63.5,0.01669291338582677,-0.052054794520547946
302500,63.580000000000005,0.033658383139351995,-0.03898956617243273
303500,63.839999999999996,0.045739348370927316,-0.022123893805309734
304500,65.8,0.029787234042553193,-0.010526315789473684
305500,66.7,0.012293853073463269,0.013813813813813814
306500,66.44,0.022275737507525588,0.011918951132300357
307500,67.06,0.02177154786758127,0.0006071645415907711
308500,67.34,0.029997029997029998,-0.000612369871402327
309500,66.44,0.03371462974111981,-0.007151370679380214
310500,65.86,0.04221075007591862,0.0029291154071470417
311500,65.32,0.02020820575627679,0.04844290657439446
312500,64.86,0.004625346901017576,0.064314171883893
313500,65.8,-0.0006079027355623101,0.056140350877192984
314500,65.86,-0.002733070148800486,0.03925014645577036
315500,66.53999999999999,-0.003907424105801022,0.014943215780035863
316500,67.4,0.013649851632047478,-0.04785276073619632
317500,68.08,0.014688601645123384,-0.06140350877192982
318500,67.84,0.00589622641509434,-0.03855721393034826
319500,68.17999999999999,0.0008800234672924611,-0.06473915776241358
320500,66.96,0.011947431302270013,-0.09564164648910412
321500,66.84,-0.010173548773189706,-0.07599517490952955
322500,66.4,-0.02108433734939759,-0.04523809523809524
323500,65.62,-0.010057909174032308,-0.051774287376381616
324500,65.18,-0.0027615833077631177,-0.02469844916714532
325500,65.94,-0.01364877161055505,0.007633587786259542
326500,66.0,-0.0018181818181818182,0.007058823529411765
327500,64.8,0.015432098765432098,-0.010227272727272727
328500,64.78,0.015128125964803951,-0.021010789324247586
329500,65.18,0.027308990487879718,-0.030442274554853533
330500,64.75999999999999,0.04694255713403336,-0.032917139614074914
331500,65.53999999999999,0.0320415013732072,-0.03424260011607661
332500,68.56,-0.009918319719953326,-0.04580152671755725
333500,72.02,-0.04970841432935296,-0.036454610436025735
334500,72.66,-0.06908890723919625,-0.038771031455742504
335500,75.33999999999999,-0.10538890363684629,-0.0413625304136253
336500,76.96,-0.12058212058212059,-0.041666666666666664
337500,75.03999999999999,-0.08795309168443496,-0.017628205128205128
338500,72.44,-0.04583103257868581,-0.03918722786647315
339500,71.58,-0.03548477228276055,-0.030260380014074596
340500,68.94,0.0008703220191470844,-0.037990985189954925
341500,65.84,0.02612393681652491,-0.0117096018735363
342500,66.24,0.026570048309178744,-0.022511848341232227
343500,65.9,0.023368740515933233,-0.026392961876832845
344500,66.52,0.022850270595309682,-0.03106332138590203
345500,66.06,0.011807447774750226,0.0041249263406010605
346500,66.64,0.006602641056422569,-0.022781774580335732
347500,66.52,0.009019843656043296,-0.023894862604540025
348500,66.38,0.011750527267249171,-0.04104699583581202
349500,66.06,0.03905540417801998,-0.0347672362993518
350500,66.67999999999999,0.05038992201559688,-0.058823529411764705
351500,66.84,0.06882106523040096,-0.09891435464414958
352500,67.16,0.08100059559261465,-0.14129110840438489
353500,67.97999999999999,0.06972639011473963,-0.10430980637101811
354500,68.17999999999999,0.031387503666764446,-0.10370835952231301
355500,67.72,0.0318960425280567,-0.06691449814126393
356500,67.34,0.02762102762102762,-0.03735456215554195
357500,66.66,0.0165016501650165,-0.0005998800239952009
358500,65.38000000000001,0.03701437748546956,-0.006354708261120739
359500,66.02,0.0633141472281127,-0.006474396703943496
360500,68.94,0.09022338265158109,-0.023824855119124275
361500,68.94,0.08500145053669858,-0.003219575016097875
362500,68.58,0.08428113152522601,0.024824952259707194
363500,69.3,0.05454545454545454,0.013680781758957655
364500,67.7,0.0499261447562777,-0.0030959752321981426
365500,64.25999999999999,0.028944911297852476,-0.011751538891997761
366500,63.800000000000004,0.04827586206896552,-0.049723756906077346
367500,62.92,0.06357279084551812,-0.07766990291262135
368500,61.260000000000005,0.0969637610186092,-0.07795560144553433
369500,60.78,0.11681474169134584,-0.0790413054563998
370500,60.72,0.10474308300395258,-0.08859470468431772
371500,59.699999999999996,0.09614740368509213,-0.084863523573201
372500,60.260000000000005,0.09127115831397278,-0.09008555611474585
373500,61.660000000000004,0.05935776840739539,-0.06729264475743349
374500,62.68,0.02616464582003829,-0.05037513397642015
375500,62.6,0.02875399361022364,-0.07914438502673797
376500,63.68000000000001,0.024497487437185928,-0.05947136563876652
377500,63.82,0.004700720777185835,-0.04367053620784964
378500,63.480000000000004,0.01575299306868305,-0.0624315443592552
379500,63.06,0.023786869647954328,-0.0752571737953438
380500,64.46,0.009618367980142725,-0.029825548677546426
381500,65.34,0.006427915518824609,-0.024812463935372186
382500,66.18,0.015412511332728921,-0.03134240094618569
383500,66.44,0.004214328717639976,-0.02026221692491061
384500,66.78,-0.017070979335130278,0.017459361830222758
385500,65.92,-0.011529126213592233,0.008215962441314555
386500,65.08,-0.02581438229870928,0.0
387500,64.44,-0.029174425822470516,-0.0044994375703037125
388500,64.52,-0.0049597024178549285,-0.013528748590755355
389500,64.42,0.027010245265445515,-0.027543563799887576
390500,64.7,0.04605873261205564,-0.035694050991501414
391500,64.24,0.07409713574097136,-0.03131991051454139
392500,64.16,0.07855361596009976,-0.016741071428571428
393500,64.58,0.07215856302260762,-0.0016939582156973462
394500,64.36,0.057178371659415785,-0.016835016835016835
395500,65.0,0.030153846153846153,0.006857142857142857
396500,65.60000000000001,0.013414634146341463,0.022093023255813953
397500,65.86,0.026419678105071363,0.00995899238429994
398500,65.74,0.05445695162762397,-0.0297723292469352
399500,66.24,0.036231884057971016,-0.02132701421800948
400500,65.4,0.052599388379204894,-0.046242774566473986
401500,66.62,0.06154308015610928,-0.10724985020970641
402500,66.14,0.039008164499546416,-0.1021854695806261
403500,64.78,0.008953380673047236,-0.044860874503123226
404500,65.08,0.03073140749846343,-0.048109965635738834
405500,65.8,0.03100303951367781,-0.0456140350877193
406500,65.48,0.020158827122785584,-0.002317497103128621
407500,66.18,0.044424297370806894,-0.019515079834417505
408500,67.92,0.053003533568904596,-0.05361596009975062
409500,67.22,0.05444808092829515,-0.04942037827943868
410500,66.5,0.04781954887218045,-0.028059701492537312
411500,66.14,0.049894163894768674,-0.03366804489072652
412500,66.3,0.044343891402714934,-0.017210682492581602
413500,65.42,0.04922042188933048,-0.02371312897628687
414500,64.9,0.04776579352850539,0.005128205128205128
415500,64.78,0.04785427601111454,-0.005110732538330494
416500,63.739999999999995,0.03294634452463131,0.03695532266960838
417500,62.92,0.00572155117609663,0.05717367853290183
418500,62.44,-0.007687379884689302,0.0926517571884984
419500,62.86000000000001,0.004772510340439071,0.11039310716208939
420500,63.44,0.022068095838587643,0.13785557986870897
421500,64.48,0.04528535980148883,0.11148648648648649
422500,64.38000000000001,0.09164336750543647,0.0948905109489051
423500,64.38000000000001,0.10220565392979186,0.03312745648512072
424500,64.34,0.1252719925396332,-0.05776780706674145
425500,63.519999999999996,0.13727959697732997,-0.09978070175438597
426500,62.4,0.14615384615384616,-0.13617021276595745
427500,61.88,0.13445378151260504,-0.14690451206715635
428500,61.760000000000005,0.14507772020725387,-0.12866108786610878
429500,60.940000000000005,0.13029209058089924,-0.11725550435227855
430500,60.08,0.12050599201065246,-0.13226452905811623
431500,59.84,0.11163101604278075,-0.10956175298804781
432500,61.38,0.06679700228087325,-0.08855515277058519
433500,62.580000000000005,0.031000319590923617,-0.06253340459647247
434500,63.339999999999996,0.000947268708556994,-0.0463720676486634
435500,66.06,-0.0003027550711474417,-0.05008839127872716
436500,67.44,-0.012455516014234875,-0.03562653562653563
437500,66.67999999999999,-0.008998200359928014,-0.024009603841536616
438500,66.2,-0.0072507552870090634,-0.03550295857988166
439500,66.34,-0.003316249623153452,-0.06001188354129531
440500,64.36,-0.014294592914853946,-0.06285072951739619
441500,64.75999999999999,-0.015441630636195183,-0.0681044267877412
442500,65.74,0.004563431700638881,-0.10215995329830706
443500,66.56,0.003605769230769231,-0.08253588516746412
444500,67.2,0.004761904761904762,-0.04390243902439024
445500,67.72,-0.005906674542232723,-0.0024783147459727386
446500,67.80000000000001,-0.010619469026548672,0.011180124223602485
447500,67.86,-0.030356616563513114,0.031736154324828875
448500,66.78,-0.03504043126684636,-0.0006020469596628537
449500,66.56,-0.033052884615384616,-0.023923444976076555
450500,67.58,-0.037585084344480615,-0.020357803824799507
451500,67.44,-0.042704626334519574,-0.01597051597051597
452500,67.32000000000001,-0.0481283422459893,-0.03182374541003672
453500,67.84,-0.020047169811320754,-0.03482587064676617
454500,68.14,-0.023187555033754036,-0.009416195856873822
455500,68.2,-0.021114369501466276,0.021383647798742137
456500,68.44,-0.0058445353594389245,-0.0038022813688212928
457500,68.04,-0.0011757789535567313,0.02127659574468085
458500,68.36,-0.03861907548273844,-0.0037926675094816687
459500,68.46,-0.026584867075664622,-0.039949270767279645
460500,67.92,-0.02591283863368669,-0.09476309226932668
461500,67.28,-0.020214030915576695,-0.0941320293398533
462500,67.25999999999999,0.016354445435622957,-0.13989004276114844
463500,67.32000000000001,0.047534165181224004,-0.1175030599755202
464500,67.38,0.04600771742356782,-0.07418761496014716
465500,67.86,0.062186855290303565,-0.05164903546981954
466500,67.67999999999999,0.07328605200945626,-0.03712871287128713
467500,67.72,0.06556408741878322,-0.024783147459727387
468500,67.04,0.07040572792362769,-0.03155339805825243
469500,66.10000000000001,0.05718608169440242,-0.06312684365781711
470500,65.36,0.04834761321909425,-0.08198614318706697
471500,66.75999999999999,0.0341521869382864,-0.0914560770156438
472500,66.75999999999999,0.03175554224086279,-0.08904933814681107
473500,66.60000000000001,0.024624624624624624,-0.08502994011976048
474500,66.84,0.022740873728306403,-0.06634499396863691
475500,67.08,0.032796660703637445,-0.04374240583232078
476500,65.53999999999999,0.03326212999694843,-0.03772489843296576
477500,66.4,0.02289156626506024,-0.034523809523809526
478500,66.18,0.02931399214264128,-0.010053222945002957
479500,64.9,0.0761171032357473,-0.05185185185185185
480500,63.94,0.07663434469815451,-0.03937881308929562
481500,62.760000000000005,0.07775653282345443,-0.01933404940923738
482500,59.5,0.07966386554621849,-0.012345679012345678
483500,57.08,0.08479327259985985,-0.0130475302889096
484500,56.10000000000001,0.07023172905525847,0.009567198177676537
485500,56.8,0.12253521126760564,-0.05092592592592592
486500,58.120000000000005,0.12732278045423262,-0.0936007640878701
487500,58.18,0.13097284290134067,-0.09803921568627451
488500,61.12,0.112565445026178,-0.09773662551440329
489500,63.06,0.08658420551855375,-0.08067135896047645
490500,63.18,0.026274137385248496,-0.03204780010863661
491500,62.78,0.015610066900286716,0.0037614185921547557
492500,64.75999999999999,0.02470660901791229,-0.0011350737797956867
493500,64.88000000000001,0.025893958076448828,-0.02619589977220957
494500,64.92,0.02279728897104128,-0.03876852907639681
495500,65.10000000000001,0.034715821812596005,-0.03954154727793696
496500,65.88000000000001,0.04371584699453552,-0.06213364595545135
497500,66.32000000000001,0.04221954161640531,-0.05463182897862233
498500,67.04,0.04116945107398568,-0.043689320388349516
499500,68.08,0.05934195064629847,-0.05513784461152882
500500,67.72,0.05906674542232723,-0.05328376703841388
501500,67.32000000000001,0.06417112299465241,-0.051407588739290085
502500,66.75999999999999,0.05572198921509886,-0.036101083032490974
503500,65.48,0.05864386072083079,-0.04171494785631518
504500,64.44,0.03972687771570453,-0.013498312710911136
505500,65.32,0.028169014084507043,0.00922722029988466
506500,65.32,0.011022657685241886,0.01730103806228374
507500,65.58,0.007014333638304361,-0.011040092969203951
508500,65.88000000000001,0.01153612629022465,-0.04689331770222743
509500,66.74,0.0092897812406353,-0.05472038484666266
510500,66.97999999999999,-0.0008957897879964168,-0.06359781950333132
511500,67.54,-0.007403020432336393,-0.04497843499691929
512500,68.26,-0.0043949604453559915,-0.0258349086326402
513500,68.44,-0.03506721215663355,0.0012674271229404308
514500,67.96,-0.02413184226015303,0.0024968789013732834
515500,67.62,-0.014492753623188406,0.0018529956763434219
516500,67.08,0.016696481812760882,-0.001215066828675577
517500,66.66,0.006900690069006901,-0.01259748050389922
518500,66.22,0.02265176683781335,0.011249259917110717
519500,66.28,0.030175015087507542,-0.020166073546856466
520500,66.02,0.0251438957891548,-0.01353737492642731
521500,66.64,0.0,-0.014388489208633094
522500,66.94,0.012249775918733195,0.015124016938898971
523500,67.84,0.008254716981132075,0.012437810945273632
524500,68.32000000000001,0.00234192037470726,0.03535353535353535
525500,67.86,0.017978190391983496,0.01431238332296204
526500,67.30000000000001,0.036552748885586926,0.02507645259938838
527500,66.8,0.04790419161676647,0.03855421686746988
528500,66.60000000000001,0.07447447447447447,0.02035928143712575
529500,66.03999999999999,0.06541490006056935,-0.008244994110718492
530500,65.84,0.050425273390036454,0.01405152224824356
531500,66.24,0.03683574879227053,-0.017772511848341232
532500,66.03999999999999,0.009691096305269533,-0.03415783274440518
533500,65.74,-0.01794949802251293,-0.0017513134851138354
534500,65.62,-0.005790917403230723,0.030831878999418267
535500,66.42,0.011141222523336344,0.033948779035139966
536500,65.78,0.010641532380662816,0.06253652834599649
537500,63.92,0.02753441802252816,0.03215077605321508
538500,62.86000000000001,0.042316258351893093,0.027463651050080775
539500,61.040000000000006,0.02948885976408912,0.011293634496919919
540500,60.22,0.01760212553968781,-0.007541478129713424
541500,60.019999999999996,0.02299233588803732,-0.03551775887943972
542500,62.92,0.018436109345200253,-0.022653721682847898
543500,62.839999999999996,0.025461489497135583,-0.05705059203444564
544500,64.74,0.029966017917825147,-0.06296086216676121
545500,64.1,0.02527301092043682,-0.060724233983286906
546500,64.36,0.022995649471721565,-0.06285072951739619
547500,63.5,0.02425196850393701,-0.06191780821917808
548500,64.42,0.00776156473144986,-0.03204047217537943
549500,64.60000000000001,0.02476780185758514,-0.0384180790960452
550500,65.12,0.033783783783783786,-0.04931192660550459
551500,64.64,0.034653465346534656,-0.00904977375565611
552500,64.25999999999999,0.05197634609399315,-0.0408505875769446
553500,64.38000000000001,0.07238272755514134,-0.060078607523863
554500,63.9,0.06353677621283255,-0.034903047091412745
555500,63.85999999999999,0.06733479486376448,-0.01715550636413946
556500,64.22,0.05886016817190906,-0.02515371716042482
557500,63.6,0.0440251572327044,-0.006593406593406593
558500,61.739999999999995,0.044379656624554585,0.008886565603763722
559500,61.5,0.030894308943089432,0.008831168831168832
560500,62.22,0.021536483445837352,0.018528321863419798
561500,61.980000000000004,0.03259115843820587,-0.0194634402945818
562500,62.5,0.04832,-0.009066666666666667
563500,63.38,0.031240138845061535,0.012561441835062807
564500,63.980000000000004,0.044701469209127855,0.009439200444197668
565500,64.38000000000001,0.061820441130785955,-0.011791128579449747
566500,64.2,0.06978193146417445,-0.017877094972067038
567500,65.62,0.046632124352331605,-0.013379872018615475
568500,66.24,0.05374396135265701,-0.061611374407582936
569500,66.4,0.054819277108433734,-0.08571428571428572
570500,65.74,0.030727106784301794,-0.05545826036193812
571500,66.58,0.009312105737458696,-0.028126870137642132
572500,66.34,0.005728067530901417,-0.052881758764111705
573500,67.44,0.01601423487544484,-0.051597051597051594
574500,67.96,0.015891701000588582,-0.039950062421972535
575500,67.22,0.05147277595953585,-0.07992678462477121
576500,66.58,0.06698708320817062,-0.09634949132256133
577500,65.62,0.095397744590064,-0.10413030831879
578500,64.8,0.09691358024691359,-0.07386363636363637
579500,64.58,0.0901207804273769,-0.05138339920948617
580500,66.74,0.04944560982918789,-0.011425135297654841
581500,67.88,0.03830288744843842,0.0186799501867995
582500,68.74,0.016584230433517602,0.05438259756877799
583500,69.22,0.004911875180583647,0.012345679012345678
584500,69.08,0.0017371163867979154,0.00517464424320828
585500,68.22,0.014951627088830254,0.025802391441157962
586500,67.74,0.026867434307646886,-0.009299442033477991
587500,67.67999999999999,0.03959810874704492,-0.039603960396039604
588500,67.25999999999999,0.0567945286946179,-0.028711056811240074
589500,66.58,0.07059176930009012,-0.03291442250149611
590500,65.56,0.0787065283709579,-0.07084785133565621
591500,64.64,0.06745049504950495,-0.0757918552036199
592500,63.160000000000004,0.056998100063331225,-0.0749185667752443
593500,63.5,0.03496062992125984,-0.08164383561643836
594500,63.3,0.0306477093206951,-0.08010899182561308
595500,62.88,0.013358778625954198,-0.07974137931034483
596500,61.68,0.019455252918287938,-0.059498956158663886
597500,60.940000000000005,0.04364949130292091,-0.06502816180235535
598500,60.519999999999996,0.06014540647719762,-0.06585612968591692
599500,61.419999999999995,0.05828720286551612,-0.07102125453602903
600500,62.9,0.08871224165341812,-0.09002695417789758
601500,65.74,0.084271372071798,-0.07764156450671336
602500,67.92,0.05771495877502945,-0.04987531172069826
603500,68.14,0.06545347813325507,-0.037037037037037035
604500,68.08,0.08108108108108109,-0.08020050125313283
605500,68.04,0.05526161081716637,-0.058823529411764705
606500,66.58,0.05437068188645239,-0.06642728904847396
607500,65.94,0.0718835304822566,-0.11450381679389313
608500,65.48,0.05436774587660354,-0.11471610660486674
609500,65.48,0.018937080024434942,-0.05793742757821553
610500,64.56,0.02292441140024783,-0.04740406320541761
611500,64.62,0.0337356855462705,-0.10231769361221028
612500,64.48,0.019851116625310174,-0.06756756756756757
613500,65.60000000000001,0.007317073170731708,-0.06627906976744186
614500,66.02,0.014238109663738261,-0.088875809299588
615500,67.08,0.032796660703637445,-0.14702308626974483
616500,68.24,0.023446658851113716,-0.13224181360201512
617500,69.52000000000001,0.01668584579976985,-0.11811023622047244
618500,69.28,0.029445727482678985,-0.15364583333333334
619500,69.26,0.026855327750505344,-0.1398828887443071
620500,68.88,0.029036004645760744,-0.12082262210796915
621500,70.34,0.09183963605345465,-0.12204989885367498
622500,70.86,0.11769686706181202,-0.14619080301990392
623500,70.7,0.09193776520509193,-0.08395904436860069
624500,70.66,0.07953580526464761,-0.07702794819359236
625500,70.94,0.06794474203552298,-0.06400550584996559
626500,69.22,0.0066454781854955215,0.000649772579597141
627500,67.92,-0.0176678445229682,0.04987531172069826
628500,68.24,0.01406799531066823,0.027707808564231738
629500,68.86,0.007841998257333721,0.04046242774566474
630500,69.17999999999999,0.006071118820468344,0.03309539260220636
631500,69.3,-0.017027417027417027,0.07100977198697069
632500,69.8,-0.026934097421203437,0.07019867549668875
633500,69.36,-0.040945790080738176,0.09138381201044386
634500,68.74,-0.024730869944719232,0.09404990403071017
635500,67.38,-0.04007123775601069,0.1354996934396076
636500,66.94,-0.016432626232446967,0.06715063520871144
637500,66.18,-0.008763977032336053,0.036073329390892965
638500,65.9,-0.020333839150227618,0.029912023460410556
639500,65.0,-0.030153846153846153,0.005714285714285714
640500,65.53999999999999,-0.020445529447665547,-0.022634939059779455
641500,65.56,-0.025015253203172667,-0.017421602787456445
642500,66.4,-0.00963855421686747,-0.030952380952380953
643500,66.7,-0.0002998500749625187,-0.04624624624624624
644500,67.72,0.006497341996455995,-0.057001239157372985
645500,68.16,-0.0017605633802816902,-0.056532663316582916
646500,67.62,0.006802721088435374,-0.06856084002470661
647500,67.22,0.005653079440642666,-0.059182428309945086
648500,66.86,0.013460963206700568,-0.05491852745926373
649500,66.12,0.016333938294010888,-0.024793388429752067
650500,66.16,0.018137847642079808,-0.02127659574468085
651500,66.67999999999999,0.02399520095980804,0.0024009603841536613
652500,66.4,0.012650602409638554,0.010714285714285714
653500,66.42,0.008732309545317675,-0.001786777843954735
654500,65.62,0.024687595245352027,-0.038976148923792905
655500,64.58,0.0387116754413131,-0.07171089779785432
656500,64.28,0.028002489110143122,-0.08174692049272117
657500,63.6,0.03710691823899371,-0.0945054945054945
658500,64.53999999999999,0.038735667802912925,-0.06824591088550479
659500,65.42,0.05533476001222867,-0.054945054945054944
660500,66.12,0.043557168784029036,-0.03423848878394333
661500,66.56,0.040865384615384616,-0.022727272727272728
662500,67.22,0.022314787265694733,-0.0018303843807199512
663500,65.8,0.02370820668693009,-0.05380116959064327
664500,65.88000000000001,-0.0024286581663630845,-0.04689331770222743
665500,65.44,-0.0018337408312958435,-0.028935185185185185
666500,65.28,-0.00857843137254902,-0.014976958525345621
667500,65.03999999999999,0.006150061500615006,-0.03546910755148741
668500,66.06,0.006357856494096276,-0.0017678255745433118
669500,65.86,0.010021257212268448,0.006444053895723492
670500,68.88,-0.026713124274099883,-0.016709511568123392
671500,71.46000000000001,-0.05905401623285754,-0.09320252277505256
672500,74.18,-0.09517390132111081,-0.09682416731216112
673500,75.28,-0.12699256110520724,-0.11003236245954692
674500,74.98,-0.13576953854361162,-0.13509192645883294
675500,72.3,-0.0954356846473029,-0.09025270758122744
676500,69.52000000000001,-0.04602991944764097,-0.07086614173228346
677500,66.7,-0.014692653673163419,-0.05105105105105105
678500,64.64,0.019183168316831683,-0.04524886877828054
679500,64.58,0.015794363580055745,-0.026538678712591756
680500,64.12,-0.004990642545227698,-0.014492753623188406
681500,64.60000000000001,-0.026625386996904025,0.04632768361581921
682500,64.25999999999999,-0.018985371926548398,0.03749300503637381
683500,64.38000000000001,-0.021435228331780055,0.029758562605277934
684500,64.24,0.00933997509339975,-0.025727069351230425
685500,63.72,0.026365348399246705,-0.050716648291069456
686500,62.580000000000005,0.022690955576861616,-0.05611972207375735
687500,62.4,0.021794871794871794,-0.03297872340425532
688500,63.28,0.012642225031605562,-0.010893246187363835
689500,63.06,-0.026324135743736123,0.03627504060638874
690500,63.54,-0.042492917847025496,0.05211190345584202
691500,63.94,-0.03221770409759149,0.048252911813643926
692500,64.38000000000001,-0.036968002485243866,0.04211117349803481
693500,63.92,-0.01939924906132666,0.028824833702882482
694500,64.78,-0.0009262117937635072,0.031232254400908575
695500,65.0,0.017846153846153845,0.024
696500,66.4,0.06686746987951807,-0.014285714285714285
697500,67.52,0.07464454976303317,-0.02586206896551724
698500,68.46,0.06105755185509787,0.0019023462270133164
699500,68.32000000000001,0.0743559718969555,-0.023989898989898988
700500,68.74,0.07535641547861507,-0.007037747920665387
701500,67.32000000000001,0.04040404040404041,0.019583843329253364
702500,66.34,0.03346397347000302,0.010101010101010102
703500,66.06,0.04026642446260975,-0.0041249263406010605
704500,66.64,0.028211284513805522,0.02038369304556355
705500,67.60000000000001,0.01242603550295858,-0.006172839506172839
706500,69.08,-0.004053271569195136,-0.01034928848641656
707500,69.96,-0.02172670097198399,0.011984021304926764
708500,69.32000000000001,-0.013271783035199077,-0.001303780964797914
709500,69.26,-0.01992492058908461,-0.02147039687703318
710500,68.54,-0.0166326232856726,-0.02097902097902098
711500,68.52000000000001,-0.0011675423234092236,-0.03811944091486658
712500,68.58,0.02712160979877515,-0.06938255887969447
713500,68.5,0.03299270072992701,-0.07555555555555556
714500,67.67999999999999,0.0425531914893617,-0.06435643564356436
715500,67.74,0.031591378801299086,-0.029138251704897707
716500,67.54,0.015102161681966242,-0.012939001848428836
717500,67.96,-0.00529723366686286,0.02122347066167291
718500,68.78,-0.04158185519046234,0.05573350416399744
719500,69.84,-0.07216494845360824,0.09946949602122016
720500,70.34,-0.07023030992323002,0.10182063385030343
721500,70.72,-0.0661764705882353,0.10382513661202186
722500,70.14,-0.058454519532363844,0.07970529135967849
723500,70.64,-0.037938844847112116,0.05449591280653951
724500,70.64,-0.011325028312570781,0.017711171662125342
725500,70.98,0.011552550014088475,-0.004824259131633356
726500,69.96,0.014865637507146942,0.010652463382157125
727500,69.04,0.016801853997682505,-0.0012919896640826874
728500,67.24,0.01189767995240928,0.02442002442002442
729500,65.42,0.027820238459186793,0.030653556969346442
730500,63.160000000000004,0.03103229892336922,0.023887079261672096
731500,62.53999999999999,0.04700991365526063,0.034703683929524824
732500,62.160000000000004,0.06113256113256113,0.07188160676532769
733500,62.28,0.06936416184971098,0.09331919406150584
734500,62.660000000000004,0.054580274497286946,0.07873594001071238
735500,62.239999999999995,0.04755784061696658,0.04449152542372881
736500,61.96,0.030987734021949646,0.010515247108307046
737500,61.78,0.02233732599546779,-0.03087388801674516
738500,62.18,0.027339980701190092,-0.07350608143839238
739500,62.78,0.021344377190187957,-0.06824288017195057
740500,64.22,0.007785736530675802,-0.03521520402459474
741500,65.88000000000001,0.004250151791135397,-0.03048065650644783
742500,68.14,0.014382154388024655,-0.015693659761456372
743500,69.84,0.002290950744558992,-0.022546419098143235
744500,71.88,0.010573177518085699,-0.04551920341394026
745500,73.54,0.029099809627413653,-0.08994708994708994
746500,72.84,0.02416254805052169,-0.050073637702503684
747500,71.56,0.016769144773616546,-0.03938115330520394
748500,70.02000000000001,0.01228220508426164,-0.02334889926617745
749500,67.67999999999999,0.008865248226950355,-0.0024752475247524753
750500,65.8,-0.00851063829787234,0.04327485380116959
751500,65.02,-0.01445709012611504,0.04516866781017725
752500,65.0,-0.022153846153846152,0.06857142857142857
753500,65.64,0.0018281535648994515,0.06053550640279395
754500,65.74,-0.0021296014602981443,0.07180385288966724
755500,65.18,0.0027615833077631177,0.08558299827685238
756500,65.82000000000001,0.02643573381950775,0.06377998829724986
757500,64.9,0.04036979969183359,0.021082621082621083
758500,63.339999999999996,0.03757499210609409,0.045280960174577195
759500,63.82,0.044813538075838294,0.046987285793255944
760500,64.48,0.05148883374689826,0.033783783783783786
761500,63.7,0.05682888540031397,0.05785123966942149
762500,64.2,0.05109034267912772,0.09162011173184358
763500,64.82,0.042270904041962355,0.08925525866969869
764500,64.88000000000001,0.04808877928483354,0.08200455580865604
765500,64.92,0.03203943314849045,0.06727480045610035
766500,65.53999999999999,0.023497101007018614,0.04236796285548462
767500,65.44,0.014058679706601468,0.02662037037037037
768500,65.68,0.014616321559074299,0.017482517482517484
769500,65.02,-0.007689941556444171,0.018867924528301886
770500,65.42,-0.001528584530724549,0.027183342972816656
771500,65.86,-0.0009110233829334953,0.029876977152899824
772500,66.58,0.01592069690597777,0.017354877318970677
773500,66.97999999999999,0.028963869811884143,0.019987886129618413
774500,66.18,0.047446358416440015,-0.00768775872264932
775500,65.9,0.04825493171471927,0.002932551319648094
776500,64.8,0.04691358024691358,-0.011363636363636364
777500,64.36,0.061528899937849595,-0.019079685746352413
778500,63.68000000000001,0.05402010050251256,-0.02973568281938326
779500,64.5,0.05736434108527132,0.0016901408450704226
780500,63.38,0.06090249289996844,0.015838339705079193
781500,63.44,0.0617906683480454,0.06892778993435449
782500,62.760000000000005,0.043339706819630335,0.12996777658431793
783500,62.760000000000005,0.03824091778202677,0.15252416756176154
784500,62.3,0.029213483146067417,0.15862068965517243
785500,62.660000000000004,0.04691988509415895,0.12479914301017675
786500,63.28,0.06510745891276865,0.06753812636165578
787500,64.56,0.0644361833952912,0.010158013544018058
788500,64.94,0.06806282722513089,-0.01540216771249287
789500,64.78,0.0725532571781414,-0.043725156161272004
790500,65.25999999999999,0.04321176831136991,-0.04087507196315487
791500,65.44,0.023227383863080684,-0.016203703703703703
792500,64.56,0.026022304832713755,-0.004514672686230248
793500,65.02,0.02614580129191018,-0.012006861063464836
794500,65.92,0.037014563106796114,-0.05046948356807512
795500,65.68,0.061510353227771014,-0.07575757575757576
796500,65.22,0.06531738730450783,-0.08338125359401956
797500,65.58,0.06678865507776761,-0.0830912260313771
798500,64.38000000000001,0.06741223982603294,-0.04211117349803481
799500,64.8,0.06111111111111111,0.031818181818181815
800500,64.5,0.04062015503875969,0.09070422535211267
801500,64.75999999999999,0.03953057442865967,0.12485811577752554
802500,65.03999999999999,0.033825338253382534,0.16704805491990846
803500,65.12,0.0343980343980344,0.18004587155963303
804500,64.18,0.016516048613275165,0.16471245114461194
805500,64.2,0.005607476635514018,0.16759776536312848
806500,63.75999999999999,-0.0012547051442910915,0.11368653421633554
807500,64.02,-0.009684473601999375,0.08282379099499722
808500,63.62,-0.014775227915749764,0.032435404068169325
809500,63.519999999999996,0.0025188916876574307,0.023026315789473683
810500,63.78,0.034807149576669805,0.017117614577581448
811500,63.62,0.039295818924866395,0.05332600329851567
812500,63.56,0.06356198867212083,0.06366630076838639
813500,64.53999999999999,0.06910443136039665,0.08065425831923294
814500,65.52,0.06715506715506715,0.06148491879350348
815500,65.7,0.05814307458143075,0.021574344023323616
816500,65.58,0.059469350411710885,-0.0168506682161534
817500,65.03999999999999,0.047355473554735544,-0.03775743707093822
818500,65.60000000000001,0.04390243902439024,-0.03604651162790698
819500,66.2,0.03927492447129909,-0.01775147928994083
820500,67.0,0.04776119402985075,-0.020606060606060607
821500,67.9,0.048600883652430045,-0.0006230529595015577
822500,67.92,0.03651354534746761,-0.006234413965087282
823500,66.18,0.032336053188274407,-0.039621525724423415
824500,65.22,0.036491873658387,-0.04427832087406555
825500,64.84,0.03146206045650833,-0.02957906712172924
826500,64.9,0.03605546995377504,-0.05185185185185185
827500,65.32,0.049601959583588484,-0.05074971164936563
828500,67.12,0.05065554231227652,-0.0340632603406326
829500,66.66,0.0429042904290429,-0.008998200359928014
830500,65.75999999999999,0.035888077858880776,-0.017523364485981307
831500,66.9,0.036771300448430494,0.01027190332326284
832500,66.12,0.010889292196007259,0.01652892561983471
833500,66.3,0.03227752639517346,-0.0017804154302670622
834500,69.39999999999999,0.08991354466858789,-0.054901960784313725
835500,73.14,0.12551271534044298,-0.06031273268801191
836500,73.26,0.13895713895713896,-0.08601346297681377
837500,76.36,0.17915138816134102,-0.08798646362098139
838500,77.94,0.18347446753913266,-0.06980961015412511
839500,75.14,0.11791322863987223,-0.03459372485921158
840500,72.3,0.08215767634854772,-0.026714801444043323
841500,71.24000000000001,0.04211117349803481,0.0
842500,68.84,0.004648460197559558,-0.005134788189987163
843500,66.52,-0.025856885147324114,-0.007168458781362007
844500,67.5,0.024,-0.02276923076923077
845500,67.46,0.005040023717758672,-0.022741241548862937
846500,64.9,0.01941448382126348,-0.038176638176638175
847500,64.16,-0.01059850374064838,-0.049107142857142856
848500,63.06,-0.02822708531557247,-0.025446670276123445
849500,62.13999999999999,-0.05568072095268748,-0.016376122556788168
850500,61.72,-0.0356448476992871,-0.018808777429467086
851500,64.12,-0.014971927635683094,-0.01560758082497213
852500,63.63999999999999,0.01697045883092395,-0.026402640264026403
853500,64.38000000000001,0.020813917365641504,-0.037619314991577765
854500,64.02,0.004061230865354577,-0.04391328515842134
855500,63.839999999999996,0.0006265664160401002,-0.05530973451327434
856500,63.82,-0.022250078345346286,-0.05140961857379768
857500,64.44,-0.01675977653631285,-0.02699662542182227
858500,64.48,0.013647642679900745,-0.03153153153153153
859500,65.2,0.02392638036809816,-0.016091954022988506
860500,65.02,0.029836973239003382,0.007432818753573471
861500,64.74,0.04788384306456596,0.016449234259784458
862500,64.98,0.050784856879039705,0.014277555682467162
863500,65.2,0.04539877300613497,-0.0022988505747126436
864500,64.72,0.042027194066749075,-0.0045351473922902496
865500,65.8,0.03768996960486322,0.0035087719298245615
866500,66.28,0.04224502112251056,-0.01542111506524318
867500,66.9,0.03497757847533632,-0.019939577039274924
868500,66.7,0.046476761619190406,-0.013813813813813814
869500,66.84,0.06403351286654697,-0.04101326899879373
870500,66.58,0.06458395914689095,-0.05206463195691203
871500,66.10000000000001,0.05416036308623298,-0.04542772861356932
872500,64.64,0.04950495049504951,-0.01583710407239819
873500,64.34,0.03512589368977308,-0.01065619742007852
874500,64.3,0.037636080870917576,0.03305322128851541
875500,63.72,0.022598870056497175,0.05733186328555678
876500,63.75999999999999,0.02070263488080301,0.076158940397351
877500,64.98,0.050169282856263465,0.01770416904625928
878500,64.72,0.06056860321384425,0.015873015873015872
879500,64.72,0.05253399258343634,-0.012471655328798186
880500,65.64,0.07556368068251067,-0.05238649592549476
881500,65.3,0.09464012251148546,-0.07665706051873199
882500,64.7,0.0856259659969088,-0.04589235127478754
883500,65.28,0.07107843137254902,-0.03341013824884793
884500,65.32,0.052663808940600125,-0.012687427912341407
885500,65.08,0.03564843269821758,0.0
886500,65.53999999999999,0.013121757705218187,-0.008705745792222866
887500,65.78,-0.0015202189115232593,0.012273524254821741
888500,65.60000000000001,-0.012195121951219513,0.037209302325581395
889500,65.5,-0.024122137404580152,0.04463768115942029
890500,64.36,-0.014294592914853946,0.025813692480359147
891500,64.75999999999999,-0.004323656578134651,0.053348467650397274
892500,65.22,0.0021465808034345293,0.03737780333525014
893500,65.2,-0.006748466257668712,0.02528735632183908
894500,65.86,0.02095353780747039,0.005272407732864675
895500,67.34,0.02465102465102465,0.001837109614206981
896500,67.34,0.04247104247104247,-0.05572565829761176
897500,66.3,0.04132730015082956,-0.06468842729970327
898500,65.7,0.059969558599695584,-0.07871720116618076
899500,64.75999999999999,0.06485484867201977,-0.0771850170261067
900500,64.44,0.051520794537554315,-0.06636670416197975
901500,64.0,0.025625,-0.005555555555555556
902500,64.56,0.028500619578686492,-0.003386004514672686
903500,65.8,0.00303951367781155,0.0035087719298245615
904500,66.60000000000001,0.003003003003003003,-0.011976047904191617
905500,66.34,-0.005728067530901417,-0.0005941770647653001
906500,66.2,-0.006042296072507553,-0.029585798816568046
907500,65.94,-0.011222323324234153,-0.012331180270111567
908500,65.2,0.012269938650306749,-0.02413793103448276
909500,65.56,0.017693715680292862,-0.009291521486643438
910500,65.52,0.030525030525030524,-0.025522041763341066
911500,64.96,0.02401477832512315,-0.005707762557077625
912500,64.72,0.038318912237330034,-0.047619047619047616
913500,65.08,0.037492317148125384,-0.048109965635738834
914500,65.06,0.030433446049800184,-0.045220377790498
915500,64.84,0.02652683528685996,-0.06370875995449374
916500,64.74,0.04541241890639481,-0.10493477027793534
917500,65.0,0.036923076923076927,-0.07657142857142857
918500,65.10000000000001,0.031029185867895544,-0.09111747851002866
919500,63.92,0.026282853566958697,-0.07095343680709534
920500,63.44,0.03215636822194199,-0.053610503282275714
921500,63.22,0.028788358114520723,-0.02011963023382273
922500,63.2,0.026582278481012658,-0.02282608695652174
923500,65.7,0.08188736681887367,-0.0402332361516035
924500,69.38,0.12424329778034016,-0.0829523187459177
925500,72.1,0.1361997226074896,-0.08673835125448029
926500,75.72,0.08874801901743265,-0.09060955518945635
927500,78.9,0.03827629911280101,-0.04265402843601896
928500,76.58,-0.02010968921389397,0.033304867634500426
929500,72.54,-0.06424041907912875,0.05462490895848507
930500,70.48,-0.06923950056753689,0.04742547425474255
931500,67.74,-0.02155299675228816,0.03781773093614383
932500,64.62,0.03806870937790158,-0.010740531373657434
933500,64.3,0.05754276827371695,-0.03305322128851541
934500,64.84,0.05737199259716225,-0.04323094425483504
935500,64.64,0.040222772277227724,-0.032805429864253395
936500,64.82,0.05893242826288183,-0.0778851620238772
937500,65.08,0.06637984019668101,-0.10080183276059565
938500,65.64,0.0591102985984156,-0.08963911525029103
939500,65.5,0.06320610687022901,-0.12695652173913044
940500,65.16,0.0767341927562922,-0.15269804822043628
941500,64.92,0.06223043746149107,-0.12770809578107184
942500,65.32,0.027556644213104716,-0.09342560553633218
943500,64.84,0.030228254164096236,-0.09101251422070535
944500,65.02,0.021839434020301446,-0.09090909090909091
945500,65.18,0.007057379564283523,-0.0672027570361861
946500,64.78,-0.021920345785736338,-0.04258943781942078
947500,64.5,-0.000310077519379845,-0.04788732394366197
948500,64.60000000000001,0.0037151702786377707,-0.061016949152542375
949500,64.60000000000001,0.01671826625386997,0.0
950500,64.72,0.02595797280593325,-0.0011337868480725624
951500,64.58,0.05109941158253329,0.006211180124223602
952500,65.22,0.046918123275068994,0.013225991949396205
953500,65.28,0.0428921568627451,0.041474654377880185
954500,65.48,0.04092852779474649,0.04866743916570104
955500,65.5,0.03572519083969466,0.06434782608695652
956500,66.38,0.02078939439590238,0.05056513979773944
957500,65.52,0.015873015873015872,0.033642691415313224
958500,65.53999999999999,0.019835215135794934,0.004062681369704005
959500,66.34,0.01175761230027133,-0.0196078431372549
960500,66.84,0.014961101137043686,-0.016887816646562123
961500,66.66,0.0231023102310231,-0.020995800839832032
962500,68.34,0.0752121744220076,-0.03979785217940619
963500,68.12,0.08103347034644745,-0.0451693851944793
964500,68.16,0.07922535211267606,-0.04522613065326633
965500,67.75999999999999,0.07497048406139316,-0.033498759305210915
966500,69.38,0.04352839434995676,-0.028086218158066622
967500,69.86,-0.04322931577440595,-0.008626410086264101
968500,69.22,-0.05056342097659636,-0.000649772579597141
969500,68.10000000000001,-0.03671071953010279,0.006896551724137931
970500,68.56,-0.03733955659276546,-0.013994910941475827
971500,67.80000000000001,-0.017699115044247787,0.007453416149068323
972500,65.82000000000001,0.010027347310847767,0.04505558806319485
973500,66.46,0.01354198013842913,0.06857483601669648
974500,66.88,0.014952153110047847,0.03864734299516908
975500,66.24,0.004227053140096618,0.014218009478672985
976500,65.62,-0.004571776897287412,0.006399069226294357
977500,65.78,0.019762845849802372,-0.034482758620689655
978500,66.64,0.034213685474189674,-0.07553956834532374
979500,66.66,0.0159015901590159,-0.07258548290341932
980500,66.84,0.0353081986834231,-0.038600723763570564
981500,66.02,0.0463495910330203,-0.055915244261330196
982500,66.24,0.03743961352657005,-0.04383886255924171
983500,65.62,0.02529716549832368,-0.02501454333915067
984500,64.32,0.004975124378109453,0.01569506726457399
985500,63.94,-0.0178292148889584,0.007210205213533
986500,63.9,-0.03348982785602504,0.028254847645429362
987500,64.2,-0.044859813084112146,0.03687150837988827
988500,63.85999999999999,-0.059191982461634825,0.03597122302158273
989500,65.03999999999999,-0.042435424354243544,0.012585812356979404
990500,64.96,-0.029556650246305417,0.02511415525114155
991500,64.24,-0.00684931506849315,0.007829977628635347
992500,62.3,0.009951845906902087,-0.022811671087533156
993500,61.28,0.01370757180156658,-0.002066115702479339
994500,59.940000000000005,0.01701701701701702,-0.028457314028956564
995500,60.0,0.038,-0.052
996500,61.86000000000001,0.0404138376980278,-0.05925537493445202
997500,62.839999999999996,0.0120942075111394,-0.0193756727664155
998500,63.519999999999996,0.0069269521410579345,-0.025219298245614034
999500,65.2,0.010429447852760737,0.0011494252873563218
1000500,66.12,-0.007259528130671506,0.004722550177095631
1001500,64.62,-0.021974620860414733,0.017524024872809497
1002500,65.56,0.008541793776693106,0.026713124274099883
1003500,66.32000000000001,0.017490952955367914,0.013064133016627079
1004500,66.4,0.021686746987951807,0.005952380952380952
1005500,66.92,0.010759115361625823,0.02781136638452237
1006500,67.94,0.00971445392993818,0.038053649407361195
1007500,67.75999999999999,-0.0035419126328217238,-0.00620347394540943
1008500,67.06,-0.00029824038174768865,-0.0006071645415907711
1009500,66.3,-0.014177978883861237,0.016023738872403562
1010500,65.28,0.009191176470588236,0.002304147465437788
1011500,64.58,0.026943326107153918,-0.0502540937323546
1012500,63.5,0.04692913385826772,-0.01808219178082192
1013500,63.480000000000004,0.045368620037807186,-0.027382256297918947
1014500,63.7,0.06185243328100471,-0.07548209366391184
1015500,62.92,0.04513668150031786,-0.08198489751887811
1016500,62.660000000000004,0.03159910628790297,-0.06480985538296732
1017500,63.75999999999999,0.023212045169385194,-0.09050772626931568
1018500,64.9,0.023112480739599383,-0.10427350427350428
1019500,64.60000000000001,-0.0006191950464396285,-0.0576271186440678
1020500,64.78,0.023772769373263353,-0.10391822827938671
1021500,64.74,0.028730305838739572,-0.12195121951219512
1022500,64.42,0.030735796336541447,-0.12197863968521641
1023500,62.5,0.02848,-0.10826666666666666
1024500,62.92,0.03242212333121424,-0.13160733549083065
1025500,63.739999999999995,0.06055851898336994,-0.12079426365140651
1026500,64.98,0.05447830101569714,-0.06567675613934894
1027500,65.12,0.04484029484029484,-0.021788990825688075
1028500,66.52,0.04690318701142514,0.015531660692951015
1029500,66.78,0.05241090146750524,0.059602649006622516
1030500,66.36,0.013261000602772756,0.07847800237812129
1031500,65.60000000000001,0.00975609756097561,0.06511627906976744
1032500,65.24,0.019619865113427344,0.02991944764096663
1033500,64.4,0.02236024844720497,0.021348314606741574
1034500,63.739999999999995,0.04110448697834954,-0.04247104247104247
1035500,63.63999999999999,0.03771213073538655,-0.066006600660066
1036500,64.28,0.04853764779091475,-0.0940649496080627
1037500,63.72,0.040175768989328314,-0.09371554575523705
1038500,63.519999999999996,0.03589420654911839,-0.13486842105263158
1039500,63.580000000000005,0.026108839257628184,-0.10928061504667765
1040500,63.800000000000004,0.01567398119122257,-0.05303867403314917
1041500,63.339999999999996,0.017366592990211555,-0.060556464811783964
1042500,63.85999999999999,0.0416536172878171,-0.10016602102933038
1043500,63.75999999999999,0.03136762860727729,-0.10485651214128035
1044500,64.0,0.0325,-0.08555555555555555
1045500,63.9,0.03474178403755868,-0.0814404432132964
1046500,64.24,0.04296388542963885,-0.04697986577181208
1047500,64.84,0.014805675508945095,-0.004550625711035267
1048500,65.72,0.028606208155812538,0.01866977829638273
1049500,65.28,0.030637254901960783,0.004608294930875576
1050500,65.42,0.03087740752063589,-0.008675534991324466
1051500,65.8,0.02006079027355623,-0.01871345029239766
1052500,65.28,0.03370098039215686,-0.010368663594470046
1053500,65.06,0.030433446049800184,0.014310246136233544
1054500,65.56,0.03233679072605247,0.003484320557491289
1055500,65.12,0.025184275184275184,-0.0045871559633027525
1056500,64.64,0.02103960396039604,0.011312217194570135
1057500,64.34,0.01771837115324837,0.01514301738642737
1058500,64.72,0.02595797280593325,-0.01473922902494331
1059500,64.3,0.023950233281493,-0.007282913165266107
1060500,64.53999999999999,0.04245429191199256,0.018612521150592216
1061500,64.03999999999999,0.043098063710181135,0.028921023359288096
1062500,64.53999999999999,0.025100712736287573,0.01410039481105471
1063500,64.64,0.017945544554455444,0.014705882352941176
1064500,65.62,0.024078024992380372,-0.027341477603257707
1065500,66.25999999999999,0.014186537881074554,-0.08358032009484291
1066500,66.60000000000001,0.012612612612612612,-0.08383233532934131
1067500,66.74,0.02427329937069224,-0.06434155141310884
1068500,67.25999999999999,0.02111210228962236,-0.04092852779474649
1069500,67.46,0.023421286688407945,0.0313460356484327
1070500,68.04,0.030570252792475015,0.06508135168961202
1071500,68.08,0.03936545240893067,0.017543859649122806
1072500,67.04,0.06503579952267304,-0.06067961165048544
1073500,65.8,0.06990881458966565,-0.08421052631578947
1074500,65.32,0.049601959583588484,-0.11649365628604383
1075500,64.05999999999999,0.030908523259444272,-0.10962715637173066
1076500,64.3,0.041990668740279936,-0.09355742296918768
1077500,65.7,0.03257229832572298,-0.061224489795918366
1078500,66.92,0.04064554692169755,-0.03990326481257558
1079500,66.7,0.05787106446776612,-0.054654654654654654
1080500,67.74,0.059935045763212284,-0.06509609423434594
1081500,67.24,0.03866745984533016,-0.09157509157509157
1082500,66.94,0.024798326859874514,-0.06110102843315184
1083500,66.92,0.004781829049611476,-0.07980652962515115
1084500,66.84,-0.0017953321364452424,-0.04101326899879373
1085500,66.42,0.00993676603432701,-0.053007742703990474
1086500,67.80000000000001,0.012389380530973451,-0.037267080745341616
1087500,68.46,0.016652059596844872,-0.05643627140139505
1088500,68.46,0.04352906806894537,-0.05136334812935954
1089500,71.6,0.09050279329608939,-0.05070422535211268
1090500,71.6,0.07932960893854749,-0.014084507042253521
1091500,71.64,0.07035175879396985,-0.0014104372355430183
1092500,70.62,0.052393089776267346,0.018379850238257316
1093500,71.16,0.022484541877459248,0.018030513176144243
1094500,68.14,-0.043146463164073966,-0.010671688637790333
1095500,67.75999999999999,-0.03541912632821724,-0.02481389578163772
1096500,66.8,-0.00718562874251497,-0.03614457831325301
1097500,66.97999999999999,-0.006867721707972529,-0.03331314354936402
1098500,65.8,0.02188449848024316,-0.023391812865497075
1099500,64.52,0.037197768133911964,0.0011273957158962795
1100500,62.6,0.033226837060702875,-0.0053475935828877
1101500,59.86,0.019044437019712663,-0.030393622321873443
1102500,57.3,0.05270506108202443,-0.06791569086651054
1103500,54.94,0.06443392792136876,-0.09631602308033733
1104500,55.279999999999994,0.08465991316931983,-0.11538461538461539
1105500,57.26,0.08487600419140762,-0.10622367805334582
1106500,60.040000000000006,0.061958694203864094,-0.06606606606606606
1107500,62.86000000000001,0.04804327076041998,-0.026386645126548196
1108500,65.64,0.04753199268738574,-0.005820721769499418
1109500,67.10000000000001,0.052757078986587186,-0.02370820668693009
1110500,67.12,0.08045292014302742,-0.031630170316301706
1111500,66.9,0.10014947683109118,-0.056193353474320244
1112500,66.32000000000001,0.1158021712907117,-0.07600950118764846
1113500,65.78,0.09881422924901186,-0.07071887784921099
1114500,65.72,0.06999391357273281,-0.03500583430571762
1115500,65.74,0.04533008822634621,-0.05779334500875657
1116500,65.56,0.03599755948749237,-0.023228803716608595
1117500,66.24,0.0006038647342995169,0.03317535545023697
1118500,67.02,0.018203521336914354,0.02607640994542147
1119500,68.7,0.008442503639010189,0.06325878594249201
1120500,69.12,0.0011574074074074073,0.10103626943005181
1121500,69.84,-0.002290950744558992,0.06896551724137931
1122500,69.04,0.0028968713789107765,0.02454780361757106
1123500,68.52000000000001,-0.023350846468184472,0.04066073697585769
1124500,65.96,-0.0066707095209217705,0.0035252643948296123
1125500,65.98,0.0003031221582297666,-0.0205761316872428
1126500,65.75999999999999,0.018856447688564478,-0.012850467289719626
1127500,66.12,0.03327283726557774,-0.03778040141676505
1128500,66.53999999999999,0.04718966035467388,-0.05797967722653915
1129500,67.17999999999999,0.041381363501041976,-0.05423522242535039
1130500,66.8,0.03293413173652695,-0.04457831325301205
1131500,66.86,0.01764881842656297,-0.06698853349426674
1132500,66.5,0.016541353383458645,-0.07462686567164178
1133500,65.48,0.013439218081857055,-0.06025492468134415
1134500,65.03999999999999,0.022755227552275523,-0.10183066361556065
1135500,65.5,0.04854961832061069,-0.10492753623188406
1136500,64.92,0.04990757855822551,-0.06499429874572406
1137500,65.86,0.054357728515031886,-0.056824838898652606
1138500,66.97999999999999,0.058823529411764705,-0.027256208358570563
1139500,67.64,0.05499704316972206,0.022249690976514216
1140500,67.62,0.04111209701271813,0.030265596046942556
1141500,67.46,0.05484731692855025,0.01290719114935464
1142500,66.8,0.058682634730538925,0.04457831325301205
1143500,66.42,0.044263775971093045,0.054198927933293624
1144500,66.53999999999999,0.029756537421100092,0.05319784817692767
1145500,66.7,0.039880059970014994,0.03063063063063063
1146500,66.74,0.021875936469883128,0.02826217678893566
1147500,67.14,-0.0014894250819183796,0.016433353621424222
1148500,67.5,-0.015703703703703702,0.011692307692307693
1149500,66.36,-0.006027727546714889,-0.02497027348394768
1150500,65.22,-0.015639374425023,-0.01897642323174238
1151500,65.46,-0.017415215398716773,-0.044585987261146494
1152500,65.24,0.00797057020232986,-0.04948216340621404
1153500,64.22,0.02709436312675179,-0.07434320849636669
1154500,64.9,0.026194144838212634,-0.04843304843304843
1155500,65.25999999999999,0.030340177750536317,-0.04087507196315487
1156500,64.60000000000001,0.04396284829721362,-0.030508474576271188
1157500,65.18,0.01564897207732433,-0.05686387133831131
1158500,64.74,0.0015446400988569664,-0.041406693136698806
1159500,65.06,-0.001537042729787888,-0.06353749284487693
1160500,65.96,-0.010309278350515464,-0.0681551116333725
1161500,66.18,-0.008159564823209429,-0.07273802483737433
1162500,65.16,0.020871700429711478,-0.04822043628013777
1163500,65.60000000000001,0.012195121951219513,-0.06279069767441861
1164500,64.92,0.01170671595810228,-0.04561003420752566
1165500,63.800000000000004,0.00877742946708464,-0.036464088397790057
1166500,64.08,0.009363295880149813,-0.01670378619153675
1167500,63.9,-0.005320813771517997,-0.013850415512465374
1168500,64.24,-0.016811955168119553,0.011185682326621925
1169500,64.14,-0.022762706579357656,0.012827663134411601
1170500,64.28,-0.002489110143123833,0.022396416573348264
1171500,65.0,-0.003076923076923077,-0.008
1172500,65.42,0.005808621216753286,-0.026026604973973393
1173500,65.32,0.054500918554807105,-0.05997693194925029
1174500,65.03999999999999,0.07749077490774908,-0.06407322654462243
1175500,65.0,0.06584615384615385,-0.06971428571428571
1176500,63.980000000000004,0.04720225070334479,-0.05052748473070516
1177500,63.080000000000005,0.04121750158528852,-0.01950162513542795
1178500,63.260000000000005,0.01991779955738223,-0.003810560696788242
1179500,63.480000000000004,0.006931316950220542,0.009857612267250822
1180500,63.18,0.022475466919911365,-0.010320478001086366
1181500,64.02,0.04654795376444861,-0.010561423012784881
1182500,64.58,0.0387116754413131,-0.011857707509881422
1183500,64.72,0.04758961681087762,-0.046485260770975055
1184500,66.08000000000001,0.04055690072639225,-0.05778301886792453
1185500,66.88,0.017942583732057416,-0.04106280193236715
1186500,68.94,0.0002901073397156948,-0.07276239536381197
1187500,72.42,-0.037282518641259324,-0.10804931109499638
1188500,72.02,-0.0547070258261594,-0.10364546104360257
1189500,73.4,-0.08065395095367847,-0.13233082706766916
1190500,72.7,-0.08335625859697386,-0.1282051282051282
1191500,70.12,-0.08841985168282944,-0.050870147255689425
1192500,66.8,-0.04491017964071856,-0.04819277108433735
1193500,66.94,-0.038541977890648345,-0.019963702359346643
1194500,64.05999999999999,0.00031220730565095225,-0.03060656649972176
1195500,63.800000000000004,0.015047021943573668,-0.028729281767955802
1196500,63.980000000000004,0.01594248202563301,-0.0838423098278734
1197500,64.44,0.02110490378646803,-0.05736782902137233
1198500,64.1,0.038377535101404056,-0.07409470752089137
1199500,64.42,0.04501707544240919,-0.04103428892636313
1200500,65.58,0.051540103690149434,-0.05287623474723998
1201500,65.7,0.060578386605783865,-0.046064139941690965
1202500,65.18,0.05492482356551089,-0.06260769672601953
1203500,65.22,0.049371358478994175,-0.08223116733755031
1204500,65.7,0.048401826484018265,-0.09037900874635568
1205500,65.38000000000001,0.026613643315998775,-0.07452339688041594
1206500,66.34,0.028640337654507086,-0.0540701128936423
1207500,67.96,0.031783402001177165,-0.05867665418227216
1208500,68.36,0.028671737858396724,-0.0050568900126422255
1209500,68.06,0.03732001175433441,-0.021916092673763307
1210500,71.08,0.09622960045019696,-0.07745504840940526
1211500,72.38,0.1290411715943631,-0.09775524981897175
1212500,70.06,0.13160148444190695,-0.07548430193720775
1213500,69.22,0.11008379081190407,-0.051332033788174136
1214500,69.82000000000001,0.12059581781724434,-0.04837640821736249
1215500,69.82000000000001,0.12116871956459467,-0.008614976805831677
1216500,70.3,0.13229018492176386,0.027609427609427608
1217500,70.94,0.13560755568085706,0.025464556090846524
1218500,71.44,0.16573348264277715,-0.025210084033613446
1219500,71.36,0.13621076233183857,-0.018156424581005588
1220500,68.24,0.07971864009378664,0.0012594458438287153
1221500,65.8,0.0425531914893617,-0.025730994152046785
1222500,66.02,0.0251438957891548,-0.028840494408475574
1223500,66.03999999999999,0.01635372501514234,-0.0176678445229682
1224500,65.74,0.013081837541831457,-0.014594279042615295
1225500,65.68,0.03349573690621194,-0.06177156177156177
1226500,65.84,0.018833535844471446,-0.07377049180327869
1227500,65.74,0.030727106784301794,-0.04845300642148278
1228500,65.08,0.03810694529809465,-0.029782359679266894
1229500,65.08,0.041180086047940996,-0.021764032073310423
1230500,64.60000000000001,0.02476780185758514,0.0022598870056497176
1231500,64.12,0.016219588271990017,0.033444816053511704
1232500,64.86,0.0070921985815602835,-0.001707455890722823
1233500,65.78,-0.0015202189115232593,-0.030976037405026302
1234500,65.5,0.007633587786259542,-0.03536231884057971
1235500,66.46,0.02678302738489317,-0.03995229576624926
1236500,66.53999999999999,0.03757138563270213,-0.041243275552898986
1237500,65.74,0.06966839062975358,-0.03561004086398132
1238500,64.38000000000001,0.06741223982603294,-0.03425042111173498
1239500,64.28,0.049782202862476664,-0.006718924972004479
1240500,64.16,0.03615960099750624,-0.005580357142857143
1241500,64.03999999999999,0.028107432854465958,-0.03337041156840934
1242500,63.839999999999996,0.002506265664160401,-0.02765486725663717
1243500,65.14,0.01934295363831747,-0.01663798049340218
1244500,65.8,0.01641337386018237,-0.04327485380116959
1245500,65.96,0.021224984839296544,-0.0564042303172738
1246500,66.47999999999999,0.029482551143200964,-0.05847255369928401
1247500,66.96,0.03106332138590203,-0.08837772397094432
1248500,67.42,0.008009492732126965,-0.09760589318600368
1249500,66.72,0.02817745803357314,-0.11899038461538461
1250500,66.24,0.01932367149758454,-0.11729857819905214
1251500,65.7,0.027092846270928464,-0.09154518950437318
1252500,65.18,0.027308990487879718,-0.06375646180356118
1253500,65.06,0.027359360590224407,-0.03377218088151116
1254500,65.46,0.021081576535288724,-0.0005790387955993051
1255500,65.12,0.025798525798525797,-0.0045871559633027525
1256500,64.60000000000001,0.019814241486068113,-0.021468926553672316
1257500,65.56,0.0,-0.013937282229965157
1258500,66.10000000000001,0.011800302571860818,-0.033628318584070796
1259500,66.66,0.007500750075007501,-0.04259148170365927
1260500,66.56,0.019831730769230768,-0.025119617224880382
1261500,67.30000000000001,0.02763744427934621,-0.045871559633027525
1262500,66.72,0.026378896882494004,-0.026442307692307692
1263500,66.03999999999999,0.026650514839491216,-0.015312131919905771
1264500,65.44,0.007334963325183374,0.010416666666666666
1265500,65.72,-0.017650639074863056,-0.0011668611435239206
1266500,65.64,-0.03351614868982328,0.03259604190919674
1267500,65.75999999999999,-0.015206812652068127,0.029205607476635514
1268500,65.52,-0.005494505494505495,0.016241299303944315
1269500,65.52,0.010378510378510378,0.0069605568445475635
1270500,65.08,0.02519975414874001,0.033218785796105384
1271500,65.10000000000001,0.04086021505376344,-0.010888252148997135
1272500,64.7,0.05471406491499227,-0.054957507082152975
1273500,64.62,0.056638811513463325,-0.07970604861503675
1274500,64.0,0.07125,-0.13
1275500,64.34,0.06372396642834939,-0.13965227145260797
1276500,64.36,0.041019266625233065,-0.06734006734006734
1277500,64.82,0.0212897253933971,-0.04377487208641274
1278500,64.74,0.008341056533827619,-0.0028360748723766306
1279500,65.06,-0.010759299108515216,0.02919290211791643
1280500,65.12,0.002457002457002457,0.06192660550458716
1281500,65.92,0.030946601941747573,0.03403755868544601
1282500,66.56,0.07151442307692307,0.017942583732057416
1283500,66.62,0.06394476133293306,-0.05452366686638706
1284500,66.72,0.08093525179856115,-0.07091346153846154
1285500,67.0,0.07283582089552239,-0.09212121212121212
1286500,65.66,0.069753274444106,-0.09609784507862551
1287500,64.74,0.035526722273710225,-0.07657402155416904
1288500,64.60000000000001,0.04086687306501548,-0.010169491525423728
1289500,64.22,0.048271566490189974,0.02850754611514813
1290500,64.64,0.054455445544554455,0.021493212669683258
1291500,65.08,0.03933620159803319,0.002290950744558992
1292500,65.28,0.034926470588235295,0.002304147465437788
1293500,65.7,0.039878234398782346,-0.0029154518950437317
1294500,66.58,0.012316010814058276,-0.028126870137642132
1295500,66.5,-0.014736842105263158,-0.017313432835820895
1296500,66.67999999999999,-0.013197360527894421,0.003601440576230492
1297500,65.88000000000001,0.0006071645415907711,-0.0023446658851113715
1298500,65.4,-0.001834862385321101,-0.026589595375722544
1299500,64.78,0.02315529484408768,-0.044860874503123226
1300500,64.58,0.036853515020130075,-0.06380575945793338
1301500,64.48,0.04900744416873449,-0.05630630630630631
1302500,65.78,0.03982973548190939,-0.055523085914669784
1303500,66.32000000000001,0.04161640530759952,-0.0344418052256532
1304500,66.06,0.027550711474417195,-0.02769593400117855
1305500,65.94,0.038519866545344256,-0.03464474456840869
1306500,65.32,0.03306797305572566,-0.029988465974625143
1307500,65.0,0.033846153846153845,-0.04228571428571429
1308500,65.58,0.051540103690149434,-0.06217315514235909
1309500,66.96,0.06690561529271206,-0.04600484261501211
1310500,67.14,0.06404527852249031,-0.033475349969567865
1311500,67.0,0.05253731343283582,-0.0496969696969697
1312500,66.44,0.060204695966285374,-0.04648390941597139
1313500,65.82000000000001,0.05195989061075661,-0.052077238150965474
1314500,64.98,0.04462911665127731,-0.05311250713877784
1315500,64.62,0.049829774063757354,-0.06387789711701526
1316500,65.56,0.05186089078706528,-0.06387921022067364
1317500,66.25999999999999,0.03893751886507697,-0.06224066390041494
1318500,64.88000000000001,0.02404438964241677,-0.03986332574031891
1319500,64.16,0.008728179551122194,-0.041294642857142856
1320500,63.7,0.0015698587127158557,-0.046831955922865015
1321500,62.13999999999999,-0.0016092693916961698,-0.027997886951928157
1322500,61.36000000000001,0.02607561929595828,-0.045548654244306416
1323500,61.760000000000005,0.03950777202072539,-0.0596234309623431
1324500,61.14000000000001,0.053974484789008834,-0.06227483273288729
1325500,61.0,0.06295081967213115,-0.03794871794871795
1326500,62.739999999999995,0.06152374880459037,-0.042404723564143855
1327500,63.800000000000004,0.015047021943573668,0.0
1328500,64.75999999999999,0.005558987029030266,0.01021566401816118
1329500,66.82000000000001,0.006884166417240347,0.0054249547920434
1330500,67.24,-0.000594883997620464,-0.013431013431013432
1331500,67.25999999999999,-0.003865596193874517,-0.04459376908979841
1332500,66.92,0.009563658099222952,-0.09794437726723096
1333500,67.66,0.0073898906296186815,-0.10451453308596166
1334500,67.62,0.00916888494528246,-0.10067943174799258
1335500,67.46,0.019270678920841982,-0.1038721573448064
1336500,66.14,0.03658905352283036,-0.09509746012994684
1337500,66.18,0.058325778180719254,-0.06091070372560615
1338500,65.12,0.07800982800982802,-0.0481651376146789
1339500,64.53999999999999,0.10009296560272699,-0.0580936266215454
1340500,64.34,0.08175318619832142,-0.0443073471676949
1341500,64.94,0.06991068678780413,-0.06217912150598973
1342500,64.82,0.044122184510953406,-0.05400795906765207
1343500,64.9,0.027426810477657937,-0.05413105413105413
1344500,65.5,-0.009465648854961832,-0.04811594202898551
1345500,67.14,-0.009830205540661306,-0.03956177723676202
1346500,67.88,-0.007071302298173247,0.0112079701120797
1347500,67.22,0.003867896459387087,0.004270896888346553
1348500,67.22,0.011008628384409401,-0.014032946918852958
1349500,66.7,0.02608695652173913,0.0006006006006006006
1350500,66.0,0.04181818181818182,-0.023529411764705882
1351500,65.74,0.0495892911469425,-0.043782837127845885
1352500,65.74,0.050806206267112866,-0.04261529480443666
1353500,65.9,0.04522003034901366,-0.026392961876832845
1354500,65.10000000000001,0.04331797235023042,-0.032664756446991405
1355500,65.72,0.030432136335970784,-0.015169194865810968
1356500,65.78,0.011857707509881422,0.013442431326709527
1357500,66.0,-0.0018181818181818182,0.024705882352941175
1358500,66.42,-0.018367961457392352,0.06730196545562835
1359500,67.82000000000001,-0.029194927749926276,0.10254816656308266
1360500,66.53999999999999,-0.024346257889990983,0.07471607890017933
1361500,66.44,-0.027694160144491272,0.05363528009535161
1362500,66.34,-0.029243292131444075,0.0421865715983363
1363500,65.96,-0.009702850212249849,-0.01410105757931845
1364500,65.46,-0.0015276504735716467,-0.038795599305153444
1365500,65.53999999999999,0.008849557522123894,-0.006384213580963436
1366500,65.94,0.00818926296633303,0.007633587786259542
1367500,67.4,-0.008902077151335312,0.04785276073619632
1368500,67.88,-0.015321154979375369,0.0759651307596513
1369500,67.36,-0.03147268408551069,0.10416666666666667
1370500,68.08,-0.046415981198589897,0.08771929824561403
1371500,68.06,-0.008521892447840141,0.08578584846587352
1372500,66.9,0.01763826606875934,0.03202416918429003
1373500,66.75999999999999,0.014979029358897543,0.02045728038507822
1374500,66.88,0.045454545454545456,0.014492753623188406
1375500,66.34,0.053361471208923726,0.010101010101010102
1376500,65.82000000000001,0.028258887876025523,0.0076067875950848445
1377500,65.2,0.04294478527607362,-0.022988505747126436
1378500,63.660000000000004,0.04555450832547911,-0.050082553659878924
1379500,62.739999999999995,0.03410902135798534,-0.05314009661835749
1380500,62.28,0.03018625561978163,-0.06468716861081654
1381500,62.38,0.02981724911830715,-0.06645401382243488
1382500,62.78,0.011787193373685887,-0.0338527673293928
1383500,66.12,-0.029643073200241985,-0.03778040141676505
1384500,68.12,-0.059307105108631825,-0.07779171894604768
1385500,69.46,-0.0734235531241002,-0.0504256712508186
1386500,69.06,-0.06979438169707501,-0.07692307692307693
1387500,68.58,-0.0667833187518227,-0.09229789942711648
1388500,66.32000000000001,-0.03618817852834741,-0.07007125890736342
1389500,64.86,-0.0070921985815602835,-0.0688673875924872
1390500,64.22,0.022111491747119277,-0.09334823923979876
1391500,64.42,0.008382489909965849,-0.07813378302417089
1392500,64.66,0.017012063099288585,-0.10243350311262026
1393500,64.74,0.03367315415508187,-0.12422007941009643
1394500,65.53999999999999,0.027158986878242294,-0.1085316308763784
1395500,65.84,0.02612393681652491,-0.09250585480093677
1396500,66.47999999999999,0.04332129963898917,-0.1026252983293556
1397500,67.12,0.045887961859356376,-0.06934306569343066
1398500,66.66,0.0429042904290429,-0.03179364127174565
1399500,66.36,0.038577456298975285,-0.028537455410225922
1400500,65.53999999999999,0.0320415013732072,-0.06674405107370865
1401500,65.7,0.029528158295281583,-0.05889212827988338
1402500,65.25999999999999,0.026049647563591787,-0.05814622913068509
1403500,66.14,0.005745388569700635,-0.06202008269344359
1404500,66.24,0.008454106280193236,-0.026066350710900472
1405500,67.46,-0.0026682478505781204,0.03380454824830977
1406500,66.16,0.0018137847642079807,0.028368794326241134
1407500,65.88000000000001,0.0036429872495446266,0.016412661195779603
1408500,65.88000000000001,0.030358227079538554,0.010550996483001172
1409500,66.0,0.03696969696969697,-0.04
1410500,65.72,0.05538648813146683,-0.06417736289381563
1411500,65.84,0.04860267314702309,-0.053864168618266976
1412500,66.94,0.06543172990737975,-0.06715063520871144
1413500,66.47999999999999,0.05956678700361011,-0.07995226730310262
1414500,66.0,0.07393939393939394,-0.09529411764705882
1415500,65.06,0.07039655702428528,-0.10360618202633086
1416500,65.42,0.08651788443900947,-0.13707345286292655
1417500,64.18,0.076347771891555,-0.12116136236739251
1418500,63.660000000000004,0.08576814326107446,-0.12603192074848651
1419500,63.78,0.06114769520225776,-0.09442297073440088
1420500,64.1,0.053978159126365055,-0.07520891364902507
1421500,63.980000000000004,0.04157549234135667,-0.032759578012215435
1422500,64.22,0.03456867019620056,-0.01732811626607043
1423500,65.2,0.0343558282208589,0.004597701149425287
1424500,65.4,0.03486238532110092,-0.0011560693641618498
1425500,65.75999999999999,0.0340632603406326,0.002336448598130841
1426500,67.0,0.023283582089552238,0.0048484848484848485
1427500,68.24,0.01875732708089097,0.021410579345088162
1428500,67.52,0.002962085308056872,0.02586206896551724
1429500,67.56,0.007104795737122558,0.016029593094944512
1430500,67.36,0.014251781472684086,-0.01715686274509804
1431500,65.84,0.027946537059538274,-0.03278688524590164
1432500,65.52,0.0231990231990232,-0.030162412993039442
1433500,65.18,0.013194231359312672,0.007466973004020678
1434500,65.03999999999999,0.007995079950799507,0.05034324942791762
1435500,64.34,-0.0046627292508548334,0.10936623667975323
1436500,64.86,-0.0077089115016959605,0.11895276038702333
1437500,64.03999999999999,-0.024984384759525295,0.12791991101223582
1438500,64.22,-0.01339146683276238,0.092230296254891
1439500,64.18,-0.008413836086008103,0.048576214405360134
1440500,64.88000000000001,-0.009247842170160296,0.02164009111617312
1441500,64.86,-0.013876040703052728,0.008537279453614115
1442500,64.68,0.004947433518862091,-0.0011325028312570782
1443500,64.66,0.029384472626043923,-0.025466893039049237
1444500,64.86,0.016342892383595438,0.01309049516220831
1445500,64.46,0.000930809804529941,0.032076533483398985
1446500,64.1,-0.00093603744149766,0.03732590529247911
1447500,64.68,0.004947433518862091,0.01698754246885617
1448500,65.03999999999999,-0.016605166051660517,0.03775743707093822
1449500,65.3,0.01807044410413476,0.016714697406340056
1450500,65.25999999999999,0.04688936561446522,-0.03626943005181347
1451500,65.68,0.04811205846528624,0.01048951048951049
1452500,65.18,0.03774163853942927,0.03963239517518667
1453500,64.84,0.0499691548426897,0.05688282138794084
1454500,64.42,0.04253337472834524,0.04440697020798201
1455500,64.52,0.03967761934283943,0.06200676437429538
1456500,64.42,0.040670599192797266,-0.034288926363125354
1457500,64.53999999999999,0.040594979857452744,-0.1020868584320361
1458500,63.660000000000004,0.021049324536600692,-0.13263621353880023
1459500,62.839999999999996,0.020369191597708464,-0.12917115177610333
1460500,62.82,0.01942056669850366,-0.11135018827326519
1461500,62.419999999999995,0.016981736622877282,-0.038850452368281004
1462500,62.03999999999999,0.018697614442295292,0.023182297154899896
1463500,62.72,0.02423469387755102,0.05150214592274678
1464500,63.42,0.02239041311888994,0.059595407326407876
1465500,63.12,0.030418250950570342,0.04338394793926247
1466500,63.82,0.04669382638671263,0.003869541182974019
1467500,64.25999999999999,0.02583255524431995,0.00391717963066592
1468500,64.5,0.03565891472868217,-0.011830985915492958
1469500,63.239999999999995,0.04680581910183428,-0.046789989118607184
1470500,62.339999999999996,0.07025986525505294,-0.0323951141795008
1471500,60.31999999999999,0.08753315649867374,-0.012096774193548387
1472500,59.160000000000004,0.1440162271805274,-0.0068560235063663075
1473500,57.78,0.16026306680512287,0.037423022264329704
1474500,57.440000000000005,0.149025069637883,0.09304511278195489
1475500,58.42,0.12084902430674427,0.07166907166907167
1476500,60.88,0.08541392904073587,0.08486707566462168
1477500,62.5,0.04064,0.06133333333333333
1478500,64.03999999999999,0.017489069331667707,0.03114571746384872
1479500,65.44,0.01039119804400978,0.005787037037037037
1480500,65.66,-0.0009137983551629607,0.0203843913803145
1481500,63.94,-0.008445417578980294,0.032723239046034386
1482500,63.38,0.016093404859577155,0.03659202621518296
1483500,63.260000000000005,0.023711666139740753,0.020141535111594992
1484500,63.68000000000001,0.035175879396984924,0.030837004405286344
1485500,63.9,0.04350547730829421,0.03933518005540166
1486500,67.24,0.007138607971445568,0.0
1487500,69.67999999999999,-0.040183696900114814,0.005277044854881266
1488500,69.44,-0.04377880184331797,-0.003926701570680628
1489500,69.17999999999999,-0.06042208730847066,-0.004542504866969501
1490500,68.34,-0.06643254316652034,-0.013265950726468731
1491500,66.12,-0.024198427102238355,-0.0023612750885478157
1492500,63.85999999999999,0.00845599749451926,-0.018262313226342003
1493500,64.4,0.009937888198757764,-0.024719101123595506
1494500,64.74,0.030583873957367932,-0.033465683494044246
1495500,66.3,0.02503770739064857,-0.012462908011869436
1496500,66.25999999999999,0.020827044974343494,-0.002963841138114997
1497500,67.10000000000001,0.025931445603576752,0.0006079027355623101
1498500,67.25999999999999,0.03062741599762117,0.018937080024434942
1499500,67.36,0.01840855106888361,-0.00857843137254902
1500500,67.02,0.025365562518651148,-0.044269254093389936
1501500,66.9,0.01763826606875934,-0.036858006042296075
1502500,66.06,0.034816833181955796,-0.05833824395992929
1503500,65.78,0.029492246883551232,-0.07188778492109878
1504500,65.42,0.03087740752063589,-0.07692307692307693
1505500,65.2,0.044171779141104296,-0.06896551724137931
1506500,65.10000000000001,0.054377880184331796,-0.07736389684813753
1507500,65.5,0.04183206106870229,-0.0782608695652174
1508500,65.68,0.05237515225334957,-0.08041958041958042
1509500,65.72,0.06390748630553865,-0.06417736289381563
1510500,65.22,0.05366452008586323,-0.06152961472110408
1511500,65.56,0.05552165954850519,-0.07317073170731707
1512500,65.44,0.053178484107579464,-0.08217592592592593
1513500,65.62,0.041755562328558364,-0.07853403141361257
1514500,66.08000000000001,0.024818401937046004,-0.08844339622641509
1515500,65.96,0.02850212249848393,-0.06933019976498238
1516500,64.84,0.02961135101789019,-0.06370875995449374
1517500,64.16,0.029301745635910224,-0.03794642857142857
1518500,62.94,0.03463616142357801,-0.02644360496492175
1519500,61.980000000000004,0.05195224265892223,-0.017359284587059442
1520500,61.739999999999995,0.0463232912212504,-0.02770517511761631
1521500,61.739999999999995,0.03206997084548105,-0.017250392054364874
1522500,61.06,0.019325253848673438,-0.005649717514124294
1523500,61.06,0.021290533901080905,-0.011813045711350795
1524500,60.699999999999996,0.010873146622734762,0.0015267175572519084
1525500,60.68,0.008569545154911009,-0.014242115971515769
1526500,60.88,0.023653088042049936,-0.019427402862985686
1527500,61.86000000000001,0.046880051729712255,-0.0047194546407970635
1528500,62.160000000000004,0.04118404118404118,-0.007399577167019027
1529500,62.160000000000004,0.030244530244530245,-0.023255813953488372
1530500,63.18,0.025007913896802784,-0.005975013579576317
1531500,63.4,-0.0037854889589905363,0.01092896174863388
1532500,62.8,-0.01337579617834395,-0.03333333333333333
1533500,63.13999999999999,-0.023756731073804244,-0.0363537710255019
1534500,64.12,-0.016219588271990017,-0.0379041248606466
1535500,63.580000000000005,-0.028625353884869455,-0.023613399231191653
1536500,63.800000000000004,-0.012539184952978056,-0.05966850828729282
1537500,64.46,-0.006515668631709587,-0.0039392234102419805
1538500,64.58,0.004645401052957572,0.0016939582156973462
1539500,64.28,0.0,0.04143337066069429
1540500,64.2,0.02679127725856698,0.0067039106145251395
1541500,63.980000000000004,0.01469209127852454,0.02387562465297057
1542500,63.480000000000004,0.01575299306868305,-0.019715224534501644
1543500,62.839999999999996,0.021642266072565246,-0.02691065662002153
1544500,62.82,0.013053167780961477,-0.04895104895104895
1545500,61.660000000000004,0.007460265974699967,-0.023474178403755867
1546500,62.36000000000001,0.025657472738935216,-0.02763018065887354
1547500,63.580000000000005,0.02485058194400755,-0.04118616144975288
1548500,64.66,0.010207237859573151,-0.0311262026032824
1549500,65.44,0.028728606356968216,-0.05787037037037037
1550500,67.74,0.0014762326542663124,-0.056416615003099815
1551500,68.36,0.0011702750146284377,-0.05815423514538559
1552500,68.46,0.0008764241893076249,-0.033608116677235254
1553500,68.88,0.01684088269454123,-0.030848329048843187
1554500,68.92,0.00812536273940801,-0.011583011583011582
1555500,68.47999999999999,0.0344626168224299,-0.011421319796954314
1556500,67.58,0.0328499556081681,0.012954966070326958
1557500,67.54,0.024578027835356824,0.027726432532347505
1558500,67.7,0.026883308714918758,0.013003095975232198
1559500,67.62,0.04288671990535345,-0.010500308832612723
1560500,66.88,0.02033492822966507,-0.030193236714975844
1561500,67.06,0.03370116313748882,-0.03825136612021858
1562500,66.58,0.04535896665665365,-0.03291442250149611
1563500,66.02,0.023326264768252045,-0.02177751618599176
1564500,65.2,0.020858895705521473,0.006896551724137931
1565500,65.96,0.03274711946634324,0.036427732079905996
1566500,65.7,0.0350076103500761,0.0239067055393586
1567500,65.12,0.0343980343980344,0.006880733944954129
1568500,64.74,0.048501699104108745,0.0028360748723766306
1569500,64.58,0.04428615670486219,-0.024280067758328628
1570500,66.4,0.006626506024096385,-0.075
1571500,68.10000000000001,-0.04140969162995595,-0.08338557993730407
1572500,68.34,-0.04711735440444834,-0.08022741629816804
1573500,69.08,-0.04863925883034163,-0.05304010349288486
1574500,70.02000000000001,-0.04770065695515567,-0.02601734489659773
1575500,68.42,0.007307804735457469,-0.04116529449018366
1576500,68.64,0.053613053613053616,-0.06377551020408163
1577500,69.26,0.05861969390701704,-0.07612231620039037
1578500,68.4,0.05964912280701754,-0.08481012658227848
1579500,67.97999999999999,0.05148573109738158,-0.0868207370393504
1580500,67.92,0.030624263839811542,-0.04488778054862843
1581500,67.25999999999999,0.02824858757062147,-0.022602321319486866
1582500,67.5,0.01925925925925926,-0.019076923076923078
1583500,68.54,0.018967026553837175,-0.012078830260648443
1584500,68.67999999999999,0.009900990099009901,0.017879948914431672
1585500,67.86,0.008547008547008548,0.04044803982576229
1586500,66.82000000000001,0.01765938341813828,0.02591922845087402
1587500,66.60000000000001,0.015015015015015015,0.03832335329341317
1588500,65.5,0.015572519083969465,0.021449275362318842
1589500,65.14,0.04636168252993552,-0.012048192771084338
1590500,66.0,0.06303030303030303,-0.0611764705882353
1591500,65.56,0.05491153142159853,-0.05574912891986063
1592500,65.03999999999999,0.06396063960639606,-0.05377574370709382
1593500,65.44,0.06234718826405868,-0.041666666666666664
1594500,65.58,0.05275998780115889,-0.04590354445090064
1595500,65.62,0.0521182566290765,-0.02152414194299011
1596500,66.62,0.06634644250975683,-0.02696225284601558
1597500,66.34,0.06300874283991559,-0.021984551396316103
1598500,66.22,0.05406221685291453,-0.013617525162818236
1599500,66.64,0.05222088835534214,0.008393285371702638
1600500,66.03999999999999,0.039975772259236826,0.0
1601500,65.75999999999999,0.015206812652068127,0.015186915887850467
1602500,65.58,0.0259225373589509,0.007553747821034283
1603500,65.94,0.055505004549590536,-0.04873752201996477
1604500,65.53999999999999,0.045468416234360695,-0.06790481717933837
1605500,64.92,0.022181146025878003,-0.06955530216647662
1606500,63.9,0.016588419405320815,-0.08365650969529086
1607500,64.24,0.0012453300124533001,-0.09843400447427293
1608500,65.02,-0.03598892648415872,-0.06918238993710692
1609500,64.72,-0.032756489493201486,-0.06689342403628118
1610500,65.4,-0.01529051987767584,-0.03236994219653179
1611500,65.58,-0.014943580359865812,0.02149912841371296
1612500,65.60000000000001,-0.007926829268292683,0.03953488372093023
1613500,63.85999999999999,0.012214218603194488,0.040398450470392915
1614500,64.22,0.017128620367486764,0.046394633873672445
1615500,63.68000000000001,0.028894472361809045,0.02753303964757709
1616500,66.14,0.0009071666162685213,-0.032486709982279975
1617500,67.34,-0.019305019305019305,-0.04102878138395591
1618500,68.47999999999999,-0.02453271028037383,-0.04949238578680203
1619500,68.46,-0.04119193689745837,-0.03614457831325301
1620500,68.74,-0.04684317718940937,-0.03390914907229686
1621500,66.84,-0.019748653500897665,-0.012062726176115802
1622500,66.10000000000001,-0.009984871406959153,-0.03008849557522124
1623500,65.8,-0.01702127659574468,-0.03625730994152047
1624500,65.88000000000001,0.0012143290831815423,-0.07151230949589683
1625500,65.74,0.003954974140553696,-0.09048453006421482
1626500,66.18,0.003928679359323058,-0.08456534594914251
1627500,66.53999999999999,0.009918845807033363,-0.07710699342498506
1628500,67.0,0.005373134328358209,-0.06181818181818182
1629500,69.69999999999999,-0.03472022955523673,-0.09306930693069307
1630500,72.42,-0.06931786799226733,-0.12255257432922408
1631500,74.88,-0.11164529914529915,-0.13853503184713375
1632500,74.98,-0.1443051480394772,-0.11750599520383694
1633500,74.53999999999999,-0.1269117252481889,-0.15946582875098192
1634500,74.03999999999999,-0.12317666126418152,-0.14175654853620956
1635500,74.5,-0.14523489932885905,-0.06666666666666667
1636500,71.3,-0.13772791023842917,-0.0397212543554007
1637500,70.67999999999999,-0.1177136389360498,-0.0068212824010914054
1638500,70.54,-0.12163311596257442,0.0047522063815342835
1639500,68.78,-0.09392265193370165,0.05060858424087124
1640500,66.32000000000001,-0.047044632086851626,0.07838479809976247
1641500,66.88,0.0011961722488038277,0.07246376811594203
1642500,67.04,0.015513126491646777,0.04611650485436893
1643500,67.22,0.0050580184468908065,0.09701037217815742
1644500,67.42,-0.0026698309107089885,0.10374462860650706
1645500,65.82000000000001,0.006988757216651474,0.05558806319485079
1646500,64.7,0.00401854714064915,0.06515580736543909
1647500,65.06,0.014448201660006148,0.07727532913566114
1648500,64.72,0.019777503090234856,0.06235827664399093
1649500,64.25999999999999,0.013383131030189854,0.06547285954113038
1650500,65.84,0.023693803159173753,0.04566744730679157
1651500,66.56,0.02403846153846154,0.045454545454545456
1652500,65.38000000000001,0.01743652493117161,0.021374927787406125
1653500,66.53999999999999,0.0009017132551848512,0.00657501494321578
1654500,67.04,-0.0053699284009546535,-0.007281553398058253
1655500,66.7,0.0002998500749625187,-0.018618618618618618
1656500,67.28,-0.0089179548156956,-0.05134474327628362
1657500,67.24,-0.021415823914336704,-0.0231990231990232
1658500,66.24,0.0006038647342995169,-0.015402843601895734
1659500,65.62,0.021030173727522097,-0.012216404886561954
1660500,65.94,0.0075826508947528055,0.017028772753963594
1661500,65.22,0.012572830420116528,0.01897642323174238
1662500,65.16,0.03376304481276857,-0.03444316877152698
1663500,64.75999999999999,0.028412600370599134,-0.05902383654937571
1664500,63.78,0.029789902790843526,-0.07454445057979017
1665500,63.92,0.029411764705882353,-0.05543237250554324
1666500,64.4,0.02857142857142857,-0.060674157303370786
1667500,65.08,0.027043638598647817,-0.024054982817869417
1668500,65.84,0.0212636695018226,-0.00468384074941452
1669500,66.75999999999999,0.025164769322947873,-0.018050541516245487
1670500,66.38,0.024404941247363664,-0.04818560380725759
1671500,65.78,0.022195196108239588,-0.007597895967270602
1672500,65.84,0.0212636695018226,-0.00702576112412178
1673500,65.44,0.023838630806845965,-0.011574074074074073
1674500,65.4,0.010397553516819572,0.027745664739884393
1675500,65.3,0.04318529862174579,0.012103746397694525
1676500,65.78,0.056856187290969896,-0.008766803039158387
1677500,64.46,0.051194539249146756,-0.05571187394485087
1678500,63.38,0.06532029031240139,-0.08793009284543965
1679500,63.239999999999995,0.06704617330803289,-0.060935799782372145
1680500,63.94,0.027213012198936504,-0.04936217415418746
1681500,64.56,0.015489467162329617,-0.06772009029345373
1682500,65.64,-0.0006093845216331506,-0.025611175785797437
1683500,67.38,-0.010982487384980706,0.05702023298589822
1684500,67.72,-0.008860011813349085,0.03469640644361834
1685500,67.14,0.016383675901102176,0.041996348143639686
1686500,66.72,0.03297362110311751,0.03245192307692308
1687500,66.34,0.04733192643955381,0.0196078431372549
1688500,65.16,0.04542664211172499,-0.018369690011481057
1689500,62.44,0.049967969250480464,-0.04472843450479233
1690500,60.06,0.029637029637029636,-0.06559839759639459
1691500,57.68,0.02912621359223301,-0.06521739130434782
1692500,57.16,0.02939118264520644,-0.056022408963585436
1693500,55.559999999999995,0.028077753779697623,-0.05310531053105311
1694500,56.379999999999995,0.025186236253990777,-0.03897294818890417
1695500,56.44,0.029057406094968107,-0.03948576675849403
1696500,57.64,0.018736988202637056,-0.0018885741265344666
1697500,58.48,0.015047879616963064,0.029865125240847785
1698500,59.0,0.03254237288135593,0.0224390243902439
1699500,60.919999999999995,0.043992120814182537,-0.0030706243602865915
1700500,62.980000000000004,0.04858685296919657,-0.014586709886547812
1701500,63.339999999999996,0.038206504578465424,-0.028914348063284235
1702500,64.0,0.034375,-0.06222222222222222
1703500,65.03999999999999,0.027675276752767528,-0.07437070938215103
1704500,64.0,0.004375,-0.03888888888888889
1705500,63.9,0.008450704225352112,-0.012742382271468145
1706500,64.14,0.027128157156220765,-0.044060234244283326
1707500,63.260000000000005,0.04521024343977237,-0.07675557974959173
1708500,63.339999999999996,0.046416166719292704,-0.07801418439716312
1709500,63.68000000000001,0.055904522613065326,-0.08370044052863436
1710500,62.419999999999995,0.036847164370394106,-0.0920702501330495
1711500,61.88,0.01616031027795734,-0.046169989506820566
1712500,61.94,0.01517597675169519,-0.01839201261166579
1713500,61.18,0.0049035632559660015,-0.01287995878413189
1714500,60.919999999999995,0.001969796454366382,-0.019447287615148412
1715500,61.739999999999995,0.011337868480725623,-0.024568740198640877
1716500,62.260000000000005,0.013813042081593318,-0.05246422893481717
1717500,62.8,0.0025477707006369425,-0.06129032258064516
1718500,63.6,0.020754716981132074,-0.06153846153846154
1719500,64.18,0.04019943907759427,-0.07649357900614182
1720500,65.25999999999999,0.04872816426601287,-0.06620610247553253
1721500,66.0,0.052121212121212124,-0.06941176470588235
1722500,66.32000000000001,0.0367913148371532,-0.057007125890736345
1723500,67.30000000000001,0.041307578008915304,-0.05076452599388379
1724500,68.58,0.03762029746281715,-0.04519414385741566
1725500,68.22,0.02609205511580182,-0.02328508495909377
1726500,66.44,0.008428657435279952,-0.007151370679380214
1727500,65.44,0.017114914425427872,-0.024305555555555556
1728500,64.08,-0.003121098626716604,-0.0200445434298441
1729500,62.660000000000004,0.013724864347270986,-0.03160149973219068
1730500,62.6,0.023642172523961662,-0.04919786096256684
1731500,63.519999999999996,0.045969773299748114,-0.06140350877192982
1732500,64.7,0.05904173106646059,-0.05042492917847025
1733500,64.88000000000001,0.06720098643649815,-0.06378132118451026
1734500,65.14,0.040221062327295054,-0.043029259896729774
1735500,64.62,0.03497369235530796,-0.02430751837196156
1736500,64.22,0.025225786359389598,-0.03186137506987144
1737500,63.580000000000005,0.027996225228059137,-0.022515101592531575
1738500,64.5,0.024496124031007753,0.0005633802816901409
1739500,65.64,0.009140767824497258,0.01629802095459837
1740500,66.03999999999999,0.029678982434887948,-0.028268551236749116
1741500,66.58,0.032742565334935414,-0.010173548773189706
1742500,66.18,0.02931399214264128,-0.02897693672383205
1743500,65.18,0.011966861000306842,-0.02929350947731189
1744500,63.88,0.028804007514088917,-0.047619047619047616
1745500,63.9,0.019092331768388107,-0.003878116343490305
1746500,64.22,0.00903145437558393,-0.0072666294019005035
1747500,64.46,-0.004654049022649705,0.04108047270680923
1748500,64.32,0.006218905472636816,0.043721973094170405
1749500,63.7,0.02040816326530612,0.02699724517906336
1750500,62.92,-0.0050858232676414495,0.005393743257820928
1751500,63.160000000000004,-0.015199493350221659,0.029315960912052116
1752500,63.1,0.0003169572107765452,-0.0027100271002710027
1753500,63.7,0.005337519623233909,-0.013774104683195593
1754500,64.36,-0.002486016159105034,0.0
1755500,64.8,0.012345679012345678,0.05
1756500,64.14,0.026504521359526037,0.03625209146681539
1757500,63.62,0.019805092738132662,0.036833424958768554
1758500,63.63999999999999,0.030798240100565682,-0.022002200220022004
1759500,63.38,0.017355632691700852,-0.011469142545057346
1760500,63.22,0.01676684593483075,-0.0734094616639478
1761500,63.56,0.027061044682190057,-0.07244785949506037
1762500,64.5,0.03689922480620155,-0.09408450704225352
1763500,64.2,0.02118380062305296,-0.034636871508379886
1764500,64.60000000000001,0.03900928792569659,-0.030508474576271188
1765500,65.74,0.03742013994523882,0.002918855808523059
1766500,66.0,0.03090909090909091,-0.001176470588235294
1767500,64.88000000000001,0.007398273736128237,0.02733485193621868
1768500,64.64,0.025371287128712873,0.003393665158371041
1769500,64.2,0.02554517133956386,-0.0111731843575419
1770500,63.46000000000001,0.03309171131421368,0.0005473453749315818
1771500,63.0,0.04317460317460318,0.03891891891891892
1772500,63.519999999999996,0.05793450881612091,0.01644736842105263
1773500,64.4,0.043478260869565216,0.035955056179775284
1774500,65.86,0.025204980261160036,0.02870533099004101
1775500,67.58,0.037585084344480615,-0.030228254164096236
1776500,69.16,0.04048582995951417,-0.11932555123216602
1777500,69.76,0.05447247706422018,-0.0873015873015873
1778500,69.17999999999999,0.03613761202659728,-0.020116807268007787
1779500,69.04,0.02085747392815759,0.006459948320413436
1780500,67.24,-0.007138607971445568,0.07326007326007326
1781500,65.52,-0.0030525030525030525,0.06264501160092807
1782500,65.02,-0.012611504152568441,0.025728987993138937
1783500,65.3,0.011944869831546707,-0.05014409221902017
1784500,65.14,0.038378876266502916,-0.06368330464716007
1785500,65.64,0.051188299817184646,-0.1140861466821886
1786500,66.25999999999999,0.07093268940537277,-0.13100177830468288
1787500,66.72,0.08213429256594725,-0.13581730769230768
1788500,67.14,0.08608876973488233,-0.09920876445526476
1789500,66.75999999999999,0.09466746554823248,-0.11913357400722022
1790500,66.56,0.09615384615384616,-0.1076555023923445
1791500,66.12,0.05565638233514821,-0.05194805194805195
1792500,65.88000000000001,0.04796599878567092,-0.038686987104337635
1793500,65.86,0.031885818402672336,-0.04510837727006444
1794500,66.36,0.02652200120554551,-0.03329369797859691
1795500,66.9,0.030194319880418534,-0.00906344410876133
1796500,67.2,0.03630952380952381,-0.014634146341463415
1797500,67.75999999999999,0.02538370720188902,-0.02481389578163772
1798500,68.0,0.03294117647058824,-0.03
1799500,66.67999999999999,0.020395920815836834,-0.028811524609843937
1800500,65.98,0.004546832373446499,-0.025279247501469725
1801500,65.78,0.016114320462146548,-0.04032729398012858
1802500,65.32,0.026331904470300063,-0.04498269896193772
1803500,65.06,0.03781125115278205,-0.057813394390383514
1804500,65.92,0.054004854368932036,-0.07981220657276995
1805500,65.7,0.060578386605783865,-0.12653061224489795
1806500,65.53999999999999,0.05767470247177296,-0.10621009866511898
1807500,66.3,0.06666666666666667,-0.11928783382789318
1808500,66.3,0.07209653092006033,-0.11097922848664689
1809500,65.52,0.06471306471306472,-0.08236658932714618
1810500,65.56,0.09090909090909091,-0.06039488966318235
1811500,65.12,0.09090909090909091,-0.11697247706422019
1812500,64.62,0.06654286598576292,-0.05596382136800452
1813500,64.08,0.04369538077403246,-0.0757238307349666
1814500,64.9,0.051463790446841295,-0.06552706552706553
1815500,65.03999999999999,0.014145141451414513,-0.04233409610983982
1816500,65.52,0.013431013431013432,-0.024361948955916472
1817500,65.10000000000001,0.021812596006144394,-0.07277936962750717
1818500,65.84,0.020656136087484813,-0.03747072599531616
1819500,66.64,0.0,-0.008393285371702638
1820500,67.30000000000001,0.008023774145616641,0.005504587155963303
1821500,67.60000000000001,-0.010059171597633136,0.08641975308641975
1822500,67.30000000000001,-0.012184249628528975,0.13761467889908258
1823500,65.94,0.003942978465271459,0.14151497357604229
1824500,64.18,0.003427859146151449,0.14461194863204913
1825500,63.6,0.0031446540880503146,0.13736263736263737
1826500,63.0,0.013333333333333334,0.11459459459459459
1827500,63.85999999999999,0.009082367679298466,0.09352517985611511
1828500,64.62,-0.017641597028783658,0.07066139061616733
1829500,65.9,-0.002731411229135053,0.031085043988269796
1830500,66.03999999999999,-0.006662628709872804,0.04240282685512368
1831500,66.38,-0.008737571557698103,0.0529446757882213
1832500,65.53999999999999,0.003967043027158987,0.06790481717933837
1833500,66.06,0.02452316076294278,0.07012374779021803
1834500,65.68,0.03227771010962241,0.054778554778554776
1835500,65.56,0.044539353264185476,0.026713124274099883
1836500,65.84,0.04556500607533415,0.02459016393442623
1837500,66.62,0.05253677574302011,-0.022168963451168363
1838500,66.46,0.0550707192296118,-0.03637447823494335
1839500,65.78,0.049559136515658256,0.020455873758036237
1840500,65.66,0.04843131282363692,0.030867792661619105
1841500,65.53999999999999,0.06072627403112603,-0.016831108531630876
1842500,65.42,0.04616325282788138,0.017929438982070563
1843500,65.48,0.03481979230299328,0.03360370799536501
1844500,65.8,0.03221884498480243,-0.021052631578947368
1845500,65.9,0.0330804248861912,-0.025219941348973606
1846500,66.32000000000001,0.015681544028950542,0.0
1847500,65.84,0.010328068043742407,-0.02224824355971897
1848500,65.92,0.0024271844660194173,-0.011737089201877934
1849500,65.24,-0.0061312078479460455,0.03452243958573072
1850500,64.62,-0.012070566388115135,0.06387789711701526
1851500,64.56,-0.006815365551425031,0.08690744920993228
1852500,65.32,-0.00612369871402327,0.09688581314878893
1853500,63.959999999999994,0.01125703564727955,0.07436182019977802
1854500,64.60000000000001,0.0030959752321981426,0.0192090395480226
1855500,65.3,0.0021439509954058193,-0.03170028818443804
1856500,65.53999999999999,0.016783643576441867,-0.08995937318630295
1857500,64.92,0.018484288354898338,-0.10148232611174458
1858500,66.56,0.009014423076923076,-0.11244019138755981
1859500,67.44,0.027876631079478055,-0.11056511056511056
1860500,67.44,0.026690391459074734,-0.08845208845208845
1861500,68.2,-0.011143695014662757,-0.05408805031446541
1862500,70.34,-0.06113164628945124,-0.037086985839514496
1863500,69.96,-0.058319039451114926,-0.018641810918774968
1864500,70.44,-0.06927881885292447,-0.0027063599458728013
1865500,71.17999999999999,-0.07726889575723518,0.01179736294240111
1866500,70.44,-0.05394662123793299,0.02435723951285521
1867500,69.84,-0.0143184421534937,0.023872679045092837
1868500,70.54,-0.017862205840657782,0.031907671418873046
1869500,69.82000000000001,-0.005442566599828129,0.04970178926441352
1870500,70.16,0.006271379703534778,0.0388739946380697
1871500,70.38,0.0008525149190110827,0.01688048615800135
1872500,69.28,0.017321016166281754,-0.0026041666666666665
1873500,68.4,0.04269005847953217,-0.039240506329113925
1874500,68.66,0.07253131371977863,-0.07849393746011486
1875500,68.06,0.10020570085218924,-0.1158422041327489
1876500,67.78,0.16966656830923577,-0.17939168218497828
1877500,67.82000000000001,0.23680330286051313,-0.24549409571162212
1878500,67.86,0.2543471853816681,-0.2594897324206596
1879500,66.62,0.2194536175322726,-0.22588376273217495
1880500,66.42,0.2399879554351099,-0.22930315664085765
1881500,65.8,0.2170212765957447,-0.19883040935672514
1882500,65.2,0.18895705521472392,-0.17126436781609194
1883500,64.8,0.19135802469135801,-0.17386363636363636
1884500,64.88000000000001,0.23304562268803947,-0.20501138952164008
1885500,64.1,0.19126365054602185,-0.1799442896935933
1886500,63.92,0.15331664580725907,-0.12971175166297116
1887500,64.32,0.15982587064676618,-0.13452914798206278
1888500,63.800000000000004,0.1554858934169279,-0.13370165745856355
1889500,63.46000000000001,0.12322722975102426,-0.12315270935960591
1890500,63.92,0.1195244055068836,-0.11862527716186252
1891500,64.22,0.11491747119277483,-0.13806595863610957
1892500,64.66,0.059696875966594495,-0.0933786078098472
1893500,65.74,0.05141466382719805,-0.0694687682428488
1894500,65.68,0.06029232643118149,-0.06177156177156177
1895500,66.25999999999999,0.06489586477512828,-0.00889152341434499
1896500,65.98,0.07365868444983328,0.008818342151675485
1897500,64.68,0.0655534941249227,0.015855039637599093
1898500,64.7,0.030602782071097373,0.03002832861189802
1899500,64.8,0.013580246913580247,0.02727272727272727
1900500,64.58,0.02446577887890988,-0.054771315640880856
1901500,65.16,0.03130755064456722,-0.08725602755453502
1902500,66.18,0.028105167724388033,-0.08219988172678888
1903500,66.18,0.0371713508612874,-0.08101714961561206
1904500,65.94,0.04094631483166515,-0.0358191426893717
1905500,65.12,0.03624078624078624,0.0194954128440367
1906500,64.64,0.025371287128712873,0.04072398190045249
1907500,64.5,0.04992248062015504,0.017464788732394366
1908500,64.46,0.05243561898852001,0.011817670230725942
1909500,64.96,0.04433497536945813,0.02054794520547945
1910500,64.9,0.03913713405238829,0.015384615384615385
1911500,65.7,0.03866057838660578,0.007580174927113703
1912500,65.3,0.03950995405819296,0.025936599423631124
1913500,64.22,0.04640298972282778,0.03186137506987144
1914500,65.22,0.05918429929469488,0.0005750431282346176
1915500,66.5,0.05443609022556391,-0.01373134328358209
1916500,66.24,0.07065217391304347,-0.014218009478672985
1917500,66.52,0.07516536380036079,-0.03345280764635603
1918500,68.02,0.06733313731255514,-0.011882426516572859
1919500,67.12,0.06912991656734208,-0.02068126520681265
1920500,65.7,0.06362252663622527,-0.03323615160349854
1921500,65.36,0.03610771113831089,-0.010392609699769052
1922500,64.66,0.02443550881534179,0.008488964346349746
1923500,63.6,0.018867924528301886,-0.00989010989010989
1924500,64.03999999999999,0.019987507807620236,-0.004449388209121246
1925500,65.16,0.06015960712093309,-0.030998851894374284
1926500,64.72,0.10815822002472188,-0.07369614512471655
1927500,64.94,0.09208500153988297,-0.08271534512264689
1928500,65.03999999999999,0.0984009840098401,-0.02288329519450801
1929500,64.68,0.07977736549165121,0.01812004530011325
1930500,64.84,0.03948180135718692,0.04436860068259386
1931500,65.06,-0.00522594528127882,0.08414424728105323
1932500,64.82,0.009564949089787103,0.0869812393405344
1933500,64.7,-0.005873261205564142,-0.009631728045325779
1934500,64.7,-0.008964451313755796,-0.04362606232294618
1935500,63.75999999999999,-0.01191969887076537,-0.03532008830022075
1936500,63.85999999999999,0.004697776385844034,-0.039291643608190374
1937500,64.48,0.02357320099255583,-0.04391891891891892
1938500,65.62,0.0521182566290765,-0.005235602094240838
1939500,65.9,0.08163884673748104,-0.015835777126099706
1940500,67.12,0.09654350417163289,-0.023114355231143552
1941500,67.38,0.07272187592757495,-0.005518087063151441
1942500,68.0,0.05529411764705883,0.03125
1943500,67.82000000000001,0.05042760247714539,0.031696706028589185
1944500,67.94,0.04327347659699735,0.024329382407985028
1945500,66.96,0.026284348864994027,0.043583535108958835
1946500,66.78,0.04582210242587601,0.027092113184828417
1947500,67.28,0.03388822829964328,-0.007334963325183374
1948500,66.24,0.018115942028985508,-0.016587677725118485
1949500,66.34,0.005728067530901417,-0.0005941770647653001
1950500,67.42,0.010975971521803619,-0.020257826887661142
1951500,67.52,-0.0005924170616113745,-0.02586206896551724
1952500,65.84,0.013365735115431349,-0.026932084309133488
1953500,66.10000000000001,0.012405446293494705,-0.0359882005899705
1954500,64.60000000000001,0.01238390092879257,-0.03954802259887006
1955500,63.160000000000004,0.01013299556681444,-0.01737242128121607
1956500,62.980000000000004,0.0193712289615751,-0.008103727714748784
1957500,64.28,0.02924704418170504,0.0011198208286674132
1958500,64.3,0.039502332814930013,0.0005602240896358543
1959500,65.16,0.047268262737875995,0.01951779563719862
1960500,65.53999999999999,0.03753433018004272,0.05049332559489263
1961500,66.44,0.03371462974111981,0.04767580452920143
1962500,66.84,0.008976660682226212,0.08685162846803378
1963500,66.88,0.008373205741626795,0.13526570048309178
1964500,66.42,-0.0057211683227943394,0.15306730196545562
1965500,66.28,0.013277006638503319,0.13641755634638197
1966500,65.4,0.01834862385321101,0.11098265895953757
1967500,64.64,0.028465346534653466,0.0757918552036199
1968500,64.44,0.0186219739292365,0.04161979752530934
1969500,65.4,0.022629969418960245,0.013872832369942197
1970500,65.60000000000001,-0.0006097560975609756,-0.009302325581395349
1971500,66.38,-0.023199758963543236,0.018441403926234383
1972500,66.53999999999999,-0.03576795912233243,0.042438732815301854
1973500,66.7,-0.035082458770614694,0.016216216216216217
1974500,66.58,-0.027936317212376088,-0.0005984440454817474
1975500,66.44,-0.018663455749548464,0.003575685339690107
1976500,65.18,0.003988953666768947,-0.028144744399770247
1977500,64.2,0.012461059190031152,-0.053631284916201116
1978500,64.56,0.02540272614622057,-0.025959367945823927
1979500,64.52,0.0328580285182889,-0.010146561443066516
1980500,63.54,0.09726156751652502,-0.012616566099835436
1981500,62.739999999999995,0.10742747848262671,-0.003757380568974772
1982500,62.92,0.09853782581055308,-0.0010787486515641855
1983500,61.8,0.09320388349514563,-0.020942408376963352
1984500,61.4,0.09446254071661238,-0.05284974093264249
1985500,61.58,0.04579408898993179,-0.04424778761061947
1986500,62.739999999999995,0.027733503347146957,-0.0499194847020934
1987500,63.160000000000004,0.03483217226092464,-0.07057546145494029
1988500,66.96,-0.01971326164874552,-0.04600484261501211
1989500,69.64,-0.07811602527283171,0.003952569169960474
1990500,71.32,-0.10431856421761077,-0.005578800557880056
1991500,71.48,-0.09960828203693341,-0.009817671809256662
1992500,71.08,-0.10354530106921778,0.012448132780082987
1993500,67.92,-0.06949352179034157,-0.012468827930174564
1994500,65.56,-0.018303843807199512,-0.015098722415795587
1995500,64.42,-0.016454517230673704,0.011804384485666104
1996500,64.34,-0.06310226919490208,0.056646102075154234
1997500,63.68000000000001,-0.04648241206030151,0.046255506607929514
1998500,64.0,-0.035625,0.06222222222222222
1999500,66.10000000000001,0.01664145234493192,0.02536873156342183
2000500,67.28,0.07015457788347206,-0.019559902200488997
2001500,67.46,0.11829232137563,-0.04363859864781807
2002500,69.08,0.11696583671105965,-0.03880983182406209
2003500,68.78,0.12125617912183774,-0.03779628443305574
2004500,66.02,0.07058467131172372,-0.015891701000588582
2005500,65.16,0.030693677102516883,0.0
2006500,64.88000000000001,0.014180024660912454,-0.02164009111617312
2007500,64.36,0.014916096954630205,-0.020202020202020204
2008500,64.1,0.0028081123244929796,-0.02618384401114206
2009500,64.48,0.0037220843672456576,-0.02702702702702703
2010500,64.3,0.009642301710730949,-0.03529411764705882
2011500,64.88000000000001,0.02096177558569667,-0.04100227790432802
2012500,64.82,0.000308546744831842,-0.01648664013644116
2013500,65.66,-0.0015229972586049345,-0.009900990099009901
2014500,66.53999999999999,0.0009017132551848512,0.005379557680812911
2015500,66.7,0.012293853073463269,0.012612612612612612
2016500,66.03999999999999,0.02483343428225318,0.023557126030624265
2017500,65.66,0.05147730734084679,-0.0029120559114735
2018500,64.78,0.06946588453226304,-0.003975014196479273
2019500,63.63999999999999,0.0666247642991829,-0.0011001100110011
2020500,64.34,0.059993783027665525,-0.012899607403252944
2021500,64.22,0.047025848645281844,-0.0072666294019005035
2022500,64.12,0.035558328134747345,0.0
2023500,64.32,0.056592039800995024,-0.03699551569506727
2024500,65.02,0.0649031067363888,-0.04859919954259577
2025500,65.03999999999999,0.05781057810578106,-0.05835240274599542
2026500,65.48,0.08613317043372022,-0.0880648899188876
2027500,65.53999999999999,0.09063167531278608,-0.10156703424260012
2028500,65.25999999999999,0.0665032178976402,-0.039723661485319514
2029500,64.4,0.07018633540372671,-0.028089887640449437
2030500,63.4,0.07760252365930599,-0.013114754098360656
2031500,62.980000000000004,0.04985709749126707,-0.025391680172879523
2032500,63.38,0.031240138845061535,-0.0038230475150191155
2033500,64.08,0.04868913857677903,-0.06570155902004454
2034500,64.84,0.04565083281924738,-0.0875995449374289
2035500,65.16,0.04604051565377532,-0.0711825487944891
2036500,63.78,0.06616494198808404,-0.03147432357813363
2037500,63.38,0.09940044177974125,-0.0726379027853632
2038500,62.660000000000004,0.05394190871369295,-0.035886448848419926
2039500,61.88,0.0400775694893342,-0.023084994753410283
2040500,61.8,0.03495145631067961,-0.04293193717277487
2041500,64.48,0.02295285359801489,-0.04842342342342342
2042500,64.4,0.0018633540372670807,-0.012359550561797753
2043500,66.5,-0.03879699248120301,-0.014925373134328358
2044500,67.36,-0.06532066508313539,-0.04044117647058824
2045500,66.38,-0.06959927689062971,-0.05413444378346222
2046500,65.53999999999999,-0.09185230393652731,-0.03192106790481718
2047500,65.7,-0.08249619482496195,-0.0565597667638484
2048500,64.86,-0.02682701202590194,-0.050654524758110414
2049500,64.75999999999999,0.006176652254478073,-0.02383654937570942
2050500,65.2,0.0036809815950920245,0.016091954022988506
2051500,65.12,0.0171990171990172,-0.006880733944954129
2052500,65.42,-0.008865790278202385,0.02371312897628687
2053500,64.74,-0.007105344454742045,0.02212138400453772
2054500,63.94,-0.011573350015639663,-0.009428729894620078
2055500,64.08,-0.009363295880149813,-0.030066815144766147
2056500,63.800000000000004,-0.005015673981191223,-0.039779005524861875
2057500,63.36000000000001,0.022727272727272728,-0.0611353711790393
2058500,63.22,0.03511546978804176,-0.03534529635671561
2059500,66.44,-0.007826610475617099,0.003575685339690107
2060500,68.64,-0.03205128205128205,0.015306122448979591
2061500,68.58,-0.03878681831437737,0.06556333545512412
2062500,67.75999999999999,-0.0602125147579693,0.10049627791563276
2063500,68.72,-0.05180442374854482,0.056265984654731455
2064500,66.52,0.0024052916416115455,0.025089605734767026
2065500,64.56,0.02973977695167286,0.04401805869074492
2066500,64.62,0.02568864128752708,0.04352741661955907
2067500,65.62,0.0399268515696434,-0.02617801047120419
2068500,64.60000000000001,0.02786377708978328,-0.030508474576271188
2069500,63.62,0.022948758252121976,-0.014843320505772403
2070500,63.5,0.031181102362204723,-0.023561643835616437
2071500,63.660000000000004,0.036757775683317624,-0.05448541552008806
2072500,63.519999999999996,0.04030226700251889,0.0021929824561403508
2073500,63.5,0.04,0.019178082191780823
2074500,64.84,0.027143738433066007,0.01820250284414107
2075500,65.2,0.013496932515337423,0.005747126436781609
2076500,65.12,0.02334152334152334,-0.0034403669724770644
2077500,65.3,0.005206738131699847,-0.013256484149855908
2078500,66.02,0.011814601635867918,-0.012360211889346674
2079500,65.44,0.02628361858190709,-0.03009259259259259
2080500,65.56,0.03599755948749237,-0.023228803716608595
2081500,65.82000000000001,0.020966271649954422,-0.002925687536571094
2082500,66.36,0.018083182640144666,-0.013079667063020214
2083500,65.56,0.010982306284319707,-0.03484320557491289
2084500,65.18,0.009512120282295183,-0.0350373348650201
2085500,64.75999999999999,-0.0074119827053736875,-0.053348467650397274
2086500,66.92,-0.03765690376569038,-0.06529625151148731
2087500,67.24,-0.05889351576442594,-0.03785103785103785
2088500,67.80000000000001,-0.07610619469026549,0.014906832298136646
2089500,68.54,-0.087248322147651,0.046408137317228225
2090500,69.28,-0.08602771362586605,0.061197916666666664
2091500,67.14,-0.056896038129282095,0.06390748630553865
2092500,66.44,-0.02588801926550271,0.025029797377830752
2093500,67.30000000000001,-0.012184249628528975,0.02874617737003058
2094500,66.88,-0.016148325358851676,0.006038647342995169
2095500,66.53999999999999,0.002705139765554554,0.0017931858936043037
2096500,66.47999999999999,-0.0018050541516245488,0.027446300715990454
2097500,67.08,-0.00655933214072749,0.05710814094775213
2098500,66.53999999999999,-0.002705139765554554,0.025702331141661684
2099500,66.72,0.012589928057553957,0.019230769230769232
2100500,66.53999999999999,-0.002705139765554554,0.017334130304841603
2101500,66.10000000000001,-0.000302571860816944,-0.010029498525073746
2102500,65.5,0.007022900763358778,-0.01681159420289855
2103500,64.68,0.006184291898577613,-0.039637599093997736
2104500,64.84,0.01850709438618137,-0.06939704209328783
2105500,65.78,0.014898145332927942,-0.07305669199298656
2106500,66.74,0.0026970332634102486,-0.05953096812988575
2107500,66.60000000000001,0.007207207207207207,-0.059880239520958084
2108500,67.34,-0.010395010395010396,-0.014084507042253521
2109500,66.72,-0.027577937649880094,0.04326923076923077
2110500,65.7,-0.030745814307458142,0.03906705539358601
2111500,65.32,-0.010410287813839559,0.014994232987312572
2112500,65.60000000000001,-0.025,0.0011627906976744186
2113500,65.48,-0.018937080024434942,-0.028968713789107765
2114500,65.98,-0.02576538344953016,-0.027630805408583186
2115500,66.38,-0.009942753841518529,-0.019631171921475312
2116500,66.72,-0.002997601918465228,-0.018028846153846152
2117500,66.53999999999999,-0.003907424105801022,0.00657501494321578
2118500,65.94,-0.00030330603579011223,0.013505578391074574
2119500,65.56,0.004270896888346553,-0.010452961672473868
2120500,65.56,0.0036607687614399025,0.003484320557491289
2121500,64.72,-0.006798516687268232,0.0045351473922902496
2122500,64.66,0.0003093102381688834,0.007357102433503113
2123500,63.839999999999996,-0.006265664160401002,0.03871681415929203
2124500,64.08,0.01373283395755306,-0.013363028953229399
2125500,63.44,0.0069356872635561164,-0.053610503282275714
2126500,63.75999999999999,0.0,-0.04194260485651214
2127500,63.54,0.00912810827824992,-0.055403181568842566
2128500,64.36,0.02113113735239279,-0.09764309764309764
2129500,63.56,-0.0006293266205160479,-0.03951701427003293
2130500,63.739999999999995,0.005334170065892689,-0.019305019305019305
2131500,63.2,-0.0031645569620253164,-0.01956521739130435
2132500,63.260000000000005,0.00853619981030667,-0.031028851388132824
2133500,63.22,0.0060107560898449855,-0.028820010875475803
2134500,63.660000000000004,0.02607602890355011,-0.02806824435883324
2135500,63.959999999999994,0.020637898686679174,0.023307436182019976
2136500,64.08,0.038077403245942575,0.0200445434298441
2137500,63.88,0.006261740763932373,0.014396456256921373
2138500,63.88,0.013775829680651221,0.013289036544850499
2139500,63.85999999999999,-0.009082367679298466,0.01162147205312673
2140500,63.75999999999999,-0.02070263488080301,-0.018763796909492272
2141500,64.08,-0.026841448189762796,-0.02338530066815145
2142500,64.14,-0.018397256002494543,-0.012827663134411601
2143500,64.92,-0.028342575477510783,0.00798175598631699
2144500,66.0,-0.014545454545454545,0.023529411764705882
2145500,66.2,0.006042296072507553,0.02603550295857988
2146500,66.22,0.008154636061612805,0.056246299585553584
2147500,65.68,0.0048721071863581,0.10606060606060606
2148500,64.34,0.0083929126515387,0.08132361189007291
2149500,63.4,-0.0037854889589905363,0.06775956284153005
2150500,63.42,-0.02239041311888994,0.04428649535265172
2151500,63.3,-0.04328593996840442,0.0332425068119891
2152500,63.839999999999996,-0.039473684210526314,-0.023230088495575223
2153500,64.96,-0.04864532019704434,-0.030821917808219176
2154500,64.7,-0.025656877897990725,-0.036827195467422094
2155500,64.75999999999999,-0.01173563928350834,-0.04086265607264472
2156500,64.7,-0.006491499227202473,-0.05155807365439093
2157500,64.92,-0.00862600123228589,-0.04903078677309008
2158500,64.46,-0.00589512876202296,-0.020821609454136185
2159500,64.98,-0.023699599876885195,0.0005711022272986865
2160500,64.5,-0.03007751937984496,0.036619718309859155
2161500,63.32,-0.012634238787113077,0.07742639040348964
2162500,62.12,-0.0038634900193174502,0.050686378035902854
2163500,60.940000000000005,0.014768624876928127,0.0742447516641065
2164500,60.12,0.027944111776447105,0.04012036108324975
2165500,59.9,0.032387312186978295,0.02144638403990025
2166500,59.56,0.062458025520483546,-0.012858555885262116
2167500,59.36,0.06334231805929919,0.005905511811023622
2168500,60.099999999999994,0.038935108153078206,-0.008521303258145364
2169500,60.760000000000005,0.007241606319947334,0.026503567787971458
2170500,60.9,0.016091954022988506,0.02404092071611253
2171500,62.08,-0.012242268041237113,0.004219409282700422
2172500,63.06,-0.023786869647954328,0.0460205739036275
2173500,63.56,-0.00881057268722467,0.01756311745334797
2174500,63.480000000000004,0.02142407057340895,0.001095290251916758
2175500,63.46000000000001,0.005988023952095809,0.002736726874657909
2176500,64.08,-0.006242197253433208,0.02783964365256125
2177500,64.25999999999999,0.001556178026766262,-0.013989927252378288
2178500,63.7,0.01098901098901099,-0.021487603305785124
2179500,63.42,-0.01860611794386629,-0.002733734281027884
2180500,64.48,-0.00620347394540943,-0.01463963963963964
2181500,64.62,0.0034045187248529867,-0.013001695873374788
2182500,65.86,0.006377163680534467,0.012302284710017574
2183500,67.32000000000001,-0.0053475935828877,0.03182374541003672
2184500,68.46,0.0037978381536663743,0.0019023462270133164
2185500,67.34,-0.002079002079002079,0.021432945499081445
2186500,67.25999999999999,0.0002973535533749628,0.020158827122785584
2187500,67.0,0.0023880597014925373,0.0024242424242424242
2188500,66.06,0.002119285498032092,0.00648202710665881
2189500,65.5,0.014961832061068702,0.009855072463768115
2190500,66.52,0.024052916416115455,-0.027479091995221028
2191500,66.86,0.03619503440023931,-0.06457453228726615
2192500,66.34,0.028640337654507086,-0.056446821152703504
2193500,66.36,0.02591922845087402,-0.07491082045184304
2194500,66.42,0.02499247214694369,-0.053007742703990474
2195500,65.32,0.001224739742804654,0.01730103806228374
2196500,63.88,-0.015654351909830933,0.044296788482835
2197500,63.18,0.009813232035454257,-0.004888647474198805
2198500,63.3,0.0034755134281200632,0.004904632152588556
2199500,62.519999999999996,0.011516314779270634,-0.008537886872998933
2200500,62.22,0.022179363548698167,-0.019587083112758072
2201500,62.7,0.029027113237639554,-0.02091152815013405
2202500,63.36000000000001,0.005681818181818182,0.04148471615720524
2203500,63.04,0.01967005076142132,0.03571428571428571
2204500,63.62,-0.004086765168186105,0.026937877954920284
2205500,63.38,-0.002840012622278321,-0.016930638995084655
2206500,63.82,0.009088060169225948,-0.04919845218352681
2207500,63.739999999999995,0.009099466582993411,-0.06453392167677882
2208500,64.56,-0.0018587360594795538,-0.05304740406320542
2209500,64.53999999999999,0.0015494267121165168,-0.04230118443316413
2210500,66.47999999999999,-0.013838748495788207,-0.014319809069212411
2211500,66.60000000000001,-0.04624624624624624,0.05149700598802395
2212500,67.10000000000001,-0.052757078986587186,0.06382978723404255
2213500,66.78,-0.04821802935010482,0.058398555087296806
2214500,66.96,-0.05017921146953405,0.07021791767554479
2215500,66.58,-0.03634725142685491,0.05565529622980251
2216500,66.42,-0.037639265281541705,0.04586063132817153
2217500,65.52,-0.04456654456654457,0.02668213457076566
2218500,65.53999999999999,-0.02837961550198352,0.030760301799187463
2219500,64.36,-0.03853325046612803,0.04264870931537598
2220500,62.96000000000001,-0.029224904701397714,0.061555075593952485
2221500,62.019999999999996,-0.007416962270235408,0.031068983675618746
2222500,61.58,0.025657681065280935,0.02030192608016658
2223500,60.760000000000005,0.025016458196181698,0.0020387359836901123
2224500,62.28,0.07964033397559409,-0.024390243902439025
2225500,62.08,0.059922680412371136,-0.049578059071729956
2226500,62.519999999999996,0.05182341650671785,-0.013874066168623266
2227500,62.9,0.021939586645468998,0.011320754716981131
2228500,63.660000000000004,0.017907634307257305,-0.0049532195927352776
2229500,62.94,-0.0060374960279631395,-0.015650296815974095
2230500,63.44,-0.0025220680958385876,-0.015317286652078774
2231500,63.56,-0.015103838892385148,-0.04061470911086718
2232500,63.36000000000001,-0.020833333333333332,-0.043668122270742356
2233500,63.980000000000004,-0.018443263519849953,-0.03164908384230983
2234500,64.4,-0.040372670807453416,-0.008988764044943821
2235500,65.2,-0.05214723926380368,0.014942528735632184
2236500,64.88000000000001,-0.04562268803945746,0.04100227790432802
2237500,65.60000000000001,-0.029878048780487804,0.04186046511627907
2238500,64.56,-0.030978934324659233,0.04740406320541761
2239500,64.82,-0.016970070965751313,0.05514496873223423
2240500,64.3,0.0052877138413685845,0.0196078431372549
2241500,64.88000000000001,0.02342786683107275,-0.010250569476082005
2242500,65.72,0.00426049908703591,0.043173862310385065
2243500,65.46,-0.015582034830430797,0.06658946149392009
2244500,64.48,-0.034739454094292806,0.06644144144144144
2245500,64.16,-0.04488778054862843,0.10267857142857142
2246500,64.42,-0.04687985097795715,0.10736368746486791
2247500,64.02,-0.035301468291159016,0.058365758754863814
2248500,64.16,-0.035536159600997506,0.0625
2249500,64.25999999999999,-0.04886399004046063,0.06323447118074986
2250500,65.25999999999999,-0.04995403003371131,0.0535405872193437
2251500,64.72,-0.06180469715698393,0.06235827664399093
2252500,63.980000000000004,-0.05595498593310409,0.06052193225985564
2253500,63.68000000000001,-0.04396984924623116,0.06277533039647577
2254500,63.28,-0.018963337547408345,0.0664488017429194
2255500,62.78,0.0022300095571838167,0.07576571735626007
2256500,62.82,0.011142948105698823,0.05970952124798279
2257500,62.53999999999999,0.002878157978893508,0.04751735184196476
2258500,63.94,-0.003440725680325305,0.024958402662229616
2259500,65.60000000000001,-0.026829268292682926,0.004651162790697674
2260500,65.7,-0.06484018264840183,0.011078717201166181
2261500,65.42,-0.08346071537756038,0.04800462695199537
2262500,65.72,-0.08581862446743761,0.08284714119019837
2263500,64.78,-0.0793454769990738,0.07779670641680864
2264500,63.42,-0.04257332071901608,0.05522143247676326
2265500,63.13999999999999,-0.026290782388343363,0.033098209441128595
2266500,62.18,-0.02798327436474751,-0.020624008461131677
2267500,62.7,-0.02711323763955343,-0.05844504021447721
2268500,62.980000000000004,-0.027627818355033345,-0.06861156131820638
2269500,63.239999999999995,-0.038583175205566096,-0.026115342763873776
2270500,63.22,-0.03511546978804176,-0.0255573681348559
2271500,65.10000000000001,-0.02119815668202765,-0.0040114613180515755
2272500,64.68,-0.027210884353741496,0.020385050962627407
2273500,64.92,-0.033887861983980284,0.052451539338654506
2274500,65.10000000000001,-0.035944700460829496,0.02005730659025788
2275500,65.78,-0.034356947400425664,0.020455873758036237
2276500,65.56,-0.03477730323367907,0.030197444831591175
2277500,65.3,-0.028483920367534457,0.009798270893371758
2278500,65.88000000000001,-0.033394049787492414,0.0035169988276670576
2279500,65.92,-0.04611650485436893,0.023474178403755867
2280500,65.22,-0.037105182459368294,0.035077630822311676
2281500,65.4,-0.05015290519877676,0.057803468208092484
2282500,65.25999999999999,-0.0530186944529574,0.08808290155440414
2283500,63.72,-0.059008160703075956,0.14884233737596472
2284500,63.1,-0.042789223454833596,0.16856368563685636
2285500,62.980000000000004,-0.04731660844712607,0.16693679092382496
2286500,62.72,-0.04846938775510204,0.14377682403433475
2287500,63.04,-0.031725888324873094,0.1471861471861472
2288500,63.739999999999995,-0.012237213680577345,0.08328736900165472
2289500,65.3,-0.012557427258805513,0.04899135446685879
2290500,66.74,-0.030266706622715012,0.05832832230907998
2291500,67.10000000000001,-0.00804769001490313,0.08328267477203648
2292500,67.04,-0.010739856801909307,0.04975728155339806
2293500,67.44,-0.03558718861209965,0.085995085995086
2294500,66.97999999999999,-0.057031949835771874,0.11447607510599636
2295500,66.8,-0.08083832335329341,0.1493975903614458
2296500,66.9,-0.11210762331838565,0.1540785498489426
2297500,67.4,-0.17210682492581603,0.2147239263803681
2298500,67.38,-0.1682991985752449,0.2053954629061925
2299500,67.54,-0.15901687888658572,0.20517560073937152
2300500,67.28,-0.1248513674197384,0.17359413202933985
2301500,67.92,-0.13133097762073026,0.18329177057356608
2302500,68.2,-0.08914956011730206,0.1660377358490566
2303500,68.22,-0.13339196716505425,0.19823788546255505
2304500,67.78,-0.16317497786957805,0.21042830540037244
2305500,67.66,-0.1670115282293822,0.20222634508348794
2306500,66.82000000000001,-0.13498952409458245,0.15370705244122965
2307500,66.38,-0.1166013859596264,0.10886377156454491
2308500,67.2,-0.07797619047619048,0.1024390243902439
2309500,68.38,-0.04007019596373208,0.07400379506641366
2310500,68.66,-0.02942033207107486,0.08615188257817485
2311500,68.44,-0.032144944476914086,0.08365019011406843
2312500,68.5,-0.015474452554744526,0.047619047619047616
2313500,67.32000000000001,-0.0035650623885918,0.014687882496940025
2314500,66.24,-0.0006038647342995169,-0.041469194312796206
2315500,66.0,0.006060606060606061,-0.0976470588235294
2316500,66.9,0.005680119581464873,-0.10211480362537764
2317500,67.46,-0.010376519418914912,-0.059618930547019056
2318500,68.32000000000001,-0.000585480093676815,-0.07575757575757576
2319500,69.52000000000001,0.005753739930955121,-0.03543307086614173
2320500,70.34,0.00597099800966733,-0.024949426837491573
2321500,70.78,0.013845719129697655,-0.025325119780971937
2322500,70.66,0.013869232946504387,-0.015678254942058625
2323500,68.72,0.00989522700814901,-0.0076726342710997444
2324500,67.34,0.003267003267003267,-0.011635027556644213
2325500,66.25999999999999,-0.012979172955025656,0.02074688796680498
2326500,65.53999999999999,-0.016783643576441867,0.03424260011607661
2327500,65.84,-0.0212636695018226,0.03864168618266979
2328500,67.82000000000001,-0.01798879386611619,0.03915475450590429
2329500,68.38,-0.014916642293068149,0.061353573687539534
2330500,68.44,0.008182349503214495,0.049429657794676805
2331500,67.74,-0.005019191024505462,0.05517668939863608
2332500,66.60000000000001,-0.008408408408408409,0.033532934131736525
2333500,65.46,0.002749770852428964,0.04342790966994789
2334500,64.56,-0.004337050805452293,0.05304740406320542
2335500,63.7,-0.03296703296703297,0.06005509641873278
2336500,63.7,-0.029827315541601257,0.09090909090909091
2337500,64.44,-0.06828057107386716,0.1372328458942632
2338500,65.14,-0.13724286152901444,0.18072289156626506
2339500,66.25999999999999,-0.11983096891035315,0.1938352104327208
2340500,67.14,-0.08608876973488233,0.18076688983566647
2341500,67.0,-0.07701492537313433,0.14666666666666667
2342500,66.06,-0.00696336663639116,0.08190925162050677
2343500,66.03999999999999,0.05330102967898243,0.01060070671378092
2344500,65.0,0.029538461538461538,0.0
2345500,65.46,-0.005194011610143599,0.0225825130283729
2346500,66.0,-0.016363636363636365,0.002352941176470588
2347500,66.78,-0.045223120694818805,0.001806140878988561
2348500,67.04,-0.046539379474940336,0.009708737864077669
2349500,67.54,-0.04293751850755108,-0.004313000616142945
2350500,66.56,-0.026442307692307692,0.023923444976076555
2351500,66.60000000000001,-0.02702702702702703,0.045508982035928146
2352500,66.92,-0.038852361028093245,0.08222490931076179
2353500,65.92,-0.03519417475728155,0.06572769953051644
2354500,66.28,-0.018708509354254676,0.054567022538552785
2355500,68.47999999999999,-0.07242990654205607,0.01015228426395939
2356500,68.7,-0.06550218340611354,-0.021086261980830672
2357500,68.89999999999999,-0.07924528301886792,-0.01864951768488746
2358500,70.14,-0.08696891930424865,-0.01406563965170797
2359500,70.42,-0.08662311843226356,-0.020960108181203516
2360500,68.89999999999999,-0.03454281567489115,0.0006430868167202572
2361500,68.84,-0.03428239395700174,0.025673940949935817
2362500,68.12,-0.0182031708749266,0.012547051442910916
2363500,66.94,-0.005079175380938153,0.023593466424682397
2364500,64.74,-0.025023169601482854,0.05615428247305729
2365500,62.739999999999995,-0.014344915524386357,0.03274288781535158
2366500,60.96,-0.011811023622047244,0.05635245901639344
2367500,60.6,-0.0165016501650165,0.06294416243654823
2368500,60.5,-0.04661157024793389,0.06329113924050633
2369500,61.839999999999996,-0.03040103492884864,0.03878406708595388
2370500,64.5,-0.02635658914728682,0.02873239436619718
2371500,65.82000000000001,-0.03676694013977515,-0.0403744880046811
2372500,65.28,-0.028186274509803922,-0.0576036866359447
2373500,65.52,-0.006715506715506716,-0.07192575406032482
2374500,65.12,-0.02027027027027027,-0.06307339449541284
2375500,64.48,-0.04652605459057072,-0.05405405405405406
2376500,64.82,-0.031780314717679725,-0.023308698123934053
2377500,65.78,-0.036181210094253576,0.02162478082992402
2378500,65.8,-0.049240121580547115,0.03859649122807018
2379500,66.14,-0.04505594194133656,0.024217365623154165
2380500,65.72,-0.04747413268411443,0.052508751458576426
2381500,65.18,-0.062289045719545875,0.02469844916714532
2382500,64.9,-0.05269645608628659,-0.039316239316239315
2383500,65.53999999999999,-0.038144644491913335,-0.057457922228670924
2384500,65.72,-0.024954351795496044,-0.03617269544924154
2385500,67.88,-0.05008839127872716,-0.039850560398505604
2386500,67.82000000000001,-0.03863167207313477,-0.019266625233064015
2387500,67.12,-0.03098927294398093,-0.038929440389294405
2388500,66.4,-0.028313253012048192,-0.02023809523809524
2389500,66.53999999999999,-0.044785091674180946,-0.023311416616855946
2390500,64.5,-0.005891472868217054,-0.03436619718309859
2391500,64.58,-0.017652524001238772,-0.017504234895539244
2392500,65.72,-0.032866707242848445,0.046674445740956826
2393500,66.42,-0.037639265281541705,0.054198927933293624
2394500,65.88000000000001,-0.03278688524590164,0.10550996483001172
2395500,65.24,-0.04843654199877376,0.09551208285385501
2396500,65.94,-0.03670003033060358,0.08749266001174398
2397500,66.02,-0.02635564980308997,0.07828134196586227
2398500,65.58,-0.02531259530344617,0.07495642068564788
2399500,65.82000000000001,-0.03190519598906107,0.002925687536571094
2400500,64.92,-0.019100431300061615,0.011402508551881414
2401500,64.84,-0.009253547193090685,-0.0022753128555176336
2402500,64.38000000000001,-0.02516309412861137,-0.027512633352049412
2403500,63.2,-0.03291139240506329,-0.01956521739130435
2404500,63.13999999999999,-0.017421602787456445,-0.009224091155724362
2405500,64.62,-0.034354688950789226,0.006218202374222725
2406500,64.52,-0.04835709857408556,0.015783540022547914
2407500,64.46,-0.038163201985727584,0.0061902082160945416
2408500,66.14,-0.04082249773208346,-0.008860011813349085
2409500,66.67999999999999,-0.05338932213557288,0.0
2410500,68.22,-0.041923189680445616,-0.0006293266205160479
2411500,69.06,-0.02924992759918911,0.0200387847446671
2412500,69.52000000000001,-0.03567318757192175,0.09317585301837271
2413500,70.0,-0.04,0.124
2414500,69.92,-0.039473684210526314,0.17154255319148937
2415500,68.89999999999999,-0.0467343976777939,0.15112540192926044
2416500,69.1,-0.06280752532561505,0.143042071197411
2417500,70.19999999999999,-0.05527065527065527,0.09664429530201342
2418500,70.96000000000001,-0.029312288613303268,0.07162534435261708
2419500,71.88,-0.012799109627156371,0.0
2420500,72.92,-0.015907844212835986,0.011816838995568686
2421500,73.5,-0.04054421768707483,-0.02339622641509434
2422500,73.48,-0.07403375068045727,-0.01809954751131222
2423500,71.78,-0.08275285594873223,-0.024805102763997167
2424500,70.39999999999999,-0.09147727272727273,-0.032432432432432434
2425500,70.26,-0.06518645032735554,-0.07061197041022192
2426500,68.58,-0.027704870224555263,-0.06429026098026734
2427500,66.78,0.0056903264450434265,-0.057194461167971104
2428500,66.42,0.020174646190906354,-0.06968433591423466
2429500,66.08000000000001,0.0,-0.02830188679245283
2430500,64.8,-0.012962962962962963,-0.007954545454545454
2431500,64.38000000000001,-0.023920472196334266,0.018528916339135316
2432500,64.5,-0.03007751937984496,0.0276056338028169
2433500,64.96,-0.050492610837438424,0.04452054794520548
2434500,65.25999999999999,-0.018694452957401166,-0.022452504317789293
2435500,65.36,-0.0073439412484700125,-0.04157043879907621
2436500,65.44,-0.011002444987775062,-0.05787037037037037
2437500,65.53999999999999,0.01739395788831248,-0.06790481717933837
2438500,64.53999999999999,-0.0003098853424233034,-0.05358150028200789
2439500,65.03999999999999,-0.007995079950799507,-0.006864988558352402
2440500,64.53999999999999,-0.024480942051440968,0.026508742244782856
2441500,64.42,-0.016454517230673704,0.011804384485666104
2442500,64.5,-0.028217054263565893,-0.014084507042253521
2443500,65.06,-0.023670458038733477,-0.015455065827132226
2444500,65.03999999999999,-0.03444034440344403,0.009153318077803204
2445500,64.3,-0.04074650077760498,-0.04201680672268908
2446500,64.02,-0.044673539518900345,-0.019455252918287938
2447500,63.9,-0.04350547730829421,0.029362880886426593
2448500,64.92,-0.038817005545286505,0.03534777651083238
2449500,64.84,-0.03639728562615669,0.040955631399317405
2450500,66.18,-0.028105167724388033,0.1023063276167948
2451500,66.18,-0.02629193109700816,0.10821998817267889
2452500,66.92,-0.03945008965929468,0.08585247883917775
2453500,67.52,-0.03850710900473934,0.07512315270935961
2454500,67.38,-0.04363312555654497,0.06805640711220111
2455500,66.46,-0.04002407463135721,0.01490757304710793
2456500,66.4,-0.03253012048192771,0.023809523809523808
2457500,65.10000000000001,-0.026728110599078342,0.007449856733524355
2458500,63.019999999999996,-0.017454776261504285,-0.04813412655489454
2459500,63.3,-0.021169036334913113,-0.02997275204359673
2460500,64.03999999999999,0.005621486570893191,-0.028921023359288096
2461500,63.75999999999999,-0.010037641154328732,-0.033112582781456956
2462500,63.88,-0.01628052598622417,-0.007751937984496124
2463500,64.88000000000001,-0.016029593094944512,0.030751708428246014
2464500,64.5,-0.0015503875968992248,-0.015211267605633802
2465500,64.16,-0.03054862842892768,0.014508928571428572
2466500,64.8,-0.03518518518518519,0.005681818181818182
2467500,65.58,-0.05458981396767307,-0.0005810575246949448
2468500,66.14,-0.07469005140610825,0.06320141760189013
2469500,66.52,-0.06313890559230306,0.06093189964157706
2470500,68.02,-0.043222581593648925,0.009380863039399626
2471500,68.56,-0.01575262543757293,-0.04071246819338423
2472500,68.72,-0.0005820721769499418,-0.07161125319693094
2473500,67.80000000000001,0.012389380530973451,-0.10186335403726708
2474500,67.56,-0.010065127294256957,-0.06535141800246609
2475500,66.52,-0.027059530968129887,-0.03464755077658303
2476500,66.74,-0.047048246928378785,0.00661455201443175
2477500,66.72,-0.019184652278177457,0.04326923076923077
2478500,67.2,-0.014285714285714285,0.023170731707317073
2479500,66.86,0.0008973975471133712,0.02715751357875679
2480500,67.36,0.0005938242280285036,0.0857843137254902
2481500,66.82000000000001,-0.0020951810835079317,0.09825195901145269
2482500,67.28,-0.018430439952437573,0.07701711491442542
2483500,67.44,-0.02372479240806643,0.08722358722358722
2484500,67.7,-0.01742983751846381,0.058823529411764705
2485500,66.53999999999999,-0.03396453261196273,0.049611476389719064
2486500,65.88000000000001,-0.033394049787492414,0.07151230949589683
2487500,65.32,-0.027556644213104716,0.06459054209919261
2488500,65.64,-0.03473491773308958,0.06286379511059371
2489500,66.03999999999999,-0.05875227135069655,0.06831566548881036
2490500,66.28,-0.04707302353651177,0.04389086595492289
2491500,66.62,-0.027919543680576402,0.019772318753744758
2492500,66.7,-0.023088455772113943,0.03303303303303303
2493500,66.06,-0.003935815924916743,0.015910430170889805
2494500,65.60000000000001,0.0012195121951219512,0.004651162790697674
2495500,65.82000000000001,0.00030385900941962927,0.01930953774136922
2496500,66.60000000000001,-0.011411411411411412,0.023952095808383235
2497500,67.02,-0.014622500746045956,0.03699211643420255
2498500,66.82000000000001,-0.027835977252319666,0.06931886678722121
2499500,66.14,-0.031146053825219233,0.07619610159480213
2500500,66.3,-0.03891402714932127,0.03857566765578635
2501500,66.16,-0.04836759371221282,0.024822695035460994
2502500,66.12,-0.0780399274047187,0.03896103896103896
2503500,66.3,-0.05520361990950226,0.03857566765578635
2504500,67.06,-0.05278854756934089,0.04553734061930783
2505500,67.02,-0.030737093404953744,0.05275924802910855
2506500,67.32000000000001,-0.036244800950683304,0.08200734394124846
2507500,67.2,-0.0125,0.06341463414634146
2508500,66.84,-0.034709754637941355,0.033775633293124246
2509500,66.32000000000001,-0.033775633293124246,0.0059382422802850355
2510500,66.32000000000001,-0.03498190591073583,0.015439429928741092
2511500,65.02,-0.028606582589972316,0.015437392795883362
2512500,64.56,-0.02664188351920694,0.024830699774266364
2513500,65.18,-0.014421601718318503,0.037334865020103386
2514500,65.12,-0.012285012285012284,0.06536697247706422
2515500,65.10000000000001,-0.023655913978494623,0.08424068767908309
2516500,65.86,0.0021257212268448226,0.05799648506151142
2517500,66.02,0.0069675855801272345,0.04532077692760447
2518500,65.78,0.005168744299179082,0.054354178842782
2519500,66.60000000000001,0.03123123123123123,0.031137724550898204
2520500,66.53999999999999,0.03997595431319507,0.012552301255230125
2521500,66.84,0.019748653500897665,0.019300361881785282
2522500,67.14,0.012213285671730712,0.03834449178332319
2523500,67.30000000000001,0.005052005943536404,0.02018348623853211
2524500,67.42,-0.007416196974191634,0.028852056476365868
2525500,66.86,-0.01824708345797188,0.03922751961375981
2526500,65.88000000000001,-0.02792956891317547,0.08206330597889801
2527500,65.28,-0.04779411764705882,0.056451612903225805
2528500,65.42,-0.056557627636808314,0.08155002891844997
2529500,64.78,-0.07996295152824946,0.07666098807495741
2530500,65.58,-0.0777676120768527,0.04822777454968042
2531500,66.24,-0.06099033816425121,-0.009478672985781991
2532500,66.78,-0.06019766397124888,0.027092113184828417
2533500,66.62,-0.064545181627139,0.056920311563810666
2534500,67.66,-0.028672775642920485,0.05380333951762523
2535500,67.84,-0.022995283018867923,0.07338308457711443
2536500,67.72,-0.024808033077377438,0.06815365551425032
2537500,67.52,0.0005924170616113745,-0.003694581280788177
2538500,66.62,0.016511558090663465,-0.05572198921509886
2539500,64.96,0.0018472906403940886,-0.045662100456621
2540500,62.96000000000001,0.012706480304955527,-0.028077753779697623
2541500,62.28,0.019267822736030827,0.003181336161187699
2542500,61.9,0.007431340872374798,0.04041994750656168
2543500,61.919999999999995,-0.004521963824289405,0.038865546218487396
2544500,62.419999999999995,-0.015700096123037487,0.05268759978712081
2545500,63.080000000000005,-0.03424223208623969,0.03683640303358613
2546500,63.0,-0.06476190476190476,0.03783783783783784
2547500,62.3,-0.07223113964686999,0.04084880636604774
2548500,62.78,-0.05511309334182861,0.05857066093498119
2549500,62.660000000000004,-0.05394190871369295,0.07552222817354044
2550500,63.019999999999996,-0.04220882259600127,0.09680908599242834
2551500,63.260000000000005,-0.019285488460322478,0.06913445835601524
2552500,63.54,-0.0084985835694051,0.036752605595172794
2553500,63.32,-0.014529374605180037,0.03598691384950927
2554500,63.85999999999999,-0.01973066082054494,0.022689540675152185
2555500,64.12,-0.028072364316905803,-0.011148272017837236
2556500,64.60000000000001,-0.03900928792569659,-0.004519774011299435
2557500,64.56,-0.04151177199504337,0.009029345372460496
2558500,65.22,-0.031585403250536645,-0.04312823461759632
2559500,64.56,-0.019206939281288724,-0.040632054176072234
2560500,63.739999999999995,-0.026043300909946658,-0.015995587424158852
2561500,63.68000000000001,0.00314070351758794,-0.019823788546255508
2562500,64.05999999999999,0.009054011863877614,0.0038953811908736783
2563500,62.92,0.0025429116338207248,0.028047464940668825
2564500,63.28,-0.0012642225031605564,0.014161220043572984
2565500,64.18,0.011530071673418511,-0.009491903964265773
2566500,64.18,0.0040511062636335304,0.008375209380234505
2567500,64.72,0.002472187886279357,-0.01020408163265306
2568500,64.92,-0.0012322858903265558,-0.021664766248574687
2569500,64.25999999999999,-0.0003112356053532524,-0.050923335198656966
2570500,64.18,0.023995014023060143,-0.03740926856504746
2571500,64.1,-0.0015600624024961,-0.038440111420612814
2572500,63.32,0.0082122552116235,-0.011995637949836423
2573500,64.32,0.0024875621890547263,0.01233183856502242
2574500,65.4,0.0061162079510703364,0.03121387283236994
2575500,66.24,-0.013285024154589372,-0.0071090047393364926
2576500,66.74,-0.012885825591848966,0.04269392663860493
2577500,65.60000000000001,-0.04085365853658537,0.04534883720930233
2578500,64.66,-0.021342406433652955,0.04810413129598189
2579500,63.739999999999995,-0.01537496077816128,0.08328736900165472
2580500,62.580000000000005,-0.03547459252157239,0.1127739176910743
2581500,62.36000000000001,-0.008980115458627326,0.06269925611052073
2582500,63.7,0.0015698587127158557,0.06005509641873278
2583500,63.980000000000004,-0.03532353860581432,0.09605774569683509
2584500,64.98,-0.048938134810710986,0.07481439177612793
2585500,65.16,-0.03192142418661756,0.07577497129735936
2586500,65.25999999999999,-0.04505056696291756,0.06390328151986183
2587500,65.5,-0.04122137404580153,-0.008695652173913044
2588500,65.18,-0.008898435102792267,-0.09017805858701895
2589500,64.68,-0.01422387136672851,-0.0928652321630804
2590500,65.02,-0.026760996616425715,-0.06918238993710692
2591500,64.7,-0.031221020092735703,-0.03342776203966006
2592500,64.7,-0.033693972179289024,0.028895184135977338
2593500,65.06,-0.03904088533661236,0.0864338866628506
2594500,64.82,-0.02437519284171552,0.09039226833428084
2595500,65.08,-0.02519975414874001,0.10309278350515463
2596500,65.88000000000001,-0.0358227079538555,0.08675263774912075
2597500,66.2,-0.04894259818731118,0.10532544378698225
2598500,66.46,-0.04905206139030996,0.10196779964221825
2599500,66.72,-0.045563549160671464,0.06971153846153846
2600500,65.62,-0.04480341359341664,0.07969749854566609
2601500,63.78,-0.026026967701473815,0.08227498619547212
2602500,63.1,-0.010459587955625991,0.05040650406504065
2603500,62.6,-0.009584664536741214,0.0374331550802139
2604500,62.32,-0.02053915275994865,0.07749469214437367
2605500,63.18,-0.006647673314339981,0.07658881042911461
2606500,63.92,-0.015018773466833541,0.08425720620842572
2607500,64.72,-0.012978986402966625,0.09070294784580499
2608500,64.56,-0.01486988847583643,0.09480812641083522
2609500,63.13999999999999,-0.008552423186569529,0.08735756918068367
2610500,62.980000000000004,-0.026992696093998094,0.07077255537547272
2611500,61.31999999999999,-0.03261578604044357,0.05170630816959669
2612500,59.8,-0.03277591973244147,0.04975124378109453
2613500,59.440000000000005,-0.04104979811574697,0.02564102564102564
2614500,59.12,-0.04533152909336942,0.04403131115459882
2615500,58.74,-0.02826012938372489,-0.016965584100824042
2616500,61.94,-0.05069422021310946,-0.015239096163951655
2617500,62.68,-0.05232929164007658,0.0010718113612004287
2618500,63.42,-0.04509618416903185,0.036632039365773646
2619500,65.84,-0.049210206561360874,0.00234192037470726
2620500,66.67999999999999,-0.05038992201559688,0.058823529411764705
2621500,65.94,-0.03245374582954201,0.02759835584263065
2622500,66.44,-0.03552077062010837,0.02264600715137068
2623500,67.36,-0.0344418052256532,0.01715686274509804
2624500,66.46,-0.05567258501354198,0.016100178890876567
2625500,65.12,-0.05405405405405406,0.016055045871559634
2626500,64.05999999999999,-0.030284108648142367,0.025041736227045076
2627500,63.6,-0.010062893081761006,0.015384615384615385
2628500,62.4,0.010256410256410256,0.00851063829787234
2629500,62.46000000000001,0.05731668267691323,0.002663825253063399
2630500,62.56,0.04411764705882353,-0.0202991452991453
2631500,64.2,-0.04610591900311527,0.048044692737430165
2632500,62.9,-0.08871224165341812,0.0889487870619946
2633500,62.5,-0.09824,0.058133333333333335
2634500,62.5,-0.13792,0.09226666666666666
2635500,62.68,-0.1391193363114231,0.12218649517684887
2636500,60.36,-0.06958250497017893,0.028254288597376387
2637500,62.7,-0.10622009569377991,0.027345844504021447
2638500,62.260000000000005,-0.12046257629296499,0.0397456279809221
2639500,62.339999999999996,-0.1042669233237087,0.027084439723844927
2640500,62.8,-0.09235668789808917,0.00967741935483871
2641500,64.72,-0.08034610630407911,0.045351473922902494
2642500,64.5,-0.018294573643410854,-0.0016901408450704226
2643500,65.98,-0.015459230069718097,-0.0005878894767783657
2644500,66.46,-0.014745711706289497,-0.011329755515802028
2645500,66.74,-0.03086604734791729,-0.016235718580877932
2646500,65.88000000000001,-0.046751669702489375,0.0035169988276670576
2647500,65.06,-0.04334460498001844,-0.018889524899828276
2648500,64.92,-0.005545286506469501,-0.04446978335233751
2649500,65.24,0.05334150827713059,-0.09551208285385501
2650500,66.06,0.049954586739327886,-0.07365939893930465
2651500,66.74,0.04465088402756967,-0.09079975947083584
2652500,66.8,0.03053892215568862,-0.06265060240963856
2653500,66.67999999999999,-0.002999400119976005,-0.026410564225690276
2654500,66.10000000000001,-0.05113464447806354,0.008849557522123894
2655500,65.75999999999999,-0.027980535279805353,-0.02336448598130841
2656500,66.03999999999999,-0.01029678982434888,-0.023557126030624265
2657500,66.67999999999999,-0.0023995200959808036,-0.024009603841536616
2658500,67.5,-0.015703703703703702,0.003076923076923077
2659500,67.75999999999999,-0.014167650531286895,0.04218362282878412
2660500,67.62,-0.012718130730553091,0.04756022235948116
2661500,67.44,-0.00771055753262159,0.05036855036855037
2662500,67.0,-0.005373134328358209,0.05454545454545454
2663500,66.24,0.010265700483091788,0.027251184834123223
2664500,66.47999999999999,0.01444043321299639,0.00477326968973747
2665500,66.25999999999999,0.008753395713854513,0.012448132780082987
2666500,66.2,0.0036253776435045317,0.02603550295857988
2667500,66.4,-0.0012048192771084338,0.047619047619047616
2668500,67.4,-0.00830860534124629,0.05276073619631902
2669500,66.96,-0.011350059737156512,0.07021791767554479
2670500,67.22,-0.011008628384409401,0.0835875533862111
2671500,67.54,-0.015694403316553154,0.09057301293900184
2672500,68.74,-0.0014547570555717194,0.07229686500319897
2673500,68.14,-0.002054593484003522,0.08097928436911488
2674500,69.39999999999999,-0.019596541786743516,0.040522875816993466
2675500,69.04,-0.01100811123986095,0.03488372093023256
2676500,68.22,-0.010847258868367049,-0.0006293266205160479
2677500,66.75999999999999,-0.022768124625524265,0.00842358604091456
2678500,65.28,-0.027573529411764705,-0.0069124423963133645
2679500,63.72,-0.014438166980539862,-0.0033076074972436605
2680500,64.4,-0.0422360248447205,0.0011235955056179776
2681500,63.75999999999999,-0.04328732747804266,0.005518763796909493
2682500,63.2,-0.05379746835443038,0.004347826086956522
2683500,64.42,-0.04253337472834524,0.012928611579539067
2684500,64.28,-0.042937149968886125,0.05711086226203808
2685500,64.25999999999999,-0.015873015873015872,0.045327364297705654
2686500,65.62,-0.01676318195672051,0.05759162303664921
2687500,66.34,-0.003316249623153452,0.036244800950683304
2688500,65.82000000000001,0.008204193254329991,-0.002925687536571094
2689500,66.12,0.016333938294010888,-0.06611570247933884
2690500,65.64,0.02010968921389397,-0.06286379511059371
2691500,67.17999999999999,0.06281631437927955,-0.07495429616087751
2692500,67.36,0.062351543942992874,-0.07352941176470588
2693500,67.17999999999999,0.04078594819886871,0.018890920170627667
2694500,67.30000000000001,0.018127786032689452,0.09235474006116208
2695500,66.5,0.002105263157894737,0.11522388059701492
2696500,64.4,-0.04161490683229813,0.13258426966292136
2697500,64.34,-0.038234379857009636,0.16657319125070105
2698500,64.86,-0.02682701202590194,0.12122936824132043
2699500,64.60000000000001,-0.0173374613003096,0.06327683615819209
2700500,65.12,-0.007371007371007371,0.03784403669724771
2701500,65.44,0.007946210268948655,0.027777777777777776
2702500,65.22,0.0027598896044158236,-0.01667625071880391
2703500,65.46,-0.008249312557286892,0.012159814707585408
2704500,65.86,-0.008199210446401458,0.05213825424721734
2705500,65.53999999999999,-0.014952700640830027,0.06442251886244922
2706500,64.96,-0.02647783251231527,0.03995433789954338
2707500,64.8,-0.022839506172839506,0.0659090909090909
2708500,64.9,-0.030508474576271188,0.05754985754985755
2709500,65.86,-0.05678712420285454,0.10134739308728764
2710500,67.10000000000001,-0.06885245901639345,0.14042553191489363
2711500,67.9,-0.0662739322533137,0.15638629283489097
2712500,68.32000000000001,-0.06733021077283373,0.1527777777777778
2713500,68.58,-0.0673665791776028,0.15977084659452578
2714500,67.5,-0.04888888888888889,0.09784615384615385
2715500,66.72,-0.05275779376498801,0.06370192307692307
2716500,65.8,-0.04741641337386018,0.06315789473684211
2717500,65.7,-0.0502283105022831,0.05422740524781341
2718500,64.8,-0.019135802469135803,0.015909090909090907
2719500,65.10000000000001,-0.018125960061443933,0.0166189111747851
2720500,65.14,0.00644765121277249,0.002868617326448652
2721500,65.53999999999999,-0.00091547146780592,0.01567034242600116
2722500,66.0,0.00909090909090909,0.002352941176470588
2723500,66.92,-0.0035863717872086074,0.014510278113663845
2724500,65.62,-0.008838768668088998,0.031995346131471786
2725500,64.4,-0.02236024844720497,0.02247191011235955
2726500,63.72,-0.03515379786566227,0.034178610804851156
2727500,63.18,-0.04969927192149414,0.03530689842476915
2728500,61.56,-0.056530214424951264,0.054110301768990635
2729500,61.5,-0.05040650406504065,0.02025974025974026
2730500,61.4,-0.03061889250814332,0.015544041450777202
2731500,62.1,-0.018357487922705314,0.01108179419525066
2732500,62.0,-0.00903225806451613,0.003157894736842105
2733500,62.4,-0.013461538461538462,-0.01702127659574468
2734500,63.88,-0.010644959298685034,0.012181616832779624
2735500,65.8,-0.030395136778115502,0.042105263157894736
2736500,66.24,-0.042874396135265704,0.024881516587677725
2737500,66.7,-0.05007496251874063,0.04744744744744745
2738500,66.97999999999999,-0.04329650641982681,0.01150817686250757
2739500,66.02,-0.031202665858830657,-0.047675103001765744
2740500,65.53999999999999,-0.025938358254501068,-0.0853163087637841
2741500,64.58,-0.033137194177764014,-0.0942970073404856
2742500,64.75999999999999,-0.03150092649783817,-0.12939841089670828
2743500,64.98,-0.04462911665127731,-0.09080525414049115
2744500,66.32000000000001,-0.06272617611580217,-0.0332541567695962
2745500,66.44,-0.05358217940999398,-0.023837902264600714
2746500,66.52,-0.03848466626578473,-0.0047789725209080045
2747500,66.25999999999999,-0.03773015393902807,0.01007705986959099
2748500,66.82000000000001,-0.02005387608500449,0.0030138637733574444
2749500,66.78,-0.0002994908655286014,-0.018663455749548464
2750500,65.36,-0.009791921664626682,0.0
2751500,65.9,-0.005766312594840668,0.0005865102639296188
2752500,65.16,-0.011663597298956415,0.021814006888633754
2753500,64.66,-0.005258274048871018,0.02320316921335597
2754500,63.4,-0.016403785488958992,0.008743169398907104
2755500,64.52,-0.03037817730936144,0.05636978579481398
2756500,63.68000000000001,-0.03077889447236181,0.04185022026431718
2757500,63.88,-0.031934877896055106,0.007751937984496124
2758500,63.9,-0.03474178403755868,0.003878116343490305
2759500,63.85999999999999,-0.02223614155966176,-0.03597122302158273
2760500,63.739999999999995,-0.0072168183244430495,-0.10976282404853833
2761500,63.6,-0.0018867924528301887,-0.12527472527472527
2762500,63.72,0.006905210295040804,-0.12238147739801543
2763500,63.580000000000005,0.0009436929852154766,-0.13454146073585943
2764500,64.36,-0.014294592914853946,-0.07631874298540965
2765500,64.9,-0.01325115562403698,-0.05299145299145299
2766500,65.62,-0.015544041450777202,-0.0506108202443281
2767500,65.52,-0.033577533577533576,-0.0069605568445475635
2768500,65.8,-0.023100303951367782,-0.004678362573099415
2769500,66.52,-0.017438364401683705,0.010752688172043012
2770500,66.24,-0.016304347826086956,0.031990521327014215
2771500,66.14,-0.01965527668581796,0.05138806851742469
2772500,66.72,0.002997601918465228,0.042067307692307696
2773500,66.86,-0.02542626383487885,0.06336753168376584
2774500,66.12,-0.0411373260738052,0.08028335301062574
2775500,65.60000000000001,-0.041463414634146344,0.05581395348837209
2776500,65.3,-0.03522205206738132,0.04207492795389049
2777500,64.94,-0.03788112103480135,0.040501996577296064
2778500,64.78,-0.021302871256560666,0.05053946621237933
2779500,65.08,-0.012292562999385371,0.026345933562428408
2780500,64.88000000000001,-0.01726263871763255,0.011389521640091117
2781500,64.96,-0.027093596059113302,-0.012557077625570776
2782500,64.68,-0.032158317872603585,-0.03284258210645526
2783500,64.48,-0.03225806451612903,-0.0686936936936937
2784500,63.480000000000004,-0.030245746691871456,-0.07447973713033954
2785500,63.739999999999995,-0.02792594916849702,-0.05239933811362383
2786500,63.88,-0.022542266750156543,-0.015503875968992248
2787500,64.03999999999999,-0.02623360399750156,-0.018909899888765295
2788500,63.92,-0.031914893617021274,-0.0011086474501108647
2789500,64.72,-0.03646477132262052,0.007936507936507936
2790500,65.2,-0.04723926380368098,0.034482758620689655
2791500,65.78,-0.04226208574034661,0.03798947983635301
2792500,65.82000000000001,-0.03129747797022182,0.05558806319485079
2793500,67.80000000000001,-0.07256637168141593,0.06583850931677018
2794500,69.67999999999999,-0.10677382319173363,0.051451187335092345
2795500,69.62,-0.11347313990232692,0.019091507570770244
2796500,70.56,-0.11848072562358276,0.017663043478260868
2797500,71.08,-0.1288688801350591,0.04149377593360996
2798500,69.64,-0.09649626651349799,0.028985507246376812
2799500,69.26,-0.08691885648281837,0.03708523096942095
2800500,71.76,-0.11928651059085842,0.021246458923512748
2801500,73.24000000000001,-0.17149098853085745,0.013452914798206279
2802500,75.03999999999999,-0.21588486140724947,-0.008012820512820512
2803500,77.18,-0.26405804612593936,0.04119193689745837
2804500,74.9,-0.2582109479305741,0.03745019920318725
2805500,69.86,-0.20469510449470368,0.043132050431320505
2806500,67.14,-0.1671134941912422,0.04686548995739501
2807500,64.9,-0.12480739599383667,0.037037037037037035
2808500,62.28,-0.06358381502890173,0.019088016967126194
2809500,62.7,-0.04880382775119617,0.009115281501340482
2810500,65.14,-0.07645072152287381,0.01778542742398164
2811500,64.66,-0.06340859882462109,0.001697792869269949
2812500,63.92,-0.06320400500625782,-0.005543237250554324
2813500,64.78,-0.08181537511577647,-0.009653605905735378
2814500,65.2,-0.09079754601226994,0.01954022988505747
2815500,65.12,-0.08292383292383293,0.013761467889908258
2816500,65.60000000000001,-0.07378048780487804,0.02441860465116279
2817500,66.12,-0.07259528130671507,0.025974025974025976
2818500,65.28,-0.0508578431372549,0.001152073732718894
2819500,64.8,-0.04691358024691358,-0.022727272727272728
2820500,65.46,-0.06446684998472349,-0.011001737116386797
2821500,65.46,-0.08340971585701192,0.04226983207874928
2822500,66.24,-0.07971014492753623,0.08767772511848342
2823500,66.64,-0.06182472989195678,0.07913669064748201
2824500,66.66,-0.0555055505550555,0.09538092381523695
2825500,66.16,-0.03385731559854897,0.08037825059101655
2826500,65.74,0.0051718892607240646,-0.00642148277875073
2827500,65.14,0.026097635861221984,-0.04417670682730924
2828500,64.08,0.024968789013732832,0.013363028953229399
2829500,64.16,0.019326683291770574,0.010044642857142858
2830500,63.68000000000001,0.01507537688442211,0.01762114537444934
2831500,63.18,-0.02690724912947135,0.034220532319391636
2832500,62.92,-0.03305785123966942,0.010787486515641856
2833500,63.68000000000001,-0.032035175879396985,-0.028634361233480177
2834500,63.85999999999999,-0.025367992483557783,-0.03818483674598783
2835500,63.519999999999996,-0.03211586901763224,-0.05043859649122807
2836500,64.82,-0.017587164455414996,-0.03467879476975554
2837500,65.84,-0.03948967193195626,0.00702576112412178
2838500,67.2,-0.05,0.03902439024390244
2839500,67.24,-0.05353955978584176,0.03907203907203907
2840500,69.0,-0.042318840579710144,0.04387096774193548
2841500,69.58,-0.03765449841908594,0.030900723208415515
2842500,69.34,-0.018171329679838477,0.028049575994781473
2843500,69.28,-0.007505773672055427,-0.0026041666666666665
2844500,69.89999999999999,0.007725321888412017,-0.000664451827242525
2845500,69.16,0.01098901098901099,-0.02204928664072633
2846500,69.1,0.013603473227206947,-0.0006472491909385113
2847500,68.26,0.019630823322590096,-0.03087586641461878
2848500,66.97999999999999,0.005673335323977307,-0.005451241671714113
2849500,65.9,-0.013657056145675266,0.008797653958944282
2850500,65.36,-0.022643818849449205,0.017321016166281754
2851500,65.25999999999999,-0.04688936561446522,0.015544041450777202
2852500,65.3,-0.07197549770290965,0.05936599423631124
2853500,64.8,-0.05925925925925926,0.056818181818181816
2854500,64.58,-0.0387116754413131,0.03557312252964427
2855500,64.92,-0.027726432532347505,0.039908779931584946
2856500,64.7,-0.016383307573415766,0.037960339943342775
2857500,65.18,-0.005216324025774778,0.006318207926479035
2858500,66.03999999999999,-0.01150817686250757,-0.030624263839811542
2859500,67.0,-0.026865671641791045,-0.013333333333333334
2860500,67.84,-0.02240566037735849,-0.021144278606965175
2861500,68.67999999999999,-0.0203843913803145,-0.04980842911877394
2862500,70.52000000000001,-0.005672149744753261,-0.05970149253731343
2863500,71.12,0.0044994375703037125,-0.023545706371191136
2864500,70.39999999999999,-0.006818181818181818,0.00945945945945946
2865500,68.14,-0.03845024948635163,0.06089139987445072
2866500,66.72,-0.03297362110311751,0.07692307692307693
2867500,64.44,-0.04903786468032278,0.07086614173228346
2868500,63.2,-0.07784810126582278,0.075
2869500,64.84,-0.07896360271437385,0.07053469852104664
2870500,65.9,-0.04522003034901366,0.026392961876832845
2871500,66.62,-0.049534674271990396,0.016177351707609346
2872500,67.2,-0.06666666666666667,0.024390243902439025
2873500,67.74,-0.050487156775907885,-0.008059516429014259
2874500,66.0,-0.030303030303030304,-0.03882352941176471
2875500,66.24,-0.022342995169082124,-0.02132701421800948
2876500,66.12,-0.010889292196007259,-0.030696576151121605
2877500,66.52,0.0,-0.0047789725209080045
2878500,66.18,-0.016016923541855545,-0.02069781194559432
2879500,65.94,-0.016075219896875947,-0.0005871990604815032
2880500,65.44,-0.029339853300733496,-0.01273148148148148
2881500,65.10000000000001,-0.020583717357910907,-0.03037249283667622
2882500,63.980000000000004,0.007814942169427946,-0.039422543031649084
2883500,64.0,0.028125,-0.021111111111111112
2884500,64.60000000000001,0.014241486068111455,-0.04971751412429379
2885500,66.38,0.008737571557698103,-0.04818560380725759
2886500,67.0,-0.02447761194029851,-0.007272727272727273
2887500,67.94,-0.05151604356785399,-0.009357454772301934
2888500,68.17999999999999,-0.06072161924317982,-0.01697045883092395
2889500,68.38,-0.03305059959052355,-0.015812776723592662
2890500,66.84,-0.024536205864751647,-0.0012062726176115801
2891500,65.64,-0.0030469226081657527,0.004656577415599534
2892500,65.25999999999999,0.02850137909898866,0.0017271157167530224
2893500,65.46,0.03269172013443324,0.05385060799073538
2894500,65.8,0.00911854103343465,0.05847953216374269
2895500,66.08000000000001,-0.0012106537530266344,0.05188679245283019
2896500,67.08,-0.005963029218843173,0.03766707168894289
2897500,67.0,-0.010746268656716417,0.025454545454545455
2898500,66.5,-0.007518796992481203,0.006567164179104477
2899500,65.75999999999999,-0.0036496350364963502,0.018691588785046728
2900500,65.86,-0.00516246583662314,0.02401874633860574
2901500,64.96,0.0024630541871921183,0.0365296803652968
2902500,64.74,-0.019462465245597776,0.06749858196256381
2903500,65.38000000000001,-0.04190884062404405,0.07221259387637204
2904500,65.60000000000001,-0.03597560975609756,0.0755813953488372
2905500,65.2,-0.050920245398773004,0.10229885057471265
2906500,65.53999999999999,-0.07232224595666768,0.09576320371445154
2907500,65.25999999999999,-0.06834201654918787,0.06044905008635579
2908500,65.36,-0.06548347613219094,0.04849884526558892
2909500,65.72,-0.07060255629945222,0.023337222870478413
2910500,66.4,-0.04397590361445783,-0.015476190476190477
2911500,66.02,-0.029990911844895485,-0.006474396703943496
2912500,66.16,-0.024788391777509067,0.02955082742316785
2913500,66.12,0.003629764065335753,-0.018890200708382526
2914500,65.58,0.008234217749313814,0.0017431725740848344
2915500,65.38000000000001,-0.005200367084735393,0.007510109763142692
2916500,65.86,-0.006377163680534467,0.0005858230814294083
2917500,66.22,-0.009362730292962852,-0.03493191237418591
2918500,66.14,-0.029936498336861204,0.021854695806261076
2919500,65.88000000000001,-0.02853673345476624,0.029308323563892145
2920500,68.10000000000001,0.02261380323054332,0.008150470219435737
2921500,68.88,0.011033681765389082,0.02956298200514139
2922500,69.46,0.006046645551396487,0.03732809430255403
2923500,68.86,0.0002904443799012489,0.026332691072575465
2924500,69.42,0.007202535292422933,0.011118378024852845
2925500,67.2,-0.042261904761904764,0.03170731707317073
2926500,66.84,-0.016756433273488927,-0.03618817852834741
2927500,66.7,-0.032683658170914544,-0.03663663663663664
2928500,66.5,-0.019548872180451128,-0.042388059701492536
2929500,66.25999999999999,-0.042559613643223665,-0.05038529934795495
2930500,66.36,-0.046413502109704644,-0.03804994054696789
2931500,65.44,-0.07334963325183375,0.011574074074074073
2932500,64.64,-0.053217821782178217,0.029411764705882353
2933500,65.24,-0.036174126302881665,0.039125431530494824
2934500,65.22,-0.046304814474087706,0.030477285796434734
2935500,65.64,-0.056063375990249846,0.03608847497089639
2936500,65.96,-0.053972104305639784,0.05992949471210341
2937500,66.72,-0.05575539568345324,0.054086538461538464
2938500,66.64,-0.08283313325330131,0.07913669064748201
2939500,66.88,-0.05980861244019139,0.09178743961352658
2940500,66.02,-0.024538018782187216,0.03825779870512066
2941500,67.14,-0.016383675901102176,-0.0030432136335970784
2942500,68.10000000000001,-0.0408223201174743,-0.034482758620689655
2943500,68.44,-0.027469316189362946,-0.07984790874524715
2944500,68.17999999999999,-0.02845409210912291,-0.06599622878692646
2945500,68.32000000000001,-0.049765807962529274,-0.012626262626262626
2946500,67.72,-0.05138806851742469,0.024783147459727387
2947500,66.16,-0.015114873035066506,0.04373522458628842
2948500,65.88000000000001,-0.008500303582270795,0.044548651817116064
2949500,66.0,-0.022424242424242423,0.052941176470588235
2950500,65.68,-0.018879415347137638,0.054778554778554776
2951500,64.7,-0.0071097372488408035,0.04362606232294618
2952500,64.3,-0.007153965785381027,0.05322128851540616
2953500,63.260000000000005,-0.002213088839709137,0.06804572672836146
2954500,63.080000000000005,0.02092580849714648,0.06067172264355363
2955500,63.06,0.05233111322549953,0.03194369247428262
2956500,63.32,0.04295641187618446,0.03271537622682661
2957500,63.160000000000004,0.026599113362887904,0.008686210640608035
2958500,66.22,-0.04379341588643914,-0.006512729425695678
2959500,68.44,-0.12273524254821741,0.011406844106463879
2960500,68.60000000000001,-0.16151603498542275,0.04331210191082802
2961500,68.62,-0.15476537452637715,0.012109623964308477
2962500,69.48,-0.15544041450777202,0.039318479685452164
2963500,67.10000000000001,-0.11892697466467958,0.07598784194528875
2964500,65.34,-0.04377104377104377,0.04096941719561454
2965500,65.53999999999999,-0.03387244430881904,-0.011027278003482298
2966500,65.46,-0.04552398411243507,-0.0028951939779965257
2967500,64.48,-0.03287841191066997,0.0033783783783783786
2968500,65.36,-0.0397796817625459,-0.006928406466512702
2969500,65.46,-0.058967308279865564,0.033005211349160395
2970500,65.38000000000001,-0.04925053533190578,0.07221259387637204
2971500,65.10000000000001,-0.06175115207373272,0.09455587392550144
2972500,66.62,-0.07475232662864005,0.09286998202516476
2973500,66.0,-0.06303030303030303,0.08588235294117647
2974500,65.72,-0.0505173463177115,0.03150525087514586
2975500,66.84,-0.05864751645721125,0.014475271411338963
2976500,67.56,-0.03433984606275903,-0.0036991368680641184
2977500,66.75999999999999,-0.007789095266626723,-0.03850782190132371
2978500,66.2,0.02416918429003021,-0.10414201183431952
2979500,65.96,0.014554275318374773,-0.06580493537015276
2980500,64.64,0.017326732673267328,-0.04524886877828054
2981500,64.38000000000001,-0.003417210313762038,-0.027512633352049412
2982500,65.25999999999999,-0.03830830524057616,0.017846862406447898
2983500,65.66,-0.07036247334754797,0.0646476412347117
2984500,65.92,-0.05643203883495146,0.05985915492957746
2985500,66.66,-0.06090609060906091,0.04979004199160168
2986500,67.22,-0.059803629872061885,0.03965832824893228
2987500,66.46,-0.05567258501354198,-0.00655933214072749
2988500,66.18,-0.04381988516168027,-0.03489059727971614
2989500,66.24,-0.05495169082125604,-0.04265402843601896
2990500,66.3,-0.05339366515837104,-0.02314540059347181
2991500,67.12,-0.052443384982121574,-0.006082725060827251
2992500,67.97999999999999,-0.04501323918799647,0.04559650218613367
2993500,68.78,-0.049723756906077346,0.0723894939141576
2994500,69.5,-0.03597122302158273,0.07672131147540984
2995500,69.46,-0.02620213072271811,0.07007203667321546
2996500,68.46,-0.03242769500438212,0.055168040583386174
2997500,67.97999999999999,-0.032068255369226244,0.030605871330418487
2998500,66.94,-0.026590976994323275,0.016333938294010888
2999500,65.66,-0.028936947913493757,-0.022714036109493303
3000500,64.74,-0.030583873957367932,-0.07203630175836642
3001500,64.22,-0.010900031142946123,-0.05198434879821129
3002500,63.82,-0.010968348480100282,-0.004975124378109453
3003500,64.32,-0.013059701492537313,0.011210762331838564
3004500,65.58,-0.035681610247026534,0.07147007553747821
3005500,65.86,-0.05375037959307622,0.10017574692442882
3006500,65.62,-0.0697957939652545,0.12390924956369982
3007500,65.56,-0.05491153142159853,0.08826945412311266
3008500,66.03999999999999,-0.04663840096910963,0.10482921083627797
3009500,64.75999999999999,-0.04323656578134651,0.09307604994324631
3010500,66.08000000000001,-0.027239709443099273,0.07075471698113207
3011500,66.86,-0.026024528866287765,0.016294508147254073
3012500,66.82000000000001,-0.030829093085902426,-0.013863773357444244
3013500,66.46,-0.06470057177249473,-0.020870602265951103
3014500,67.30000000000001,-0.0662704309063893,-0.010397553516819572
3015500,65.78,-0.0720583764062025,0.07071887784921099
3016500,65.5,-0.06748091603053435,0.12579710144927536
3017500,65.8,-0.06261398176291794,0.16257309941520467
3018500,65.14,-0.03899293828676696,0.16351118760757316
3019500,64.03999999999999,-0.019362898188632106,0.10122358175750834
3020500,64.28,-0.018668326073428748,0.07054871220604703
3021500,64.1,0.005304212168486739,0.03732590529247911
3022500,64.46,-0.020788085634502018,0.04783342712436691
3023500,64.74,-0.023169601482854494,0.04821327283040272
3024500,65.14,-0.022413263739637704,0.08777969018932874
3025500,64.74,-0.025023169601482854,0.0822461712989223
3026500,64.36,-0.041019266625233065,0.06397306397306397
3027500,63.62,-0.03300848789688777,0.04233095107201759
3028500,63.62,-0.03300848789688777,0.034634414513468936
3029500,64.12,-0.041796631316281974,0.03121516164994426
3030500,64.52,-0.0347179169249845,0.02254791431792559
3031500,65.02,-0.04583205167640726,0.030303030303030304
3032500,65.03999999999999,-0.04797047970479705,0.02288329519450801
3033500,64.22,-0.048894425412644035,-0.010620458356623811
3034500,63.12,-0.053231939163498096,-0.028199566160520606
3035500,63.36000000000001,-0.05808080808080808,-0.02292576419213974
3036500,63.56,-0.05538074260541221,-0.03951701427003293
3037500,64.38000000000001,-0.06554830692761728,-0.026389668725435148
3038500,66.3,-0.06907993966817497,0.010089020771513354
3039500,67.75999999999999,-0.06965761511216056,0.06699751861042183
3040500,66.78,-0.07337526205450734,0.10897049969897651
3041500,67.04,-0.05608591885441527,0.14320388349514562
3042500,67.24,-0.03271861986912552,0.17582417582417584
3043500,67.54,-0.012733195143618597,0.15711645101663585
3044500,67.2,0.011904761904761904,0.11585365853658537
3045500,66.34,0.011154657823334338,0.04931669637551991
3046500,65.12,-0.002457002457002457,0.006880733944954129
3047500,63.72,-0.015693659761456372,-0.04961411245865491
3048500,62.339999999999996,-0.04908565928777671,-0.044078597981943704
3049500,62.239999999999995,-0.06876606683804627,-0.05402542372881356
3050500,65.48,-0.08491142333536958,-0.011587485515643106
3051500,66.24,-0.06944444444444445,0.013033175355450236
3052500,68.92,-0.019733023795705164,0.015444015444015444
3053500,70.56,0.012471655328798186,0.04076086956521739
3054500,71.02000000000001,0.012109264995775838,0.06418219461697723
3055500,69.34,0.028554946639746177,-0.007175472928897586
3056500,68.84,0.0,0.010269576379974325
3057500,66.18,-0.04019341190692052,0.02069781194559432
3058500,65.06,-0.04764832462342453,-0.014310246136233544
3059500,65.16,-0.034990791896869246,-0.012629161882893225
3060500,65.9,-0.03915022761760243,0.026392961876832845
3061500,66.18,-0.005741915986702931,-0.004139562389118865
3062500,66.5,-0.010526315789473684,0.001791044776119403
3063500,65.92,-0.01820388349514563,0.028169014084507043
3064500,65.60000000000001,-0.023170731707317073,0.020930232558139535
3065500,65.66,0.014925373134328358,-0.008736167734420501
3066500,65.24,-0.019619865113427344,0.00805523590333717
3067500,64.56,-0.030978934324659233,-0.019187358916478554
3068500,64.48,-0.018610421836228287,-0.05518018018018018
3069500,64.4,-0.02111801242236025,-0.07303370786516854
3070500,63.75999999999999,-0.05269761606022585,-0.046357615894039736
3071500,64.22,-0.033322952351292436,-0.05757406372275014
3072500,64.66,-0.01453758119393752,-0.020939445387662705
3073500,65.62,-0.0332215787869552,0.008726003490401396
3074500,65.56,-0.025625381330079317,0.013937282229965157
3075500,65.84,-0.024301336573511544,0.01873536299765808
3076500,66.10000000000001,-0.02632375189107413,0.02064896755162242
3077500,66.36,-0.02531645569620253,0.02140309155766944
3078500,65.56,-0.02928615009151922,0.030197444831591175
3079500,65.8,-0.035866261398176294,0.05847953216374269
3080500,64.84,-0.04256631708821715,0.06939704209328783
3081500,64.32,-0.04788557213930348,0.08183856502242152
3082500,64.84,-0.06292412091301666,0.08646188850967008
3083500,64.38000000000001,-0.06057781919850885,0.0746771476698484
3084500,63.0,-0.06222222222222222,0.06594594594594595
3085500,63.36000000000001,-0.05176767676767677,0.04694323144104803
3086500,64.38000000000001,-0.048151599875737805,0.043234138124649074
3087500,64.56,-0.042131350681536554,0.0327313769751693
3088500,65.46,-0.030858539566147265,0.01910828025477707
3089500,66.62,-0.03272290603422396,-0.0005991611743559018
3090500,66.94,-0.028981177173588286,0.007864488808227465
3091500,65.96,-0.01637355973317162,-0.0011750881316098707
3092500,65.84,-0.013973268529769137,0.00819672131147541
3093500,65.44,-0.01650366748166259,0.03587962962962963
3094500,64.38000000000001,0.003417210313762038,0.0364963503649635
3095500,64.48,0.01054590570719603,0.02027027027027027
3096500,64.46,-0.000930809804529941,0.012943162633652222
3097500,63.92,0.006257822277847309,-0.024390243902439025
3098500,64.32,0.009328358208955223,-0.06390134529147982
3099500,65.32,-0.020820575627679118,-0.0784313725490196
3100500,65.9,-0.0543247344461305,-0.05337243401759531
3101500,66.58,-0.04535896665665365,-0.04608019150209455
3102500,66.74,-0.036260113874737786,-0.01984365604329525
3103500,67.04,-0.045346062052505964,0.0036407766990291263
3104500,67.60000000000001,-0.028994082840236687,0.0049382716049382715
3105500,67.30000000000001,-0.018127786032689452,-0.007951070336391437
3106500,67.34,-0.026433026433026433,-0.032455603184323334
3107500,68.58,-0.04403616214639837,-0.046467218332272436
3108500,68.26,-0.04189862291239379,-0.045998739760554505
3109500,68.60000000000001,-0.0565597667638484,-0.008917197452229299
3110500,69.02000000000001,-0.05013039698638076,-0.04454486765655261
3111500,68.86,-0.029915771129828638,-0.023763648041104687
3112500,66.75999999999999,-0.03654883163571001,0.015643802647412757
3113500,65.32,-0.004286589099816289,0.03229527104959631
3114500,65.2,0.05889570552147239,-0.03103448275862069
3115500,64.96,0.06711822660098522,-0.012557077625570776
3116500,65.16,0.00798035604665439,0.024110218140068886
3117500,65.16,0.019030079803560467,-0.05625717566016074
3118500,65.78,0.007601094557616297,-0.12799532437171246
3119500,64.82,-0.03856834310398025,-0.09721432632177374
3120500,63.6,-0.03773584905660377,-0.15934065934065933
3121500,61.339999999999996,0.016628627323117054,-0.21779617175375066
3122500,61.339999999999996,0.025758069775024452,-0.17951370926021729
3123500,60.88,0.018396846254927726,-0.1441717791411043
3124500,59.9,0.021035058430717863,-0.13915211970074812
3125500,59.8,0.024749163879598662,-0.09651741293532339
3126500,60.8,0.031578947368421054,-0.07959183673469387
3127500,60.56,0.03830911492734478,-0.10344827586206896
3128500,61.08,0.04191224623444663,-0.10071942446043165
3129500,61.62,0.050957481337228175,-0.09015112037519542
3130500,62.2,0.041157556270096464,-0.056084656084656084
3131500,63.5,0.013543307086614173,-0.03452054794520548
3132500,64.86,0.0003083564600678384,0.014228799089356859
3133500,65.7,-0.012480974124809741,0.06355685131195335
3134500,67.30000000000001,-0.023476968796433878,0.07155963302752294
3135500,67.88,-0.03358868591632292,0.058530510585305104
3136500,68.2,-0.029912023460410556,0.05786163522012579
3137500,67.97999999999999,-0.015592821418064137,0.030605871330418487
3138500,67.24,-0.018441403926234383,0.028083028083028084
3139500,65.7,-0.030745814307458142,0.08104956268221575
3140500,65.16,-0.049723756906077346,0.1515499425947187
3141500,65.22,-0.07022385771235817,0.20414031052328924
3142500,65.68,-0.09866017052375152,0.2296037296037296
3143500,66.18,-0.10970081595648232,0.19101123595505617
3144500,66.94,-0.10905288317896623,0.11796733212341198
3145500,68.42,-0.06460099386144402,0.015832805573147563
3146500,67.86,-0.04804008252284114,-0.04169259489732421
3147500,67.17999999999999,-0.04376302470973504,-0.061547836684948204
3148500,67.86,-0.044503389330975536,-0.04667081518357187
3149500,67.88,-0.038892162639952856,-0.009962640099626401
3150500,66.46,-0.04363526933493831,0.007751937984496124
3151500,65.75999999999999,-0.032846715328467155,0.04439252336448598
3152500,65.68,-0.027405602923264313,0.07342657342657342
3153500,65.92,-0.017597087378640776,0.09272300469483569
3154500,66.08000000000001,-0.009685230024213076,0.08608490566037735
3155500,66.53999999999999,-0.03576795912233243,0.10699342498505679
3156500,68.06,-0.0455480458419042,0.07576706324358172
3157500,69.06,-0.048363741673906745,0.058823529411764705
3158500,68.02,-0.05733607762422817,0.03564727954971857
3159500,67.38,-0.05491243692490353,0.02145922746781116
3160500,67.5,-0.027555555555555555,0.011692307692307693
3161500,68.5,0.028905109489051097,0.018412698412698412
3162500,67.94,0.032675890491610245,0.01933873986275733
3163500,67.72,0.044300059066745424,0.024783147459727387
3164500,67.44,0.04329774614472123,0.02702702702702703
3165500,66.4,0.03253012048192771,-0.0035714285714285713
3166500,63.959999999999994,-0.01938711694809256,0.006659267480577136
3167500,63.68000000000001,-0.02198492462311558,0.0011013215859030838
3168500,64.36,-0.032318210068365445,-0.015712682379349047
3169500,65.4,-0.04709480122324159,0.019653179190751446
3170500,65.58,-0.05275998780115889,0.05520046484601976
3171500,65.52,-0.0463980463980464,0.013921113689095127
3172500,65.7,-0.052054794520547946,0.0239067055393586
3173500,65.68,-0.052984165651644335,0.037296037296037296
3174500,65.14,-0.040221062327295054,-0.0051635111876075735
3175500,65.18,-0.030377416385394294,0.014359563469270534
3176500,65.56,-0.04270896888346553,0.0545876887340302
3177500,65.4,-0.039755351681957186,0.06011560693641618
3178500,65.06,-0.03227789732554565,0.06697195191757298
3179500,65.02,-0.04214087972931406,0.08862206975414523
3180500,65.82000000000001,-0.045882710422364026,0.07665301345816267
3181500,65.48,-0.03909590714722053,0.05330243337195829
3182500,65.58,-0.03995120463555962,0.06798373038930854
3183500,65.14,-0.03899293828676696,0.03270223752151463
3184500,64.22,-0.04142011834319527,0.046394633873672445
3185500,63.56,-0.033983637507866586,0.042810098792535674
3186500,64.32,-0.05037313432835821,0.10650224215246637
3187500,63.959999999999994,-0.046278924327704814,0.07436182019977802
3188500,64.7,-0.04605873261205564,0.1263456090651558
3189500,64.8,-0.04938271604938271,0.10340909090909091
3190500,64.64,-0.07054455445544554,0.083710407239819
3191500,64.14,-0.04646086685375741,0.01505856107083101
3192500,64.38000000000001,-0.034482758620689655,0.006176305446378439
3193500,64.08,-0.06304619225967541,-0.014476614699331848
3194500,64.82,-0.06633755013884604,-0.0028425241614553724
3195500,65.44,-0.0519559902200489,0.017361111111111112
3196500,65.88000000000001,-0.07103825136612021,0.01406799531066823
3197500,65.56,-0.07077486272117145,-0.017421602787456445
3198500,66.74,-0.03086604734791729,-0.029464822609741433
3199500,67.25999999999999,-0.021706809396372286,-0.03481979230299328
3200500,67.06,-0.02833283626603042,-0.04918032786885246
3201500,67.86,-0.020335985853227233,-0.037958929682638455
3202500,68.8,-0.029651162790697676,0.019230769230769232
3203500,68.54,-0.045812664137729796,0.050222504767959315
3204500,69.22,-0.048251950303380524,0.04613385315139701
3205500,69.74000000000001,-0.055921995985087465,0.07072042300066093
3206500,68.76,-0.07446189645142524,0.08194622279129321
3207500,67.97999999999999,-0.07208002353633422,0.060587133041848845
3208500,67.14,-0.07238605898123325,0.04077906269020085
3209500,65.96,-0.07337780473013948,0.023501762632197415
3210500,65.4,-0.07951070336391437,0.0011560693641618498
3211500,65.12,-0.05221130221130221,-0.008027522935779817
3212500,65.12,-0.0472972972972973,0.0034403669724770644
3213500,65.3,-0.04012251148545176,0.007492795389048991
3214500,65.08,-0.051014136447449294,0.038946162657502864
3215500,64.58,-0.029420873335397956,0.023150762281197064
3216500,64.75999999999999,-0.04323656578134651,0.039727582292849034
3217500,65.22,-0.05121128488193805,0.02817711328349626
3218500,64.74,-0.0503552672227371,0.027793533749290982
3219500,64.88000000000001,-0.03020961775585697,0.0
3220500,66.10000000000001,-0.012405446293494705,0.012389380530973451
3221500,66.14,-0.01058361052313275,0.01004134672179563
3222500,66.3,-0.005128205128205128,-0.00771513353115727
3223500,67.2,-0.007738095238095238,-0.026829268292682926
3224500,67.06,-0.014017297942141366,-0.01639344262295082
3225500,66.9,-0.03198804185351271,-0.006646525679758308
3226500,67.2,-0.03988095238095238,-0.0012195121951219512
3227500,67.42,-0.03826757638682884,0.03376304481276857
3228500,66.32000000000001,-0.05186972255729795,0.04631828978622328
3229500,66.32000000000001,-0.06453558504221954,0.06294536817102138
3230500,65.36,-0.07649938800489596,0.10277136258660508
3231500,65.64,-0.061547836684948204,0.06519208381839348
3232500,64.86,-0.061979648473635525,0.06317586795674444
3233500,66.2,-0.06465256797583081,0.04142011834319527
3234500,67.34,-0.056133056133056136,0.000612369871402327
3235500,67.67999999999999,-0.0508274231678487,-0.0655940594059406
3236500,67.2,-0.06428571428571428,-0.05365853658536585
3237500,67.82000000000001,-0.07283987024476556,-0.041640770665009326
3238500,67.0,-0.06208955223880597,-0.008484848484848486
3239500,65.86,-0.057394473124810205,-0.02870533099004101
3240500,63.980000000000004,-0.0490778368240075,-0.016102165463631316
3241500,62.62,-0.026509102523155543,0.0016051364365971107
3242500,61.46,-0.013992840872111943,-0.027503892060197196
3243500,61.1,-0.010801963993453356,-0.030334190231362468
3244500,61.199999999999996,0.00392156862745098,-0.005154639175257732
3245500,63.36000000000001,0.008838383838383838,-0.004366812227074236
3246500,64.42,-0.0443961502638932,0.0039347948285553686
3247500,65.38000000000001,-0.04986234322422759,0.006354708261120739
3248500,65.68,-0.04141291108404385,0.0011655011655011655
3249500,65.60000000000001,-0.028658536585365855,-0.002325581395348837
3250500,65.66,-0.02040816326530612,0.008736167734420501
3251500,65.94,-0.001516530178950561,0.020551967116852612
3252500,65.64,-0.010359536867763558,0.02677532013969732
3253500,65.22,-0.010119595216191352,0.03852788959171938
3254500,65.03999999999999,-0.01783517835178352,0.05034324942791762
3255500,65.25999999999999,-0.01685565430585351,0.04548071387449626
3256500,65.24,-0.030042918454935622,0.03682393555811277
3257500,65.66,-0.014925373134328358,0.041351193942923706
3258500,65.86,-0.01548739750986942,0.02753368482718219
3259500,67.12,-0.02562574493444577,0.019464720194647202
3260500,66.18,-0.02085222121486854,-0.0005913660555884093
3261500,66.75999999999999,0.039544637507489516,-0.03369434416365824
3262500,66.56,0.03485576923076923,-0.03229665071770335
3263500,66.82000000000001,0.03262496258605208,-0.009041591320072333
3264500,66.53999999999999,0.048993086865043584,-0.010161386730424387
3265500,67.34,0.041283041283041284,0.004286589099816289
3266500,66.4,0.023493975903614458,-0.0011904761904761906
3267500,66.36,0.019288728149487643,0.008323424494649227
3268500,66.4,0.006024096385542169,-0.015476190476190477
3269500,65.86,-0.012450652900091102,-0.007615700058582308
3270500,65.03999999999999,-0.012300123001230012,0.011441647597254004
3271500,64.36,-0.016159105034182723,-0.017957351290684626
3272500,62.7,-0.005422647527910686,-0.06916890080428954
3273500,61.88,-0.011635423400129283,-0.08289611752360965
3274500,61.58,-0.023059434881455017,-0.07652264445601249
3275500,62.3,-0.033707865168539325,-0.08541114058355438
3276500,62.86000000000001,-0.04295259306395164,-0.04900376952073236
3277500,64.88000000000001,-0.04623921085080148,0.004555808656036446
3278500,66.06,-0.036633363608840445,0.03358868591632292
3279500,66.9,-0.03736920777279522,0.03081570996978852
3280500,65.86,-0.0640753112663225,0.06502636203866433
3281500,65.22,-0.05550444648880711,0.04427832087406555
3282500,63.62,-0.056271612700408674,0.04452996151731721
3283500,63.62,-0.055642879597610814,0.033534909290819134
3284500,62.92,-0.04577240940877304,0.03344120819848975
3285500,63.580000000000005,-0.007234979553318654,-0.033498077979132346
3286500,64.18,0.005297600498597694,-0.022892238972640984
3287500,65.88000000000001,0.01700060716454159,-0.05041031652989449
3288500,64.82,0.02437519284171552,-0.06878908470722
3289500,64.9,0.021879815100154083,-0.08148148148148149
3290500,65.32,-0.01653398652786283,-0.02191464821222607
3291500,66.5,-0.057443609022556394,0.023283582089552238
3292500,66.60000000000001,-0.10750750750750751,0.08742514970059881
3293500,67.88,-0.14496169711255155,0.1706102117061021
3294500,68.7,-0.17903930131004367,0.20511182108626197
3295500,67.82000000000001,-0.19964612208787968,0.20074580484773152
3296500,66.3,-0.19819004524886877,0.16201780415430267
3297500,64.60000000000001,-0.18080495356037152,0.1423728813559322
3298500,61.8,-0.15728155339805824,0.07643979057591622
3299500,60.28,-0.11612475116124751,0.05740181268882175
3300500,59.81999999999999,-0.07656302240053493,0.03434544549527128
3301500,59.8,-0.0588628762541806,0.028855721393034824
3302500,59.98,-0.05501833944648216,0.005497251374312844
3303500,61.96,-0.04196255648805681,0.012618296529968454
3304500,62.239999999999995,-0.04691516709511568,0.02754237288135593
3305500,63.32,-0.0410612760581175,0.03925845147219193
3306500,63.5,-0.03307086614173228,0.04438356164383562
3307500,62.9,-0.02702702702702703,0.026415094339622643
3308500,62.53999999999999,-0.017588743204349215,-0.001601708489054992
3309500,62.7,0.0066985645933014355,0.0005361930294906167
3310500,60.260000000000005,-0.00033189512114171923,-0.024660291897332664
3311500,60.760000000000005,-0.02106649111257406,0.0010193679918450561
3312500,62.019999999999996,-0.00999677523379555,0.04160084254870985
3313500,62.44,-0.012171684817424727,0.04046858359957402
3314500,62.019999999999996,-0.04482425024185747,0.017377567140600316
3315500,63.82,-0.044813538075838294,0.035931453841901606
3316500,63.480000000000004,-0.04473850031505986,0.014238773274917854
3317500,64.78,-0.06823093547391171,-0.019875070982396367
3318500,64.88000000000001,-0.08199753390875462,0.015945330296127564
3319500,65.28,-0.06495098039215687,0.02880184331797235
3320500,65.78,-0.06476132563089085,0.03331385154880187
3321500,65.64,-0.06337599024984765,0.048894062863795114
3322500,64.18,-0.042692427547522595,0.06420993858179788
3323500,64.12,-0.034310667498440424,0.0713489409141583
3324500,63.959999999999994,-0.0525328330206379,0.08213096559378469
3325500,63.72,-0.03327055869428751,0.05512679162072767
3326500,64.42,-0.017075442409189692,0.029792017987633503
3327500,64.56,-0.01982651796778191,0.0056433408577878106
3328500,65.56,-0.03233679072605247,0.009291521486643438
3329500,66.64,-0.034213685474189674,0.015587529976019185
3330500,67.10000000000001,-0.059910581222056634,0.06869300911854104
3331500,67.7,-0.06824224519940916,0.07244582043343653
3332500,68.10000000000001,-0.0684287812041116,0.07460815047021943
3333500,67.24,-0.07495538370017847,0.06105006105006105
3334500,67.75999999999999,-0.051357733175914994,0.03970223325062035
3335500,68.04,-0.047031158142269255,0.01376720901126408
3336500,67.7,-0.04460856720827179,0.00804953560371517
3337500,68.17999999999999,-0.04664124376650044,0.035826524198617225
3338500,67.7,-0.030428360413589366,0.021671826625386997
3339500,66.18,-0.042006648534300396,0.03725606150206978
3340500,65.62,-0.026516306004266993,0.05759162303664921
3341500,64.78,-0.031182463723371412,0.009653605905735378
3342500,63.62,-0.039924552027664255,0.002748763056624519
3343500,64.22,-0.032077234506384306,0.0005589714924538849
3344500,65.03999999999999,-0.025830258302583026,-0.029748283752860413
3345500,64.56,-0.02664188351920694,-0.045146726862302484
3346500,64.75999999999999,-0.00926497838171711,0.021566401816118047
3347500,65.34,0.004591368227731864,0.012117714945181766
3348500,65.16,0.014119091467157766,0.006888633754305396
3349500,65.12,0.02334152334152334,-0.005733944954128441
3350500,66.0,0.022424242424242423,-0.03411764705882353
3351500,66.64,0.01020408163265306,-0.0539568345323741
3352500,67.58,-0.005031074282332051,-0.047501542257865514
3353500,68.04,-0.019988242210464434,-0.057571964956195244
3354500,68.06,-0.030855127828386716,-0.039448966812773954
3355500,67.62,-0.005619639160011831,-0.019147621988882025
3356500,67.12,0.009535160905840286,-0.02068126520681265
3357500,65.8,0.01398176291793313,-0.04912280701754386
3358500,64.9,0.007704160246533128,-0.041595441595441596
3359500,64.62,0.005261528938409161,-0.046919163369135104
3360500,65.38000000000001,-0.0168247170388498,-0.06874638937030618
3361500,65.28,-0.024509803921568627,-0.059907834101382486
3362500,65.5,-0.026564885496183206,-0.03072463768115942
3363500,65.84,-0.019441069258809233,-0.00117096018735363
3364500,65.32,-0.0226576852418861,0.02883506343713956
3365500,64.68,-0.05318491032776747,0.04077010192525481
3366500,64.64,-0.05136138613861386,0.024886877828054297
3367500,64.84,-0.05058605798889575,0.011376564277588168
3368500,66.08000000000001,-0.053268765133171914,0.020047169811320754
3369500,66.94,-0.03256647744248581,-0.016333938294010888
3370500,67.86,-0.00618921308576481,-0.019290603609209707
3371500,68.78,-0.011340505961035184,-0.03139013452914798
3372500,69.32000000000001,-0.0005770340450086555,-0.02216427640156454
3373500,68.82000000000001,-0.0066841034582970065,-0.03784477228992944
3374500,67.92,-0.04063604240282685,-0.02119700748129676
3375500,66.25999999999999,-0.08240265620283731,0.05275637225844695
3376500,65.52,-0.12576312576312576,0.10904872389791183
3377500,64.05999999999999,-0.1851389322510147,0.17417918753478018
3378500,63.75999999999999,-0.22082810539523212,0.19646799116997793
3379500,64.16,-0.1745635910224439,0.17522321428571427
3380500,64.75999999999999,-0.1352686843730698,0.1112372304199773
3381500,65.0,-0.096,0.096
3382500,65.75999999999999,-0.05474452554744526,0.02336448598130841
3383500,66.18,-0.015412511332728921,0.039621525724423415
3384500,66.32000000000001,-0.04463208685162847,0.0855106888361045
3385500,67.32000000000001,-0.0540701128936423,0.0832313341493268
3386500,66.78,-0.056004791853848455,0.010234798314268514
3387500,67.0,-0.05492537313432836,-0.0036363636363636364
3388500,66.97999999999999,-0.052851597491788596,-0.05511811023622047
3389500,67.25999999999999,-0.04906333630686887,-0.07513744654856444
3390500,67.06,-0.037876528481956453,-0.0588949605343048
3391500,66.78,-0.03024857741838874,0.009030704394942806
3392500,66.53999999999999,-0.021340547039374814,0.02092050209205021
3393500,66.32000000000001,-0.014475271411338963,0.026128266033254157
3394500,65.78,0.005168744299179082,0.02863822326125073
3395500,65.72,-0.004869141813755326,0.051341890315052506
3396500,67.04,-0.0065632458233890216,0.04733009708737864
3397500,67.62,-0.0014788524105294291,0.03644224830142063
3398500,67.67999999999999,-0.0065011820330969266,0.04579207920792079
3399500,68.46,-0.03067484662576687,0.06404565630944832
3400500,67.92,-0.03180212014134275,0.05860349127182045
3401500,66.5,-0.026165413533834586,0.0853731343283582
3402500,65.18,-0.02117213869285057,0.14072372199885125
3403500,65.16,-0.02394106813996317,0.13662456946039037
3404500,64.3,-0.012130637636080872,0.14173669467787114
3405500,64.16,-0.007481296758104738,0.11607142857142858
3406500,64.0,-0.010625,0.06666666666666667
3407500,64.08,-0.020599250936329586,0.005567928730512249
3408500,63.2,-0.0031645569620253164,-0.008695652173913044
3409500,63.2,0.0018987341772151898,-0.05217391304347826
3410500,62.22,0.013821922211507553,-0.08205399682371625
3411500,61.7,0.022366288492706644,-0.07989556135770234
3412500,61.44,0.035807291666666664,-0.08195020746887967
3413500,61.339999999999996,0.008151287903488751,-0.07087428867046043
3414500,61.660000000000004,-0.006162828413882582,-0.05372978612415232
3415500,62.019999999999996,-0.019026120606256046,-0.007898894154818325
3416500,63.4,-0.03596214511041009,0.014207650273224045
3417500,63.660000000000004,-0.0486961985548225,0.033571821684094665
3418500,63.7,-0.043014128728414446,0.050137741046831955
3419500,63.1,-0.030110935023771792,0.06558265582655827
3420500,63.9,-0.022848200312989047,0.04044321329639889
3421500,63.85999999999999,-0.0278734732226746,0.016048699501936912
3422500,64.7,-0.04482225656877898,0.027762039660056657
3423500,65.12,-0.05773955773955774,0.01834862385321101
3424500,66.18,-0.0595346025989725,0.01596688350088705
3425500,66.28,-0.06397103198551599,0.0071174377224199285
3426500,66.03999999999999,-0.05027256208358571,-0.02237926972909305
3427500,65.34,-0.027242118151209062,-0.03866128101557992
3428500,65.03999999999999,-0.004305043050430504,-0.04691075514874142
3429500,64.5,-0.02883720930232558,-0.03436619718309859
3430500,64.44,-0.0297951582867784,-0.023622047244094488
3431500,64.66,-0.009588617383235385,-0.00622524052065648
3432500,65.18,-0.008898435102792267,-0.02125215393452039
3433500,64.98,-0.029855340104647583,-0.003997715591090805
3434500,65.36,-0.012239902080783354,-0.021939953810623556
3435500,65.96,-0.015767131594906003,-0.0011750881316098707
3436500,65.7,-0.0350076103500761,0.01574344023323615
3437500,65.72,-0.0426049908703591,0.042007001166861145
3438500,67.0,-0.026865671641791045,0.01575757575757576
3439500,66.46,-0.03641287992777611,0.00655933214072749
3440500,65.62,-0.02895458701615361,-0.005235602094240838
3441500,66.44,-0.03732691149909693,0.0
3442500,66.75999999999999,-0.029958058717795086,-0.009626955475330927
3443500,66.67999999999999,-0.02519496100779844,0.0
3444500,66.82000000000001,-0.012870398084405866,0.0006027727546714888
3445500,66.86,-0.018845348489380794,-0.0006035003017501509
3446500,66.38,-0.009942753841518529,0.011302795954788817
3447500,65.96,-0.013947847180109158,0.024676850763807285
3448500,65.98,-0.02940284934828736,0.02292768959435626
3449500,66.12,-0.029038112522686024,0.04132231404958678
3450500,66.3,-0.0196078431372549,0.05875370919881306
3451500,67.52,-0.03317535545023697,0.029556650246305417
3452500,67.78,-0.04160519327235172,0.03414028553693358
3453500,67.25999999999999,-0.03300624442462088,0.06047648136835675
3454500,67.04,-0.03579952267303103,0.05339805825242718
3455500,67.30000000000001,-0.03298662704309064,0.03241590214067278
3456500,65.60000000000001,-0.03475609756097561,0.0686046511627907
3457500,66.14,-0.019050498941638946,0.05729474305965741
3458500,66.53999999999999,-0.012924556657649534,0.038852361028093245
3459500,67.30000000000001,-0.015156017830609212,0.05321100917431193
3460500,67.60000000000001,-0.01775147928994083,0.08271604938271605
3461500,68.46,-0.02132632193981887,0.07799619530754598
3462500,67.67999999999999,-0.03605200945626478,0.07301980198019802
3463500,66.44,-0.030102347983142687,0.07866507747318235
3464500,65.25999999999999,-0.02482378179589335,0.06966033390903857
3465500,63.800000000000004,-0.026332288401253918,0.07734806629834254
3466500,63.38,-0.0192489744398864,0.052976515565264885
3467500,62.9,-0.013672496025437202,0.055525606469002696
3468500,62.63999999999999,-0.02681992337164751,0.047109207708779445
3469500,63.18,-0.014245014245014245,0.028788701792504073
3470500,63.580000000000005,-0.03240012582573136,0.009335529928610654
3471500,63.85999999999999,-0.025367992483557783,0.0005534034311012728
3472500,64.60000000000001,-0.014860681114551083,-0.005649717514124294
3473500,65.7,-0.005175038051750381,-0.001749271137026239
3474500,66.14,-0.018445721197459932,0.02303603071470762
3475500,64.74,-0.008341056533827619,0.025524673851389675
3476500,62.7,0.004784688995215311,0.071313672922252
3477500,60.9,0.013464696223316914,0.0649616368286445
3478500,59.419999999999995,0.013800067317401549,0.05963528831936915
3479500,58.32000000000001,0.008916323731138546,0.04894433781190019
3480500,60.14000000000001,-0.014299966744263386,0.06171600602107376
3481500,60.419999999999995,-0.024826216484607744,0.048004042445679636
3482500,61.480000000000004,-0.04033832140533507,0.07372793354101766
3483500,62.260000000000005,-0.024092515258592996,0.047164811870694226
3484500,62.339999999999996,-0.019570099454603786,0.04195432819968136
3485500,61.06,0.00491320013101867,0.027221366204417053
3486500,63.080000000000005,0.024730500951173115,0.018418201516793065
3487500,62.72,0.03826530612244898,-0.01072961373390558
3488500,62.28,-0.0038535645472061657,0.04029692470837752
3489500,62.72,-0.03826530612244898,0.0890557939914163
3490500,63.080000000000005,-0.04311984781230184,0.09209100758396534
3491500,61.919999999999995,-0.029715762273901807,0.05672268907563025
3492500,62.239999999999995,-0.055912596401028275,0.06779661016949153
3493500,62.53999999999999,-0.03997441637352095,0.034703683929524824
3494500,62.38,-0.009939083039435716,-0.012227538543328018
3495500,63.36000000000001,-0.006944444444444444,-0.036026200873362446
3496500,63.68000000000001,-0.04522613065326633,0.011013215859030838
3497500,64.0,-0.048125,0.013333333333333334
3498500,64.82,-0.05646405430422709,0.023308698123934053
3499500,64.9,-0.05269645608628659,0.02905982905982906
3500500,65.03999999999999,-0.04920049200492005,0.04691075514874142
3501500,65.28,-0.025735294117647058,0.018433179723502304
3502500,65.03999999999999,-0.015375153751537515,0.028604118993135013
3503500,64.8,-0.014197530864197531,0.04431818181818182
3504500,64.94,-0.010779180782260549,0.04164289788933257
3505500,64.25999999999999,-0.00778089013383131,0.06435366536094013
3506500,64.72,-0.004326328800988875,0.06575963718820861
3507500,64.58,-0.0009290802105915144,0.04799548277809147
3508500,65.12,-0.012899262899262898,0.026376146788990827
3509500,65.32,-0.03551745254133497,0.02422145328719723
3510500,65.60000000000001,-0.01707317073170732,-0.011627906976744186
3511500,64.84,-0.040098704503392965,0.01820250284414107
3512500,65.52,-0.036019536019536016,0.02320185614849188
3513500,65.36,-0.019583843329253364,0.042725173210161664
3514500,65.28,0.0055147058823529415,0.04262672811059908
3515500,65.74,-0.012473379981746273,0.049620548744892
3516500,67.25999999999999,0.0014867677668748143,0.02748930971288943
3517500,66.86,0.00508525276697577,-0.007845503922751962
3518500,65.86,0.019131491041603402,-0.043936731107205626
3519500,65.78,0.014290057768318638,-0.08240794856808883
3520500,65.0,0.024,-0.13142857142857142
3521500,64.16,0.02493765586034913,-0.16294642857142858
3522500,64.44,0.038485412787088766,-0.18110236220472442
3523500,64.94,0.02740991684631968,-0.20365088419851682
3524500,64.84,0.027760641579272053,-0.20819112627986347
3525500,64.7,0.014528593508500772,-0.1875354107648725
3526500,63.78,-0.021636876763875823,-0.15958034235229154
3527500,63.63999999999999,-0.05593966059082338,-0.08030803080308031
3528500,63.260000000000005,-0.06797344293392349,-0.032117583015786606
3529500,63.3,-0.08625592417061612,0.0561307901907357
3530500,63.9,-0.10234741784037558,0.10360110803324099
3531500,63.959999999999994,-0.07066916823014384,0.11320754716981132
3532500,63.980000000000004,-0.05532979055954986,0.09938922820655191
3533500,65.12,-0.038083538083538086,0.10091743119266056
3534500,65.16,-0.011663597298956415,0.04707233065442021
3535500,65.0,0.009846153846153846,0.019428571428571427
3536500,66.22,0.017215342796738146,0.02664298401420959
3537500,67.0,0.020895522388059702,-0.009696969696969697
3538500,66.53999999999999,0.02675082657048392,-0.02211595935445308
3539500,66.36,0.01567209162145871,-0.04042806183115339
3540500,66.03999999999999,0.01756511205330103,-0.04004711425206125
3541500,66.34,-0.0051251130539644255,-0.038621509209744505
3542500,66.32000000000001,-0.024125452352231604,-0.010688836104513063
3543500,65.60000000000001,-0.023170731707317073,-0.009302325581395349
3544500,65.42,-0.03699174564353409,0.02834008097165992
3545500,64.8,-0.0345679012345679,0.053409090909090906
3546500,63.4,-0.02018927444794953,0.03825136612021858
3547500,63.1,-0.001584786053882726,0.026558265582655827
3548500,63.88,0.0012523481527864746,0.031007751937984496
3549500,64.02,0.014682911590128085,0.02612562534741523
3550500,64.64,0.009282178217821782,0.013574660633484163
3551500,64.72,-0.009888751545117428,0.046485260770975055
3552500,64.16,-0.019326683291770574,0.05580357142857143
3553500,63.18,-0.029439696106362774,0.029875067897881587
3554500,62.739999999999995,-0.017532674529805548,0.001610305958132045
3555500,62.660000000000004,0.005426109160548994,-0.0058918050348152114
3556500,62.86000000000001,0.008590518612790327,-0.04038772213247173
3557500,63.019999999999996,-0.006664550936210727,-0.030827474310438075
3558500,63.959999999999994,0.008130081300813009,-0.021087680355160933
3559500,63.519999999999996,0.006297229219143577,-0.01864035087719298
3560500,63.38,-0.021773430104133795,0.025669033315128344
3561500,63.22,-0.019930401771591267,0.03317020119630234
3562500,63.339999999999996,0.0053678560151563,0.012547735951991271
3563500,63.56,-0.006922592825676526,0.024149286498353458
3564500,64.68,-0.01422387136672851,0.007927519818799546
3565500,65.24,-0.005518087063151441,-0.005753739930955121
3566500,65.28,0.003676470588235294,-0.004608294930875576
3567500,65.64,0.0018281535648994515,-0.009313154831199068
3568500,65.53999999999999,-0.0003051571559353067,0.004062681369704005
3569500,65.32,-0.009797917942437232,0.06228373702422145
3570500,66.2,-0.029607250755287008,0.03195266272189349
3571500,66.2,-0.03323262839879154,0.06627218934911243
3572500,66.3,-0.043740573152337855,0.09198813056379822
3573500,67.25999999999999,-0.0567945286946179,0.10201588271227856
3574500,68.10000000000001,-0.051982378854625554,0.09843260188087774
3575500,67.86,-0.044503389330975536,0.09271935283136279
3576500,69.32000000000001,-0.05366416618580496,0.08604954367666232
3577500,70.14,-0.0504704875962361,0.07970529135967849
3578500,69.52000000000001,-0.040851553509781355,0.07742782152230972
3579500,69.1,-0.02865412445730825,0.04983818770226537
3580500,68.78,-0.032858389066589125,0.05957719410634209
3581500,66.86,-0.02662279389769668,0.04164152082076041
3582500,65.5,-0.024732824427480916,0.034202898550724635
3583500,64.64,-0.025371287128712873,0.00904977375565611
3584500,64.48,-0.05334987593052109,0.02702702702702703
3585500,63.78,-0.04860457823769207,0.0447266703478741
3586500,64.94,-0.04712041884816754,0.047347404449515115
3587500,66.25999999999999,-0.0492001207364926,0.05749851807943094
3588500,66.42,-0.03282143932550437,0.05896366885050625
3589500,66.18,-0.01783016016923542,0.04671791839148433
3590500,67.12,-0.02800953516090584,0.027980535279805353
3591500,66.2,-0.022356495468277945,0.028402366863905324
3592500,66.03999999999999,-0.036947304663840094,0.03769140164899882
3593500,64.86,-0.0440949737897009,0.06089926010244735
3594500,64.84,-0.06230721776681061,0.06484641638225255
3595500,64.08,-0.05742821473158552,0.07683741648106904
3596500,64.9,-0.08412942989214175,0.07692307692307693
3597500,63.260000000000005,-0.07492886500158077,0.04300489929232444
3598500,64.74,-0.07568736484399136,0.03800340328984685
3599500,65.38000000000001,-0.061486693178342,0.04563835932986713
3600500,65.82000000000001,-0.06046794287450623,0.035693387946167346
3601500,66.46,-0.030996087872404453,0.00655933214072749
3602500,68.22,-0.009674582233948988,0.02328508495909377
3603500,68.4,-0.02046783625730994,-0.0037974683544303796
3604500,67.17999999999999,-0.011610598392378685,-0.03717245581962218
3605500,67.08,-0.01490757304710793,-0.026731470230862697
3606500,66.03999999999999,-0.02301635372501514,-0.0035335689045936395
3607500,63.56,-0.04908747640025173,-0.006586169045005488
3608500,63.080000000000005,-0.04311984781230184,0.009750812567713976
3609500,64.34,-0.06496736089524402,0.04206393718452047
3610500,64.36,-0.07147296457426973,0.09876543209876543
3611500,63.78,-0.08936970837253057,0.13970182219768085
3612500,64.66,-0.0893906588308073,0.16921335597057158
3613500,65.18,-0.10340595274624118,0.18437679494543366
3614500,65.38000000000001,-0.10186601407158152,0.2270363951473137
3615500,65.8,-0.08449848024316109,0.18830409356725147
3616500,66.12,-0.06957047791893527,0.10861865407319952
3617500,66.14,-0.04566071968551557,0.040756054341405785
3618500,65.38000000000001,-0.02844906699296421,0.0005777007510109763
3619500,64.74,-0.019462465245597776,-0.055019852524106634
3620500,64.72,-0.021013597033374538,-0.061224489795918366
3621500,65.78,-0.03070842201276984,0.0017533606078316774
3622500,66.2,-0.03746223564954683,0.028402366863905324
3623500,66.74,-0.05004495055439017,0.052315093205051115
3624500,66.82000000000001,-0.04579467225381622,0.05605786618444846
3625500,66.38,-0.055739680626694786,0.042236763831052945
3626500,65.18,-0.03774163853942927,-0.023549684089603676
3627500,65.06,-0.03412234860129112,-0.031482541499713794
3628500,64.4,-0.02546583850931677,-0.03146067415730337
3629500,64.08,-0.017478152309612985,-0.0200445434298441
3630500,63.72,-0.007532956685499058,-0.0011025358324145535
3631500,64.02,-0.016557325835676352,0.05947748749305169
3632500,63.980000000000004,-0.030947170990934667,0.07717934480843976
3633500,64.64,-0.029084158415841586,0.08936651583710407
3634500,65.74,-0.05384849406753879,0.1091652072387624
3635500,66.36,-0.05364677516576251,0.09155766944114149
3636500,66.94,-0.05527337914550343,0.08166969147005444
3637500,67.60000000000001,-0.04674556213017751,0.11234567901234568
3638500,66.74,-0.04525022475277195,0.07636800962116656
3639500,66.3,-0.013574660633484163,0.035014836795252226
3640500,66.44,-0.010836845273931367,0.021454112038140644
3641500,65.44,-0.004278728606356968,0.011574074074074073
3642500,64.82,-0.01573588398642394,0.0017055144968732233
3643500,65.44,-0.030562347188264057,0.032407407407407406
3644500,65.46,-0.04246868316529178,0.04921829762594094
3645500,65.66,-0.038684130368565335,0.03669190448456611
3646500,66.47999999999999,-0.036101083032490974,0.05369928400954654
3647500,67.30000000000001,-0.01991084695393759,0.03853211009174312
3648500,67.56,-0.0005920663114268798,0.03822441430332922
3649500,67.42,0.006229605458320973,0.030079803560466543
3650500,67.7,0.013884785819793206,0.05015479876160991
3651500,67.80000000000001,0.0029498525073746312,0.055900621118012424
3652500,67.02,-0.008057296329453895,0.05154639175257732
3653500,66.34,-0.008742839915586373,0.013666072489601902
3654500,65.9,-0.027617602427921092,0.01818181818181818
3655500,64.96,-0.04433497536945813,0.00228310502283105
3656500,65.28,-0.052083333333333336,-0.016129032258064516
3657500,65.9,-0.05250379362670713,-0.002932551319648094
3658500,65.52,-0.06654456654456654,0.01160092807424594
3659500,65.86,-0.06225326450045551,0.025190392501464556
3660500,65.5,-0.06992366412213741,0.07014492753623189
3661500,64.48,-0.039081885856079406,0.10923423423423423
3662500,64.02,-0.02717900656044986,0.09394107837687604
3663500,64.60000000000001,-0.02043343653250774,0.11299435028248588
3664500,65.0,-0.0073846153846153844,0.10857142857142857
3665500,65.72,0.006695069993913573,0.08868144690781797
3666500,66.03999999999999,-0.007874015748031496,0.0624263839811543
3667500,65.60000000000001,-0.023170731707317073,0.0755813953488372
3668500,66.0,-0.040606060606060604,0.09058823529411765
3669500,64.75999999999999,-0.03767757875231625,0.0771850170261067
3670500,64.5,-0.04496124031007752,0.0647887323943662
3671500,64.96,-0.04926108374384237,0.0593607305936073
3672500,66.34,-0.025022610792885137,0.035056446821152706
3673500,65.8,0.0243161094224924,-0.007017543859649123
3674500,66.38,0.018379029828261523,-0.005353955978584176
3675500,66.66,0.0159015901590159,0.001799640071985603
3676500,66.92,0.01852958756724447,-0.02781136638452237
3677500,67.22,0.01338887235941684,-0.03233679072605247
3678500,68.66,-0.01893387707544422,-0.021059349074664963
3679500,69.6,-0.009195402298850575,-0.03289473684210526
3680500,69.48,-0.010938399539435808,-0.005242463958060288
3681500,68.86,-0.003194888178913738,0.0006422607578676942
3682500,67.04,-0.012529832935560859,0.0024271844660194173
3683500,66.16,-0.01995163240628779,0.026004728132387706
3684500,65.75999999999999,-0.0364963503649635,0.0514018691588785
3685500,65.25999999999999,-0.043824701195219126,0.007484168105929764
3686500,65.36,-0.04957160342717258,0.019630484988452657
3687500,66.14,-0.05352283035984276,0.05138806851742469
3688500,66.42,-0.04065040650406504,0.0410958904109589
3689500,65.78,-0.041045910611128,0.03331385154880187
3690500,66.86,-0.018845348489380794,0.057332528666264336
3691500,67.30000000000001,-0.03298662704309064,0.05565749235474006
3692500,68.26,-0.026076765309112217,0.043478260869565216
3693500,68.54,-0.0259702363583309,0.029879211697393517
3694500,69.14,-0.016488284639861153,0.025275437459494492
3695500,67.9,-0.02621502209131075,0.016822429906542057
3696500,66.88,-0.0005980861244019139,0.01932367149758454
3697500,65.86,0.0033404190707561495,0.04159343878148799
3698500,65.58,0.008844159804818542,0.056362579895409645
3699500,64.72,0.0030902348578491965,0.06462585034013606
3700500,65.82000000000001,-0.006988757216651474,0.0684610883557636
3701500,66.47999999999999,-0.023465703971119134,0.07995226730310262
3702500,65.58,-0.02775236352546508,0.02033701336432307
3703500,65.34,-0.03458830731558004,0.023658395845354875
3704500,65.64,-0.03595368677635588,0.020954598370197905
3705500,64.68,-0.011750154607297465,0.027180067950169876
3706500,64.48,-0.017369727047146403,0.021396396396396396
3707500,64.3,-0.029548989113530325,0.043137254901960784
3708500,63.800000000000004,-0.023824451410658306,0.03314917127071823
3709500,63.580000000000005,-0.028625353884869455,0.04228445908841296
3710500,64.14,-0.06329903336451512,0.06079196876742889
3711500,64.7,-0.05471406491499227,0.058356940509915016
3712500,65.98,-0.05486511063958775,0.0805408583186361
3713500,66.36,-0.0705244122965642,0.07253269916765755
3714500,67.67999999999999,-0.06678486997635934,0.06683168316831684
3715500,68.10000000000001,-0.029662261380323053,-0.0018808777429467085
3716500,68.16,-0.018779342723004695,-0.056532663316582916
3717500,68.86,0.003194888178913738,-0.07642903018625562
3718500,68.8,0.022093023255813953,-0.08076923076923077
3719500,67.72,0.010632014176018901,-0.06691449814126393
3720500,66.5,-0.012330827067669173,-0.008955223880597015
3721500,65.86,-0.010021257212268448,0.02753368482718219
3722500,64.66,-0.02010516548097742,0.008488964346349746
3723500,63.44,-0.029003783102143757,-0.0032822757111597373
3724500,63.75999999999999,-0.028858218318695106,-0.025386313465783666
3725500,65.03999999999999,-0.00922509225092251,-0.05606407322654462
3726500,65.92,-0.012742718446601941,-0.046948356807511735
3727500,66.24,0.010869565217391304,-0.0071090047393364926
3728500,66.14,0.004535833081342607,0.03603071470761961
3729500,65.56,0.027455765710799267,0.07084785133565621
3730500,63.78,-0.0009407337723424271,0.10104914411927111
3731500,61.9,0.03844911147011309,0.11076115485564304
3732500,60.660000000000004,0.02143092647543686,0.1103202846975089
3733500,60.68,0.061305207646671064,0.08952187182095625
3734500,61.160000000000004,0.015696533682145193,0.08135942327497425
3735500,65.0,-0.0024615384615384616,0.04
3736500,69.16,-0.07518796992481203,-0.010376134889753566
3737500,72.72,-0.11331133113311331,-0.060117302052785926
3738500,76.2,-0.16745406824146983,-0.1361344537815126
3739500,78.44,-0.16165221825599185,-0.23191094619666047
3740500,76.88000000000001,-0.16857440166493237,-0.157439446366782
3741500,73.46000000000001,-0.14946909882929485,-0.03692539562923888
3742500,70.6,-0.08158640226628895,-0.005442176870748299
3743500,68.32000000000001,-0.0468384074941452,0.05176767676767677
3744500,65.42,0.009477224090492203,0.059572006940427996
3745500,64.03999999999999,0.05746408494690818,0.05561735261401557
3746500,63.959999999999994,0.07879924953095685,-0.017758046614872364
3747500,63.92,0.06132665832290363,-0.0066518847006651885
3748500,63.44,0.05170239596469105,-0.009846827133479213
3749500,63.160000000000004,0.051931602279924,0.011943539630836048
3750500,63.13999999999999,0.011719987329743428,0.011394465545306565
3751500,62.72,-0.01403061224489796,0.05042918454935622
3752500,63.75999999999999,-0.02132998745294856,0.02759381898454746
3753500,64.22,-0.0339458112737465,0.03745108999441028
3754500,65.52,-0.021367521367521368,0.052204176334106726
3755500,65.96,0.005457853244390539,0.02937720329024677
3756500,66.5,0.03699248120300752,0.011343283582089553
3757500,66.02,0.016661617691608604,0.03708063566804003
3758500,65.68,0.05968331303288672,0.0034965034965034965
3759500,65.0,0.02707692307692308,-0.002285714285714286
3760500,64.34,0.048803232825613926,-0.007291082445316881
3761500,64.53999999999999,0.038735667802912925,0.02086858432036097
3762500,64.42,0.02887302080099348,0.008431703204047217
3763500,63.85999999999999,0.034137175070466645,0.034864416159380185
3764500,64.56,-0.01486988847583643,0.039503386004514675
3765500,64.53999999999999,-0.0455531453362256,0.07050197405527354
3766500,65.03999999999999,-0.08179581795817958,0.07208237986270023
3767500,65.12,-0.09275184275184276,0.10550458715596331
3768500,66.36,-0.11754068716094032,0.1117717003567182
3769500,66.14,-0.06561838524342305,0.08328411104548139
3770500,66.16,-0.04897218863361548,0.06264775413711583
3771500,65.44,-0.040342298288508556,0.061342592592592594
3772500,65.7,-0.024657534246575342,0.04256559766763848
3773500,66.42,-0.023788015657934355,0.02799285288862418
3774500,66.42,-0.0322192110809997,0.01846337105419893
3775500,67.14,-0.03961870717902889,0.018867924528301886
3776500,67.67999999999999,-0.02186761229314421,0.0024752475247524753
3777500,69.66,0.02268159632500718,0.021753460777851022
3778500,69.58,0.030181086519114688,0.0440499671268902
3779500,70.42,0.03095711445612042,0.05476673427991886
3780500,70.89999999999999,0.03469675599435825,0.08178694158075601
3781500,71.28,0.030303030303030304,0.07103064066852367
3782500,69.66,-0.010048808498420901,0.023071852340145024
3783500,68.8,-0.030813953488372094,0.02564102564102564
3784500,68.42,-0.026600409237065185,0.013299556681443952
3785500,67.92,-0.00530035335689046,-0.008728179551122194
3786500,67.58,0.0002959455460195324,0.0030845157310302285
3787500,67.06,0.009841932597673724,0.017607771706132362
3788500,66.28,0.024140012070006035,0.005931198102016607
3789500,62.96000000000001,0.010800508259212199,0.02267818574514039
3790500,59.96,-0.008005336891260841,0.027972027972027972
3791500,58.58,0.005121201775349949,0.01496861419604056
3792500,58.06,0.0058560110230795725,0.00715307582260372
3793500,58.48,0.019835841313269494,-0.015414258188824663
3794500,60.4,0.016556291390728478,-0.020202020202020204
3795500,62.6,-0.011501597444089457,-0.0021390374331550803
3796500,61.78,-0.06183230819035287,0.03192046049188906
3797500,62.4,-0.05961538461538462,0.043617021276595745
3798500,62.82,-0.053167780961477236,0.0521785906401291
3799500,63.75999999999999,-0.05897114178168131,0.08719646799116998
3800500,67.44,0.01482799525504152,0.09336609336609336
3801500,71.72,0.07306190741773563,0.10608203677510608
3802500,71.74000000000001,0.04878728742681907,0.10544939844302902
3803500,71.46000000000001,0.022670025188916875,0.14225648213034336
3804500,71.76,0.03511705685618729,0.09490084985835694
3805500,68.54,-0.00612780857893201,0.052765416401780035
3806500,65.98,-0.03425280387996363,0.009994121105232217
3807500,66.28,-0.026554013277006638,0.0071174377224199285
3808500,68.12,-0.03464474456840869,0.01631116687578419
3809500,67.9,-0.05331369661266568,0.03177570093457944
3810500,67.84,-0.07429245283018868,0.05223880597014925
3811500,68.42,-0.08798596901490792,0.07283090563647879
3812500,67.24,-0.07138607971445568,0.07081807081807082
3813500,65.60000000000001,-0.057926829268292686,0.04883720930232558
3814500,64.64,-0.024752475247524754,0.053167420814479636
3815500,65.12,-0.0006142506142506142,0.04472477064220184
3816500,65.03999999999999,0.0006150061500615006,0.04805491990846682
3817500,65.9,-0.003338391502276176,0.04750733137829912
3818500,66.52,-0.005411906193625977,0.053763440860215055
3819500,66.9,0.0020926756352765323,0.050151057401812686
3820500,66.56,0.005408653846153846,0.056220095693779906
3821500,65.68,0.023751522533495738,0.047785547785547784
3822500,64.75999999999999,0.013588634959851761,0.056753688989784334
3823500,63.980000000000004,0.012191309784307595,0.051637978900610775
3824500,63.72,-0.014438166980539862,0.06835722160970231
3825500,64.02,-0.011558887847547642,0.04613674263479711
3826500,64.88000000000001,-0.04130702836004932,0.04555808656036447
3827500,66.2,-0.027794561933534745,0.02603550295857988
3828500,66.94,-0.043919928293994624,0.018753781004234724
3829500,67.28,-0.03388822829964328,-0.009779951100244499
3830500,67.62,-0.04939367051168293,-0.005558987029030266
3831500,67.30000000000001,-0.04487369985141159,-0.0030581039755351682
3832500,66.18,-0.0643699002719855,0.03252513305736251
3833500,65.82000000000001,-0.05621391674263142,0.02516091281451141
3834500,65.7,-0.07640791476407915,0.012244897959183673
3835500,65.46,-0.07791017415215398,0.0017371163867979154
3836500,65.86,-0.08047373215912541,0.01698886936145284
3837500,67.24,-0.06841165972635337,-0.002442002442002442
3838500,67.14,-0.07476913911230265,0.011564211807668898
3839500,67.02,-0.045658012533572066,0.0006064281382656155
3840500,64.88000000000001,-0.04192355117139334,0.05922551252847381
3841500,63.160000000000004,-0.01773274224192527,0.051031487513572206
3842500,62.019999999999996,0.023540793292486296,0.015271195365982097
3843500,61.919999999999995,0.040697674418604654,0.01050420168067227
3844500,61.4,0.023452768729641693,0.04455958549222798
3845500,61.62,0.04057124310288867,0.0286607608129234
3846500,63.239999999999995,0.02719797596457938,0.01088139281828074
3847500,62.92,-0.03178639542275906,0.05501618122977346
3848500,62.92,-0.04132231404958678,0.07119741100323625
3849500,64.38000000000001,-0.03758931345138242,0.06457046603032005
3850500,67.67999999999999,-0.04609929078014184,0.06683168316831684
3851500,67.0,-0.04895522388059702,0.10666666666666667
3852500,67.32000000000001,-0.030303030303030304,0.10771113831089352
3853500,67.22,-0.016959238321927996,0.0787065283709579
3854500,67.10000000000001,-0.011624441132637855,0.07963525835866261
3855500,65.72,-0.024345709068776627,0.042007001166861145
3856500,67.14,-0.019958296097706284,0.007912355447352405
3857500,67.84,-0.031839622641509434,-0.018656716417910446
3858500,68.7,-0.03580786026200873,-0.010862619808306708
3859500,68.47999999999999,-0.04322429906542056,-0.027918781725888325
3860500,68.12,-0.02524955960070464,-0.04015056461731493
3861500,67.84,-0.03242924528301887,-0.03233830845771144
3862500,68.12,-0.0369935408103347,0.00878293601003764
3863500,67.58,-0.0429121041728322,0.02282541640962369
3864500,67.25999999999999,-0.031222123104371096,0.029932803909590716
3865500,67.22,-0.04076167807200238,0.06894447834045149
3866500,66.92,-0.035265989240884636,0.06771463119709795
3867500,66.32000000000001,-0.019300361881785282,0.0023752969121140144
3868500,66.74,-0.010488462691039856,-0.012627781118460614
3869500,68.12,-0.02524955960070464,0.0037641154328732747
3870500,68.16,-0.03345070422535211,-0.008793969849246231
3871500,67.97999999999999,-0.045601647543395116,-0.026858213616489695
3872500,67.28,-0.04934601664684899,0.0
3873500,65.58,-0.05458981396767307,-0.027309703660662404
3874500,64.74,-0.047265987025023166,-0.03119682359614294
3875500,64.32,-0.03731343283582089,-0.06502242152466367
3876500,63.94,-0.005317485142320926,-0.08042151968940654
3877500,64.28,0.006845052893590542,-0.135498320268757
3878500,64.58,-0.001548467017652524,-0.11914172783738002
3879500,64.12,-0.0012476606363069245,-0.12486064659977704
3880500,63.94,-0.01282452299030341,-0.07376594564614532
3881500,63.85999999999999,-0.02912621359223301,-0.06696181516325402
3882500,64.25999999999999,-0.09368191721132897,0.06547285954113038
3883500,65.10000000000001,-0.06789554531490015,0.08424068767908309
3884500,64.82,-0.07744523295279235,0.09494030699260944
3885500,65.16,-0.07120933087783916,0.09299655568312284
3886500,65.52,-0.08547008547008547,0.14617169373549885
3887500,65.36,-0.025091799265605876,0.07852193995381063
3888500,65.34,-0.03764921946740129,0.08713214079630698
3889500,65.32,-0.036129822412737295,0.09803921568627451
3890500,64.16,-0.038029925187032416,0.11272321428571429
3891500,63.28,-0.02402022756005057,0.10239651416122005
3892500,63.38,-0.006626696118649416,0.09339158929546695
3893500,63.56,-0.003775959723096287,0.08562019758507135
3894500,64.1,-0.017784711388455537,0.06295264623955432
3895500,65.25999999999999,-0.01930738584125038,0.048934945308002305
3896500,65.88000000000001,-0.015179113539769277,0.021101992966002344
3897500,65.34,-0.0327517600244873,0.021350259665320254
3898500,64.74,-0.04046957059005252,0.039137833238797506
3899500,64.7,-0.013910355486862442,0.057223796033994336
3900500,64.86,-0.0070921985815602835,0.04610130904951622
3901500,64.72,-0.010506798516687269,0.05782312925170068
3902500,65.32,-0.02510716472749541,0.08073817762399077
3903500,65.25999999999999,-0.022372050260496476,0.03051237766263673
3904500,65.0,-0.027692307692307693,0.018285714285714287
3905500,64.56,-0.03283767038413878,0.022573363431151242
3906500,64.53999999999999,-0.03439727300898667,0.006204173716864072
3907500,64.4,-0.019254658385093167,-0.0033707865168539327
3908500,63.92,-0.025031289111389236,0.02106430155210643
3909500,64.68,-0.012368583797155226,-0.010192525481313703
3910500,65.82000000000001,0.003342449103615922,-0.022820362785254535
3911500,65.28,0.016544117647058824,-0.018433179723502304
3912500,65.22,0.015026065624041705,-0.03162737205290397
3913500,66.0,0.00787878787878788,-0.02588235294117647
3914500,65.2,0.003067484662576687,-0.005747126436781609
3915500,64.28,-0.008711885500933417,-0.0033594624860022394
3916500,64.18,-0.0040511062636335304,-0.012841987716359575
3917500,63.56,-0.015103838892385148,0.031833150384193196
3918500,63.1,-0.011727416798732172,0.06558265582655827
3919500,63.480000000000004,-0.023944549464398234,0.07995618838992333
3920500,63.080000000000005,-0.027266962587190868,0.0866738894907909
3921500,64.18,-0.03022748519788096,0.10999441652707985
3922500,65.22,-0.02054584483287335,0.07418056354226567
3923500,66.16,-0.0024183796856106408,0.030732860520094562
3924500,66.24,0.017512077294685992,0.009478672985781991
3925500,70.08,0.06164383561643835,0.022727272727272728
3926500,72.8,0.08846153846153847,0.07794117647058824
3927500,74.28,0.09639203015616586,0.15707620528771385
3928500,75.9,0.11620553359683794,0.2033195020746888
3929500,78.10000000000001,0.1467349551856594,0.20365296803652969
3930500,78.10000000000001,0.14929577464788732,0.18538812785388128
3931500,78.14,0.15433836703352957,0.12900274473924978
3932500,79.25999999999999,0.18193287913197073,0.0703953712632594
3933500,80.5,0.18211180124223603,0.1158974358974359
3934500,80.24,0.15952143569292124,0.2388663967611336
3935500,77.7,0.11145431145431145,0.24484304932735426
3936500,74.88,0.06356837606837606,0.2070063694267516
3937500,71.5,0.02937062937062937,0.15929824561403508
3938500,71.1,0.054289732770745426,0.10865051903114187
3939500,71.58,0.04666107851355127,0.1358198451794511
3940500,73.54,0.10470492249116127,0.16250944822373395
3941500,76.58,0.14651344998694177,0.233134073441503
3942500,79.92,0.17417417417417416,0.3346613545816733
3943500,77.06,0.12483778873604984,0.27114210985178727
3944500,77.48,0.16159008776458442,0.14031971580817051
3945500,78.38000000000001,0.14416943097729013,0.15263644773358
3946500,78.32000000000001,0.12972420837589377,0.16789667896678967
3947500,78.36,0.12098009188361408,0.20702402957486138
3948500,79.3,0.11727616645649433,0.26763285024154587
3949500,75.94,0.06241769818277588,0.2485453034081463
3950500,72.3,0.03900414937759336,0.17978339350180506
3951500,69.56,0.0011500862564692352,0.12352168199737187
3952500,66.02,-0.03544380490760376,0.06062389640965274
3953500,65.14,-0.03653669020571078,0.04073436603557085
3954500,65.3,-0.0333843797856049,0.04553314121037464
3955500,65.74,-0.05263157894736842,0.034442498540572096
3956500,65.18,-0.04203743479594968,0.023549684089603676
3957500,65.75999999999999,-0.03467153284671533,0.018691588785046728
3958500,65.53999999999999,-0.01739395788831248,0.016831108531630876
3959500,65.2,-0.026993865030674847,0.017241379310344827
3960500,64.68,-0.0018552875695732839,0.021517553793884484
3961500,63.88,0.0068879148403256105,0.03322259136212625
3962500,61.5,-0.0016260162601626016,0.023376623376623377
3963500,60.9,-0.002955665024630542,0.014833759590792838
3964500,60.72,0.007246376811594203,0.019348268839103868
3965500,60.38,-0.0003312355084465055,-0.009591115598182737
3966500,61.019999999999996,-0.00032776138970829236,-0.03437660338635198
3967500,62.8,0.0012738853503184713,-0.023655913978494623
3968500,63.580000000000005,-0.009122365523749607,-0.018121911037891267
3969500,63.82,-0.007834534628643058,-0.07352128247650636
3970500,64.86,-0.041628122109158186,-0.03130335799658509
3971500,65.3,-0.0444104134762634,-0.037463976945244955
3972500,66.22,-0.06493506493506493,-0.05150976909413854
3973500,66.16,-0.06166868198307134,-0.05319148936170213
3974500,66.14,-0.058965830057453886,0.01831069108092144
3975500,65.64,-0.02010968921389397,-0.010477299185098952
3976500,65.9,-0.0039453717754172985,-0.0064516129032258064
3977500,65.46,0.002749770852428964,-0.007527504342790967
3978500,65.18,-0.007671064743786438,-0.0005743825387708214
3979500,65.2,-0.014723926380368098,-0.020689655172413793
3980500,65.22,-0.016252683226004292,-0.035077630822311676
3981500,64.98,-0.048322560787934746,-0.018846373500856654
3982500,64.48,-0.039081885856079406,-0.028153153153153154
3983500,64.3,-0.025816485225505444,-0.03417366946778711
3984500,65.12,-0.011056511056511056,-0.016055045871559634
3985500,65.14,-0.029167945962542217,0.009753298909925417
3986500,65.32,-0.03061849357011635,-0.0011534025374855825
3987500,66.24,-0.029589371980676328,0.018957345971563982
3988500,67.08,-0.031007751937984496,0.020656136087484813
3989500,66.96,-0.03464755077658303,0.00847457627118644
3990500,67.25999999999999,-0.016354445435622957,-0.0018326206475259622
3991500,67.24,-0.014277215942891136,-0.009768009768009768
3992500,67.06,-0.01759618252311363,-0.017607771706132362
3993500,67.10000000000001,-0.03129657228017884,-0.01398176291793313
3994500,66.88,-0.03648325358851675,-0.03260869565217391
3995500,65.94,-0.039126478616924476,-0.03464474456840869
3996500,65.96,-0.02425712553062462,0.01410105757931845
3997500,65.53999999999999,-0.02654867256637168,0.0261172373766686
3998500,65.66,-0.02832774901005178,0.021549213744903904
3999500,66.4,-0.03734939759036145,0.025
4000500,67.84,-0.03891509433962264,0.03482587064676617
4001500,67.67999999999999,-0.037825059101654845,0.0024752475247524753
4002500,68.58,-0.01778944298629338,-0.01464035646085296
4003500,69.04,-0.005793742757821553,-0.012919896640826873
4004500,68.44,0.011104617182933957,-0.012674271229404309
4005500,67.66,0.012710611882944133,-0.022881880024737167
4006500,67.02,0.007460459564309161,-0.01758641600970285
4007500,66.02,-0.008785216601029992,-0.0017657445556209534
4008500,65.0,-0.039384615384615386,0.012571428571428572
4009500,64.60000000000001,-0.05325077399380805,0.0192090395480226
4010500,64.08,-0.0599250936329588,0.030066815144766147
4011500,64.72,-0.05995055624227441,0.035147392290249435
4012500,65.16,-0.06936771025168816,0.021814006888633754
4013500,66.25999999999999,-0.06006640507093269,0.03260225251926497
4014500,65.96,-0.061855670103092786,0.0564042303172738
4015500,67.02,-0.07729036108624292,0.0782292298362644
4016500,66.18,-0.06799637352674524,0.07155529272619751
4017500,65.82000000000001,-0.047705864478881796,0.052077238150965474
4018500,65.5,-0.01618320610687023,-0.024927536231884057
4019500,66.60000000000001,-0.00960960960960961,-0.04790419161676647
4020500,66.56,0.004807692307692308,-0.08014354066985646
4021500,67.28,-0.013674197384066587,-0.07579462102689487
4022500,67.64,-0.036073329390892965,-0.027194066749072928
4023500,66.32000000000001,-0.05729794933655006,0.032066508313539195
4024500,65.84,-0.05103280680437424,0.03278688524590164
4025500,65.78,-0.050775311644876864,0.04266510812390415
4026500,65.58,-0.03812137846904544,0.0389308541545613
4027500,65.9,-0.010622154779969651,-0.002932551319648094
4028500,66.96,0.0,-0.012106537530266344
4029500,68.72,-0.027357392316647265,-0.024296675191815855
4030500,70.46,-0.06329832529094521,-0.04129993229519296
4031500,71.24000000000001,-0.07916900617630544,-0.027816411682892908
4032500,70.82000000000001,-0.08218017509178198,-0.008910212474297465
4033500,70.32000000000001,-0.08532423208191127,0.016172506738544475
4034500,69.52000000000001,-0.0759493670886076,0.05905511811023622
4035500,69.16,-0.0728744939271255,0.06874189364461739
4036500,68.16,-0.06866197183098592,0.03391959798994975
4037500,68.02,-0.07968244633931197,-0.0068792995622263915
4038500,67.9,-0.08453608247422681,-0.03426791277258567
4039500,65.53999999999999,-0.08880073237717424,-0.06558328496807893
4040500,63.1,-0.04786053882725832,-0.04932249322493225
4041500,63.32,-0.03790271636133923,-0.03162486368593239
4042500,63.54,-0.03179099779666352,0.0027427317608337905
4043500,64.34,-0.023313646254274168,0.017386427369601793
4044500,66.46,-0.00511585916340656,0.0172927847346452
4045500,67.84,-0.02830188679245283,0.041044776119402986
4046500,68.46,-0.04411335086181712,0.05136334812935954
4047500,68.47999999999999,-0.0689252336448598,0.06852791878172589
4048500,67.94,-0.0621136296732411,0.044291952588895823
4049500,67.25999999999999,-0.06630984240261671,0.0177153329260843
4050500,65.92,-0.04550970873786408,-0.035211267605633804
4051500,65.94,-0.025781013042159538,-0.009982384028185555
4052500,64.86,-0.004008633980881899,-0.035856573705179286
4053500,64.74,-0.02564102564102564,-0.016449234259784458
4054500,62.72,-0.024872448979591837,-0.0075107296137339056
4055500,61.94,-0.02098805295447207,0.008933263268523384
4056500,61.480000000000004,-0.020169160702667534,-0.05192107995846314
4057500,62.339999999999996,-0.012512030798845043,-0.04195432819968136
4058500,62.3,-0.007383627608346709,-0.05676392572944297
4059500,64.36,-0.016159105034182723,-0.03479236812570146
4060500,64.74,-0.02934816187828236,-0.02098695405558707
4061500,65.0,-0.03446153846153846,0.019428571428571427
4062500,65.92,-0.050970873786407765,0.025821596244131457
4063500,66.24,-0.043478260869565216,0.0533175355450237
4064500,66.58,-0.03935115650345449,0.04727707959305805
4065500,67.66,-0.02926396689328998,0.04514533085961658
4066500,66.82000000000001,-0.037413947919784495,0.081374321880651
4067500,66.10000000000001,-0.016036308623298034,0.04542772861356932
4068500,66.06,-0.002119285498032092,0.01708898055391868
4069500,64.56,0.004337050805452293,0.030474040632054177
4070500,64.34,-0.001554243083618278,0.030846887268648347
4071500,64.8,0.022839506172839506,-0.05113636363636364
4072500,65.2,0.024539877300613498,-0.08045977011494253
4073500,64.4,0.02981366459627329,-0.05955056179775281
4074500,65.28,0.03799019607843137,-0.08870967741935484
4075500,64.82,0.02622647331070657,-0.0778851620238772
4076500,65.06,0.02490009222256379,-0.048654836863194044
4077500,64.38000000000001,0.010251630941286114,0.024143739472206625
4078500,64.48,-0.013647642679900745,0.009009009009009009
4079500,64.92,-0.033887861983980284,0.02508551881413911
4080500,65.84,-0.03341433778857837,0.01053864168618267
4081500,65.86,-0.04767689037351959,-0.006444053895723492
4082500,66.08000000000001,-0.04297820823244552,-0.05188679245283019
4083500,66.22,-0.03835699184536394,-0.057430432208407343
4084500,66.22,-0.02023557837511326,-0.08466548253404381
4085500,66.5,-0.016541353383458645,-0.08298507462686568
4086500,66.44,-0.018663455749548464,-0.06197854588796186
4087500,67.10000000000001,-0.0038748137108792846,-0.06747720364741641
4088500,67.62,0.00857734398107069,-0.07473749227918468
4089500,67.42,0.004449718184514981,-0.03990178023327195
4090500,66.36,0.003616636528028933,-0.014268727705112961
4091500,66.53999999999999,0.01653140967838894,-0.02092050209205021
4092500,67.82000000000001,0.020937776467118845,0.01678060907395898
4093500,68.28,-0.0035149384885764497,0.08701134930643127
4094500,69.16,-0.029496818970503182,0.14007782101167315
4095500,70.28,-0.03357996585088219,0.12920592193808883
4096500,71.08,-0.06021384355655599,0.1590594744121715
4097500,68.76,-0.09307737056428156,0.17285531370038412
4098500,67.97999999999999,-0.07266843189173286,0.12804497189256714
4099500,68.06,-0.06964443138407288,0.10457107075767064
4100500,67.67999999999999,-0.057919621749408984,0.10891089108910891
4101500,66.67999999999999,-0.057588482303539294,0.11404561824729892
4102500,66.8,-0.06047904191616767,0.13855421686746988
4103500,66.53999999999999,-0.06582506762849413,0.1679617453676031
4104500,65.22,-0.03097209444955535,0.12478435882691202
4105500,64.92,-0.03450400492914356,0.10946408209806158
4106500,64.64,-0.025371287128712873,0.07692307692307693
4107500,64.9,-0.01386748844375963,0.03133903133903134
4108500,65.38000000000001,-0.018048332823493423,0.016753321779318313
4109500,65.58,-0.03995120463555962,-0.0017431725740848344
4110500,65.46,-0.030858539566147265,0.007527504342790967
4111500,66.06,-0.03360581289736603,0.04537418974661167
4112500,67.04,-0.046539379474940336,0.061893203883495146
4113500,66.66,-0.043504350435043505,0.032993401319736056
4114500,66.16,-0.035671100362756954,0.05555555555555555
4115500,66.08000000000001,-0.03631961259079903,0.05188679245283019
4116500,66.0,-0.03333333333333333,0.02
4117500,64.48,-0.011166253101736972,0.007882882882882882
4118500,64.62,-0.012070566388115135,0.01978518937252685
4119500,64.25999999999999,-0.0196078431372549,0.012870733072188025
4120500,64.22,-0.01775147928994083,0.030743432084963666
4121500,63.78,-0.013483850736908122,0.05245720596355605
4122500,64.56,-0.03345724907063197,0.046275395033860044
4123500,64.74,-0.035526722273710225,0.049347702779353374
4124500,65.75999999999999,-0.02737226277372263,0.04439252336448598
4125500,65.75999999999999,-0.031630170316301706,0.015186915887850467
4126500,66.0,-0.04606060606060606,0.04
4127500,64.88000000000001,-0.04130702836004932,0.04328018223234624
4128500,65.03999999999999,-0.05350553505535055,0.016018306636155607
4129500,64.7,-0.05409582689335394,0.0050991501416430595
4130500,65.24,-0.05272838749233599,0.00805523590333717
4131500,65.0,-0.03876923076923077,-0.05142857142857143
4132500,66.4,-0.02530120481927711,-0.07142857142857142
4133500,67.14,-0.011021745606196008,-0.06269020085209982
4134500,67.04,-0.028639618138424822,0.015776699029126214
4135500,66.62,-0.017712398679075352,-0.01378070701018574
4136500,66.94,-0.034359127576934566,0.004234724742891712
4137500,66.02,-0.03544380490760376,0.008828722778104767
4138500,64.08,-0.04431960049937578,0.0400890868596882
4139500,64.05999999999999,-0.028410864814236655,-0.005008347245409015
4140500,64.48,-0.04156327543424317,0.0259009009009009
4141500,65.12,-0.033783783783783786,0.034403669724770644
4142500,65.10000000000001,-0.05192012288786482,0.04527220630372493
4143500,66.7,-0.051274362818590706,0.055855855855855854
4144500,67.44,-0.06227758007117438,0.07371007371007371
4145500,67.72,-0.0661547548730065,0.08550185873605948
4146500,66.9,-0.05829596412556054,0.06586102719033232
4147500,67.34,-0.018711018711018712,0.0679730557256583
4148500,67.36,-0.006532066508313539,0.025735294117647058
4149500,67.52,-0.0035545023696682463,0.03694581280788178
4150500,66.96,-0.002986857825567503,0.009685230024213076
4151500,67.06,0.00029824038174768865,0.00546448087431694
4152500,66.86,-0.028417588991923422,0.016294508147254073
4153500,66.46,-0.019560637977730964,0.029218843172331546
4154500,66.52,-0.01803968731208659,0.025089605734767026
4155500,67.62,-0.013309671694764862,0.04014823965410747
4156500,68.16,0.006455399061032864,0.028894472361809045
4157500,68.28,0.013473930872876391,0.03909205548549811
4158500,68.02,-0.010291090855630698,0.014383989993746092
4159500,67.47999999999999,-0.016004742145820983,0.007380073800738007
4160500,65.82000000000001,-0.01671224551807961,-0.018139262726740785
4161500,64.44,-0.03476101800124146,0.014623172103487065
4162500,64.12,-0.03368683718028696,-0.004459308807134894
4163500,65.0,-0.029538461538461538,0.001142857142857143
4164500,65.02,-0.01753306674869271,-0.007432818753573471
4165500,65.03999999999999,-0.004920049200492005,0.018306636155606407
4166500,65.72,0.007912355447352405,-0.021003500583430573
4167500,65.94,0.011222323324234153,-0.011156782149148562
4168500,65.03999999999999,0.03444034440344403,-0.009153318077803204
4169500,64.88000000000001,0.04254007398273736,-0.014806378132118452
4170500,64.72,0.024721878862793572,-0.01473922902494331
4171500,63.78,0.007212292254625274,-0.003865267807840972
4172500,63.12,-0.015842839036755388,-0.02928416485900217
4173500,63.92,-0.016270337922403004,-0.07649667405764966
4174500,64.7,-0.0077279752704791345,-0.09461756373937677
4175500,65.88000000000001,0.007285974499089253,-0.10785463071512309
4176500,66.64,0.0006002400960384153,-0.07553956834532374
4177500,67.34,-0.003267003267003267,-0.05327617881200245
4178500,66.74,-0.027869343721905904,0.01503307276007216
4179500,65.86,-0.0507136349832979,0.03222026947861746
4180500,65.32,-0.06919779546846296,0.0392156862745098
4181500,65.38000000000001,-0.057815845824411134,0.007510109763142692
4182500,65.06,-0.04764832462342453,0.006296508299942759
4183500,64.38000000000001,-0.04007455731593663,0.017405951712521055
4184500,64.14,-0.01652634861241035,-0.0039040713887339654
4185500,63.92,-0.01376720901126408,-0.009977827050997782
4186500,64.66,-0.018867924528301886,-0.0311262026032824
4187500,65.46,-0.014970974641002138,0.0017371163867979154
4188500,65.24,-0.029429797670141016,0.0011507479861910242
4189500,65.7,-0.03866057838660578,0.026239067055393587
4190500,65.84,-0.020656136087484813,0.01639344262295082
4191500,64.96,0.0012315270935960591,0.03881278538812785
4192500,64.96,0.014778325123152709,-0.005707762557077625
4193500,65.32,0.02204531537048377,-0.00461361014994233
4194500,64.53999999999999,0.015184381778741865,-0.008460236886632826
4195500,64.12,0.025577043044291953,-0.014492753623188406
4196500,63.88,0.01628052598622417,-0.0033222591362126247
4197500,63.88,-0.006261740763932373,0.013289036544850499
4198500,64.64,-0.0006188118811881188,-0.01583710407239819
4199500,64.96,-0.011083743842364532,-0.014840182648401826
4200500,65.58,-0.04788045135712107,0.04009296920395119
4201500,66.3,-0.06546003016591252,0.06706231454005934
4202500,65.64,-0.04570383912248629,0.03841676367869616
4203500,64.56,-0.05390334572490706,0.0417607223476298
4204500,64.78,-0.048471750540290216,0.05735377626348666
4205500,64.56,-0.02973977695167286,0.03611738148984198
4206500,64.16,-0.01807980049875312,0.018973214285714284
4207500,64.38000000000001,-0.017086051568810188,0.05446378439079169
4208500,65.36,-0.011627906976744186,0.06351039260969978
4209500,64.94,-0.018786572220511243,0.061038220193953226
4210500,64.14,-0.024633613969441845,0.06413831567205801
4211500,64.08,-0.03682896379525593,0.0556792873051225
4212500,63.72,-0.04205900816070308,0.044101433296582136
4213500,63.660000000000004,-0.03298774740810556,0.07319757842597689
4214500,64.2,-0.044859813084112146,0.07486033519553073
4215500,65.38000000000001,-0.05414499847048027,0.047949162333911034
4216500,65.60000000000001,-0.046341463414634146,0.05
4217500,66.25999999999999,-0.061273769996981586,0.05868405453467694
4218500,66.3,-0.07571644042232277,0.027893175074183978
4219500,66.86,-0.0655100209392761,0.015087507543753771
4220500,66.67999999999999,-0.07558488302339532,0.04201680672268908
4221500,66.97999999999999,-0.07255897282770976,0.05875227135069655
4222500,66.88,-0.07834928229665072,0.050724637681159424
4223500,67.10000000000001,-0.06825633383010432,0.00303951367781155
4224500,65.66,-0.050868108437404816,-0.009900990099009901
4225500,65.2,-0.02392638036809816,0.0
4226500,64.88000000000001,-0.011097410604192354,-0.02050113895216401
4227500,63.85999999999999,0.0065768869401816475,-0.07028223574986164
4228500,62.56,0.017263427109974423,-0.030982905982905984
4229500,63.32,0.024005053695514846,-0.014176663031624863
4230500,63.82,0.016609213412723284,-0.02377003869541183
4231500,63.92,-0.0018773466833541927,-0.013303769401330377
4232500,65.0,0.0,0.053714285714285714
4233500,65.9,-0.01669195751138088,0.05454545454545454
4234500,65.46,-0.04552398411243507,0.059640995946728434
4235500,65.06,-0.032892714417460805,0.0383514596451059
4236500,65.9,-0.02276176024279211,-0.01466275659824047
4237500,66.16,-0.04050785973397823,-0.061465721040189124
4238500,66.56,-0.03786057692307692,-0.06339712918660287
4239500,67.25999999999999,-0.018138566755872734,-0.12522907758094073
4240500,68.38,-0.02427610412401287,-0.11701454775458571
4241500,68.26,-0.034280691473776735,-0.07624448645242596
4242500,68.5,-0.004963503649635037,-0.11492063492063492
4243500,68.30000000000001,-0.007906295754026354,-0.1028391167192429
4244500,68.42,-0.010815551008477054,-0.07283090563647879
4245500,68.32000000000001,-0.015807962529274005,-0.11868686868686869
4246500,67.4,-0.006528189910979229,-0.1411042944785276
4247500,67.06,-0.020578586340590517,-0.08075288403157256
4248500,65.8,-0.038905775075987845,-0.07017543859649122
4249500,65.3,-0.03644716692189893,-0.04899135446685879
4250500,64.58,-0.023846392071848868,-0.00846979107848673
4251500,65.24,-0.009196811771919068,0.018411967779056387
4252500,64.60000000000001,-0.03343653250773994,0.015819209039548022
4253500,65.82000000000001,-0.00881191127316925,-0.0052662375658279695
4254500,66.32000000000001,-0.022316043425814235,-0.020190023752969122
4255500,67.10000000000001,-0.03129657228017884,-0.041945288753799395
4256500,66.78,-0.042827193770589994,-0.049969897652016856
4257500,67.97999999999999,-0.020888496616651958,-0.08057464084946908
4258500,68.62,-0.018944914019236373,-0.07966857871255577
4259500,68.36,-0.004095962551199532,-0.09355246523388117
4260500,67.66,0.00975465563109666,-0.07235621521335807
4261500,66.94,-0.0044816253361219,-0.07924984875983061
4262500,66.16,0.0,-0.06264775413711583
4263500,65.66,-0.007005787389582699,-0.05765870704717531
4264500,65.58,-0.02165294297041781,-0.023823358512492735
4265500,65.48,-0.0354306658521686,-0.002317497103128621
4266500,66.34,-0.05094965330117576,0.07308377896613191
4267500,66.08000000000001,-0.07142857142857142,0.1179245283018868
4268500,66.08000000000001,-0.059322033898305086,0.11674528301886793
4269500,65.84,-0.044349939246658567,0.0936768149882904
4270500,65.4,-0.031192660550458717,0.056647398843930635
4271500,64.4,0.0,0.0044943820224719105
4272500,64.86,-0.005242059821153253,-0.016505406943653957
4273500,64.58,-0.015794363580055745,0.020892151326933936
4274500,65.03999999999999,-0.016605166051660517,0.041189931350114416
4275500,64.82,-0.054612773835236036,0.04604889141557703
4276500,65.64,-0.0712979890310786,0.04190919674039581
4277500,65.16,-0.05402087170042971,0.006888633754305396
4278500,65.75999999999999,-0.06751824817518248,-0.035046728971962614
4279500,65.7,-0.06362252663622527,-0.05889212827988338
4280500,65.78,-0.04226208574034661,-0.06487434248977206
4281500,65.12,-0.03931203931203931,-0.051605504587155966
4282500,64.02,-0.03655107778819119,-0.023902167871039465
4283500,62.22,-0.006750241080038573,-0.012175754367390153
4284500,61.46,-0.006182883176049463,-0.03061754021795537
4285500,61.38,-0.017921146953405017,-0.007767995857068877
4286500,60.760000000000005,-0.02106649111257406,0.0254841997961264
4287500,61.160000000000004,-0.03466317854807063,0.0
4288500,61.22,-0.04737014047696831,0.021144920061887573
4289500,60.919999999999995,-0.06434668417596848,0.05834186284544524
4290500,60.08,-0.043941411451398134,0.06212424849699399
4291500,60.699999999999996,-0.03459637561779242,0.025954198473282442
4292500,61.56,-0.01364522417153996,0.043704474505723206
4293500,62.580000000000005,-0.01693831895174177,0.022982362373062535
4294500,63.5,-0.015433070866141733,0.04547945205479452
4295500,65.22,-0.035878564857405704,0.0488786658999425
4296500,65.8,-0.03708206686930091,0.06549707602339182
4297500,65.03999999999999,-0.05412054120541206,0.06636155606407322
4298500,63.44,-0.05737704918032787,0.05032822757111598
4299500,62.82,-0.044890162368672396,0.025282409897794515
4300500,62.46000000000001,-0.04514889529298751,0.004794885455514118
4301500,61.839999999999996,-0.07115135834411385,0.008385744234800839
4302500,62.56,-0.0639386189258312,0.018162393162393164
4303500,63.63999999999999,-0.05342551854179761,0.0231023102310231
4304500,63.980000000000004,-0.0647077211628634,0.022765130483064965
4305500,64.34,-0.06248057196145477,0.03757711721817162
4306500,65.24,-0.041692213366033105,0.01611047180667434
4307500,65.86,-0.045854843607652594,0.019332161687170474
4308500,66.88,-0.0687799043062201,0.05555555555555555
4309500,67.44,-0.0711743772241993,0.05405405405405406
4310500,67.67999999999999,-0.061465721040189124,0.05693069306930693
4311500,67.42,-0.0625927024621774,0.05954573357888275
4312500,65.48,-0.05070250458155162,0.05098493626882966
4313500,65.12,-0.042997542997543,0.051605504587155966
4314500,65.02,-0.05629037219317133,0.08290451686678102
4315500,63.239999999999995,-0.058823529411764705,0.051142546245919476
4316500,62.46000000000001,-0.038744796669868714,0.053809270111880664
4317500,63.68000000000001,-0.059045226130653265,0.07048458149779736
4318500,62.72,-0.061224489795918366,0.07188841201716738
4319500,61.660000000000004,-0.028219266947778137,0.017214397496087636
4320500,62.660000000000004,-0.011171401212894989,0.016604177825388325
4321500,62.94,-0.027645376549094377,0.0124123043712898
4322500,63.800000000000004,-0.0006269592476489029,0.0077348066298342545
4323500,64.48,0.01054590570719603,0.009009009009009009
4324500,64.78,0.00216116085211485,0.021010789324247586
4325500,64.36,-0.004972032318210068,0.04152637485970819
4326500,65.14,0.011360147374884864,0.03155479059093517
4327500,63.62,-0.0009430996541967935,0.018141836173721827
4328500,63.6,-0.011949685534591196,-0.00989010989010989
4329500,63.9,-0.02535211267605634,0.000554016620498615
4330500,63.94,-0.04723177979355646,-0.009428729894620078
4331500,63.019999999999996,-0.054903205331640746,-0.017847485127095726
4332500,63.75999999999999,-0.053952321204516936,-0.017660044150110375
4333500,64.2,-0.03364485981308411,-0.02011173184357542
4334500,64.1,-0.037753510140405615,-0.0116991643454039
4335500,64.82,-0.016970070965751313,-0.0062535531552018195
4336500,64.78,-0.020067922198209322,0.01306076093128904
4337500,64.92,-0.019716574245224893,0.03192702394526796
4338500,63.28,-0.035398230088495575,0.046840958605664486
4339500,63.06,-0.01363780526482715,0.042772062804547914
4340500,63.28,-0.015170670037926675,0.05337690631808279
4341500,63.62,-0.004086765168186105,0.06542056074766354
4342500,63.22,0.0034799114204365706,0.06688417618270799
4343500,64.48,-0.0012406947890818859,0.05292792792792793
4344500,64.62,-0.01887960383782111,0.059355568117580554
4345500,63.959999999999994,-0.023139462163852407,0.05993340732519423
4346500,63.9,-0.03286384976525822,0.0703601108033241
4347500,63.63999999999999,-0.03771213073538655,0.0627062706270627
4348500,63.2,-0.01708860759493671,0.06956521739130435
4349500,63.75999999999999,-0.0075282308657465494,0.08057395143487858
4350500,63.56,0.016991818753933293,0.11086717892425905
4351500,64.86,-0.04902867715078631,0.14285714285714285
4352500,64.72,-0.03955500618046971,0.13945578231292516
4353500,65.32,-0.029393753827311696,0.09803921568627451
4354500,64.56,-0.01982651796778191,0.06433408577878104
4355500,65.74,-0.0495892911469425,0.040280210157618214
4356500,66.24,0.018719806763285024,-0.018957345971563982
4357500,66.34,0.015978293638830268,-0.07427213309566251
4358500,66.52,-0.02465423932651834,-0.04659498207885305
4359500,66.2,-0.038066465256797584,-0.07928994082840236
4360500,65.82000000000001,-0.03372835004557885,-0.10356933879461673
4361500,64.98,-0.04401354262850108,-0.0759565962307253
4362500,65.53999999999999,-0.04058590173939579,-0.038885664538595474
4363500,64.32,-0.016791044776119403,-0.06278026905829596
4364500,65.06,-0.030433446049800184,-0.021179164281625643
4365500,64.94,-0.0317215891592239,-0.017683970336565887
4366500,64.64,-0.04393564356435643,-0.021493212669683258
4367500,65.25999999999999,-0.04259883542752069,-0.033966609096142776
4368500,66.47999999999999,-0.05415162454873646,0.046539379474940336
4369500,66.14,-0.05594194133655882,0.06438275251033668
4370500,64.92,-0.04990757855822551,0.06043329532497149
4371500,64.72,-0.04326328800988875,0.04421768707482993
4372500,64.16,-0.06546134663341646,0.029017857142857144
4373500,64.75999999999999,-0.05806053119209389,-0.019296254256526674
4374500,64.75999999999999,-0.04694255713403336,-0.04540295119182747
4375500,65.74,-0.06540918770915728,-0.049620548744892
4376500,64.62,-0.05911482513153822,-0.059355568117580554
4377500,65.03999999999999,-0.07011070110701106,-0.02631578947368421
4378500,64.56,-0.0762081784386617,-0.004514672686230248
4379500,65.88000000000001,-0.0692167577413479,0.005861664712778429
4380500,66.60000000000001,-0.04864864864864865,-0.010778443113772455
4381500,68.16,-0.06279342723004695,-0.016331658291457288
4382500,68.28,-0.043350908025776215,-0.03656998738965952
4383500,68.62,-0.030603322646458757,-0.06309751434034416
4384500,67.28,-0.032699167657550536,-0.07579462102689487
4385500,64.72,-0.057478368355995055,-0.04308390022675737
4386500,63.739999999999995,-0.022905553812362724,-0.0568119139547711
4387500,63.3,-0.03380726698262243,-0.061580381471389646
4388500,63.660000000000004,-0.08639648130694313,-0.018161805173362685
4389500,64.8,-0.09753086419753086,-0.010227272727272727
4390500,66.9,-0.09177877428998506,-0.0030211480362537764
4391500,67.52,-0.1018957345971564,0.04310344827586207
4392500,68.30000000000001,-0.10688140556368961,0.06750788643533123
4393500,68.0,-0.07823529411764706,0.02375
4394500,67.88,-0.06423099587507367,0.0161892901618929
4395500,67.66,-0.050546851906591785,-0.03153988868274583
4396500,68.26,-0.055376501611485496,-0.0573408947700063
4397500,67.97999999999999,-0.050897322741982935,-0.05434103685196752
4398500,68.02,-0.03734195824757424,-0.04815509693558474
4399500,68.28,-0.04803749267721148,-0.04791929382093316
4400500,68.12,-0.05049911920140928,0.0037641154328732747
4401500,66.86,-0.04636553993419085,0.010259505129752565
4402500,65.7,-0.039878234398782346,-0.0005830903790087463
4403500,64.4,-0.04161490683229813,-0.02247191011235955
4404500,63.1,-0.02377179080824089,-0.018970189701897018
4405500,63.28,-0.029077117572692796,-0.046840958605664486
4406500,63.660000000000004,-0.06377631165567076,-0.0720968629609246
4407500,63.28,-0.05815423514538559,-0.06971677559912855
4408500,63.04,-0.07614213197969544,-0.03787878787878788
